episode_id,predicted_patient_id,priority,reason,reason_local_lang,recommended_action,recommended_action_local_lang,assigned_cadre,feedback_status_link
E0005449,P003486,P1,previous low medicine collection; previous missed reviews,पहले दवा कम लेने का इतिहास; पहले समीक्षा मिस करने का इतिहास,"Contact patient within 48h; confirm medicine availability at facility; facilitate pickup/home delivery; if stock-out confirmed, escalate to facility in-charge (system barrier, not patient non-adherence)","48 घंटे के भीतर मरीज से संपर्क करें; अस्पताल में दवा की उपलब्धता की पुष्टि करें; दवा लेने में सहायता करें; यदि दवा नहीं है, तो सुविधा प्रभारी को सूचित करें (सिस्टम बाधा)।",ASHA,https://api.carejourney.example.com/status-update?episode=E0005449
E0005165,P003283,P1,previous low medicine collection; previous missed reviews; previously unreachable on outreach,पहले दवा कम लेने का इतिहास; पहले समीक्षा मिस करने का इतिहास; पहले आउटरीच पर संपर्क नहीं हो पाया,"Contact patient within 48h; confirm medicine availability at facility; facilitate pickup/home delivery; if stock-out confirmed, escalate to facility in-charge (system barrier, not patient non-adherence)","48 घंटे के भीतर मरीज से संपर्क करें; अस्पताल में दवा की उपलब्धता की पुष्टि करें; दवा लेने में सहायता करें; यदि दवा नहीं है, तो सुविधा प्रभारी को सूचित करें (सिस्टम बाधा)।",ASHA,https://api.carejourney.example.com/status-update?episode=E0005165
E0001808,P001173,P1,previous missed reviews,पहले समीक्षा मिस करने का इतिहास,"Contact patient within 48h; confirm medicine availability at facility; facilitate pickup/home delivery; if stock-out confirmed, escalate to facility in-charge (system barrier, not patient non-adherence)","48 घंटे के भीतर मरीज से संपर्क करें; अस्पताल में दवा की उपलब्धता की पुष्टि करें; दवा लेने में सहायता करें; यदि दवा नहीं है, तो सुविधा प्रभारी को सूचित करें (सिस्टम बाधा)।",ASHA,https://api.carejourney.example.com/status-update?episode=E0001808
E0001197,P000743,P1,advised care components with limited follow-up history,सीमित फॉलो-अप इतिहास,"Contact patient within 48h; confirm medicine availability at facility; facilitate pickup/home delivery; if stock-out confirmed, escalate to facility in-charge (system barrier, not patient non-adherence)","48 घंटे के भीतर मरीज से संपर्क करें; अस्पताल में दवा की उपलब्धता की पुष्टि करें; दवा लेने में सहायता करें; यदि दवा नहीं है, तो सुविधा प्रभारी को सूचित करें (सिस्टम बाधा)।",ASHA,https://api.carejourney.example.com/status-update?episode=E0001197
E0000498,P000289,P1,previous missed reviews,पहले समीक्षा मिस करने का इतिहास,"Contact patient within 48h; confirm medicine availability at facility; facilitate pickup/home delivery; if stock-out confirmed, escalate to facility in-charge (system barrier, not patient non-adherence)","48 घंटे के भीतर मरीज से संपर्क करें; अस्पताल में दवा की उपलब्धता की पुष्टि करें; दवा लेने में सहायता करें; यदि दवा नहीं है, तो सुविधा प्रभारी को सूचित करें (सिस्टम बाधा)।",ASHA,https://api.carejourney.example.com/status-update?episode=E0000498
E0002951,P001873,P1,previous missed reviews; previously unreachable on outreach,पहले समीक्षा मिस करने का इतिहास; पहले आउटरीच पर संपर्क नहीं हो पाया,"Contact patient within 48h; confirm medicine availability at facility; facilitate pickup/home delivery; if stock-out confirmed, escalate to facility in-charge (system barrier, not patient non-adherence)","48 घंटे के भीतर मरीज से संपर्क करें; अस्पताल में दवा की उपलब्धता की पुष्टि करें; दवा लेने में सहायता करें; यदि दवा नहीं है, तो सुविधा प्रभारी को सूचित करें (सिस्टम बाधा)।",ASHA,https://api.carejourney.example.com/status-update?episode=E0002951
E0004508,P002825,P2,advised care components with limited follow-up history,सीमित फॉलो-अप इतिहास,"Contact patient within 48h; confirm medicine availability at facility; facilitate pickup/home delivery; if stock-out confirmed, escalate to facility in-charge (system barrier, not patient non-adherence)","48 घंटे के भीतर मरीज से संपर्क करें; अस्पताल में दवा की उपलब्धता की पुष्टि करें; दवा लेने में सहायता करें; यदि दवा नहीं है, तो सुविधा प्रभारी को सूचित करें (सिस्टम बाधा)।",ASHA,https://api.carejourney.example.com/status-update?episode=E0004508
E0003471,P002205,P2,previous missed reviews,पहले समीक्षा मिस करने का इतिहास,"Contact patient within 48h; confirm medicine availability at facility; facilitate pickup/home delivery; if stock-out confirmed, escalate to facility in-charge (system barrier, not patient non-adherence)","48 घंटे के भीतर मरीज से संपर्क करें; अस्पताल में दवा की उपलब्धता की पुष्टि करें; दवा लेने में सहायता करें; यदि दवा नहीं है, तो सुविधा प्रभारी को सूचित करें (सिस्टम बाधा)।",ASHA,https://api.carejourney.example.com/status-update?episode=E0003471
E0002250,P001430,P2,previous low medicine collection; previous missed reviews,पहले दवा कम लेने का इतिहास; पहले समीक्षा मिस करने का इतिहास,"Contact patient within 48h; confirm medicine availability at facility; facilitate pickup/home delivery; if stock-out confirmed, escalate to facility in-charge (system barrier, not patient non-adherence)","48 घंटे के भीतर मरीज से संपर्क करें; अस्पताल में दवा की उपलब्धता की पुष्टि करें; दवा लेने में सहायता करें; यदि दवा नहीं है, तो सुविधा प्रभारी को सूचित करें (सिस्टम बाधा)।",ASHA,https://api.carejourney.example.com/status-update?episode=E0002250
E0000652,P000381,P2,previous missed reviews,पहले समीक्षा मिस करने का इतिहास,"Contact patient within 48h; confirm medicine availability at facility; facilitate pickup/home delivery; if stock-out confirmed, escalate to facility in-charge (system barrier, not patient non-adherence)","48 घंटे के भीतर मरीज से संपर्क करें; अस्पताल में दवा की उपलब्धता की पुष्टि करें; दवा लेने में सहायता करें; यदि दवा नहीं है, तो सुविधा प्रभारी को सूचित करें (सिस्टम बाधा)।",ASHA,https://api.carejourney.example.com/status-update?episode=E0000652
E0003949,P002482,P4_OVERFLOW,previous low medicine collection,पहले दवा कम लेने का इतिहास,"Contact patient within 48h; confirm medicine availability at facility; facilitate pickup/home delivery; if stock-out confirmed, escalate to facility in-charge (system barrier, not patient non-adherence)","48 घंटे के भीतर मरीज से संपर्क करें; अस्पताल में दवा की उपलब्धता की पुष्टि करें; दवा लेने में सहायता करें; यदि दवा नहीं है, तो सुविधा प्रभारी को सूचित करें (सिस्टम बाधा)।",TELECALL_OVERFLOW,https://api.carejourney.example.com/status-update?episode=E0003949
E0004712,P002975,P4_OVERFLOW,previous missed reviews; previously unreachable on outreach,पहले समीक्षा मिस करने का इतिहास; पहले आउटरीच पर संपर्क नहीं हो पाया,"Contact patient within 48h; confirm medicine availability at facility; facilitate pickup/home delivery; if stock-out confirmed, escalate to facility in-charge (system barrier, not patient non-adherence)","48 घंटे के भीतर मरीज से संपर्क करें; अस्पताल में दवा की उपलब्धता की पुष्टि करें; दवा लेने में सहायता करें; यदि दवा नहीं है, तो सुविधा प्रभारी को सूचित करें (सिस्टम बाधा)।",TELECALL_OVERFLOW,https://api.carejourney.example.com/status-update?episode=E0004712
E0000303,P000172,P4_OVERFLOW,advised care components with limited follow-up history,सीमित फॉलो-अप इतिहास,"Contact patient within 48h; confirm medicine availability at facility; facilitate pickup/home delivery; if stock-out confirmed, escalate to facility in-charge (system barrier, not patient non-adherence)","48 घंटे के भीतर मरीज से संपर्क करें; अस्पताल में दवा की उपलब्धता की पुष्टि करें; दवा लेने में सहायता करें; यदि दवा नहीं है, तो सुविधा प्रभारी को सूचित करें (सिस्टम बाधा)।",TELECALL_OVERFLOW,https://api.carejourney.example.com/status-update?episode=E0000303
E0000869,P000505,P4_OVERFLOW,advised care components with limited follow-up history,सीमित फॉलो-अप इतिहास,"Contact patient within 48h; confirm medicine availability at facility; facilitate pickup/home delivery; if stock-out confirmed, escalate to facility in-charge (system barrier, not patient non-adherence)","48 घंटे के भीतर मरीज से संपर्क करें; अस्पताल में दवा की उपलब्धता की पुष्टि करें; दवा लेने में सहायता करें; यदि दवा नहीं है, तो सुविधा प्रभारी को सूचित करें (सिस्टम बाधा)।",TELECALL_OVERFLOW,https://api.carejourney.example.com/status-update?episode=E0000869
E0000263,P000151,P4_OVERFLOW,advised care components with limited follow-up history,सीमित फॉलो-अप इतिहास,"Contact patient within 48h; confirm medicine availability at facility; facilitate pickup/home delivery; if stock-out confirmed, escalate to facility in-charge (system barrier, not patient non-adherence)","48 घंटे के भीतर मरीज से संपर्क करें; अस्पताल में दवा की उपलब्धता की पुष्टि करें; दवा लेने में सहायता करें; यदि दवा नहीं है, तो सुविधा प्रभारी को सूचित करें (सिस्टम बाधा)।",TELECALL_OVERFLOW,https://api.carejourney.example.com/status-update?episode=E0000263
E0004680,P002951,P4_OVERFLOW,previous missed reviews; previously unreachable on outreach,पहले समीक्षा मिस करने का इतिहास; पहले आउटरीच पर संपर्क नहीं हो पाया,"Contact patient within 48h; confirm medicine availability at facility; facilitate pickup/home delivery; if stock-out confirmed, escalate to facility in-charge (system barrier, not patient non-adherence)","48 घंटे के भीतर मरीज से संपर्क करें; अस्पताल में दवा की उपलब्धता की पुष्टि करें; दवा लेने में सहायता करें; यदि दवा नहीं है, तो सुविधा प्रभारी को सूचित करें (सिस्टम बाधा)।",TELECALL_OVERFLOW,https://api.carejourney.example.com/status-update?episode=E0004680
E0000189,P000110,P4_OVERFLOW,advised care components with limited follow-up history,सीमित फॉलो-अप इतिहास,"Contact patient within 48h; confirm medicine availability at facility; facilitate pickup/home delivery; if stock-out confirmed, escalate to facility in-charge (system barrier, not patient non-adherence)","48 घंटे के भीतर मरीज से संपर्क करें; अस्पताल में दवा की उपलब्धता की पुष्टि करें; दवा लेने में सहायता करें; यदि दवा नहीं है, तो सुविधा प्रभारी को सूचित करें (सिस्टम बाधा)।",TELECALL_OVERFLOW,https://api.carejourney.example.com/status-update?episode=E0000189
E0004535,P002845,P4_OVERFLOW,previous low medicine collection; previous missed reviews,पहले दवा कम लेने का इतिहास; पहले समीक्षा मिस करने का इतिहास,"Contact patient within 48h; confirm medicine availability at facility; facilitate pickup/home delivery; if stock-out confirmed, escalate to facility in-charge (system barrier, not patient non-adherence)","48 घंटे के भीतर मरीज से संपर्क करें; अस्पताल में दवा की उपलब्धता की पुष्टि करें; दवा लेने में सहायता करें; यदि दवा नहीं है, तो सुविधा प्रभारी को सूचित करें (सिस्टम बाधा)।",TELECALL_OVERFLOW,https://api.carejourney.example.com/status-update?episode=E0004535
E0001788,P001153,P4_OVERFLOW,previous low medicine collection,पहले दवा कम लेने का इतिहास,"Contact patient within 48h; confirm medicine availability at facility; facilitate pickup/home delivery; if stock-out confirmed, escalate to facility in-charge (system barrier, not patient non-adherence)","48 घंटे के भीतर मरीज से संपर्क करें; अस्पताल में दवा की उपलब्धता की पुष्टि करें; दवा लेने में सहायता करें; यदि दवा नहीं है, तो सुविधा प्रभारी को सूचित करें (सिस्टम बाधा)।",TELECALL_OVERFLOW,https://api.carejourney.example.com/status-update?episode=E0001788
E0001565,P001020,P4_OVERFLOW,advised care components with limited follow-up history,सीमित फॉलो-अप इतिहास,"Contact patient within 48h; confirm medicine availability at facility; facilitate pickup/home delivery; if stock-out confirmed, escalate to facility in-charge (system barrier, not patient non-adherence)","48 घंटे के भीतर मरीज से संपर्क करें; अस्पताल में दवा की उपलब्धता की पुष्टि करें; दवा लेने में सहायता करें; यदि दवा नहीं है, तो सुविधा प्रभारी को सूचित करें (सिस्टम बाधा)।",TELECALL_OVERFLOW,https://api.carejourney.example.com/status-update?episode=E0001565
E0003304,P002093,P4_OVERFLOW,previous missed reviews,पहले समीक्षा मिस करने का इतिहास,"Contact patient within 48h; confirm medicine availability at facility; facilitate pickup/home delivery; if stock-out confirmed, escalate to facility in-charge (system barrier, not patient non-adherence)","48 घंटे के भीतर मरीज से संपर्क करें; अस्पताल में दवा की उपलब्धता की पुष्टि करें; दवा लेने में सहायता करें; यदि दवा नहीं है, तो सुविधा प्रभारी को सूचित करें (सिस्टम बाधा)।",TELECALL_OVERFLOW,https://api.carejourney.example.com/status-update?episode=E0003304
E0001609,P001040,P4_OVERFLOW,previous low medicine collection,पहले दवा कम लेने का इतिहास,"Contact patient within 48h; confirm medicine availability at facility; facilitate pickup/home delivery; if stock-out confirmed, escalate to facility in-charge (system barrier, not patient non-adherence)","48 घंटे के भीतर मरीज से संपर्क करें; अस्पताल में दवा की उपलब्धता की पुष्टि करें; दवा लेने में सहायता करें; यदि दवा नहीं है, तो सुविधा प्रभारी को सूचित करें (सिस्टम बाधा)।",TELECALL_OVERFLOW,https://api.carejourney.example.com/status-update?episode=E0001609
E0003368,P002134,P4_OVERFLOW,advised care components with limited follow-up history,सीमित फॉलो-अप इतिहास,Call with test details and where to go; assist scheduling; arrange transport guidance; re-check completion after 7 days,टेस्ट के विवरण और स्थान की जानकारी के लिए कॉल करें; शेड्यूलिंग में सहायता करें; 7 दिनों के बाद पुनः जांच करें।,TELECALL_OVERFLOW,https://api.carejourney.example.com/status-update?episode=E0003368
E0004731,P002986,P4_OVERFLOW,advised care components with limited follow-up history,सीमित फॉलो-अप इतिहास,"Contact patient within 48h; confirm medicine availability at facility; facilitate pickup/home delivery; if stock-out confirmed, escalate to facility in-charge (system barrier, not patient non-adherence)","48 घंटे के भीतर मरीज से संपर्क करें; अस्पताल में दवा की उपलब्धता की पुष्टि करें; दवा लेने में सहायता करें; यदि दवा नहीं है, तो सुविधा प्रभारी को सूचित करें (सिस्टम बाधा)।",TELECALL_OVERFLOW,https://api.carejourney.example.com/status-update?episode=E0004731
E0000705,,P4_OVERFLOW,advised care components with limited follow-up history,सीमित फॉलो-अप इतिहास,Call with test details and where to go; assist scheduling; arrange transport guidance; re-check completion after 7 days,टेस्ट के विवरण और स्थान की जानकारी के लिए कॉल करें; शेड्यूलिंग में सहायता करें; 7 दिनों के बाद पुनः जांच करें।,TELECALL_OVERFLOW,https://api.carejourney.example.com/status-update?episode=E0000705
E0000970,P000589,P4_OVERFLOW,previous missed reviews,पहले समीक्षा मिस करने का इतिहास,Call with test details and where to go; assist scheduling; arrange transport guidance; re-check completion after 7 days,टेस्ट के विवरण और स्थान की जानकारी के लिए कॉल करें; शेड्यूलिंग में सहायता करें; 7 दिनों के बाद पुनः जांच करें।,TELECALL_OVERFLOW,https://api.carejourney.example.com/status-update?episode=E0000970
E0004885,P003097,P4_OVERFLOW,previous missed reviews,पहले समीक्षा मिस करने का इतिहास,Reminder before review due date; help book review slot; home visit if unreachable; follow up within 3 days of missed review,समीक्षा की तारीख से पहले याद दिलाएं; स्लॉट बुक करने में मदद करें; समीक्षा मिस होने के 3 दिनों के भीतर फॉलो-अप करें।,TELECALL_OVERFLOW,https://api.carejourney.example.com/status-update?episode=E0004885
E0001933,P001241,P4_OVERFLOW,previous missed reviews,पहले समीक्षा मिस करने का इतिहास,Reminder before review due date; help book review slot; home visit if unreachable; follow up within 3 days of missed review,समीक्षा की तारीख से पहले याद दिलाएं; स्लॉट बुक करने में मदद करें; समीक्षा मिस होने के 3 दिनों के भीतर फॉलो-अप करें।,TELECALL_OVERFLOW,https://api.carejourney.example.com/status-update?episode=E0001933
E0001589,P001029,P4_OVERFLOW,advised care components with limited follow-up history,सीमित फॉलो-अप इतिहास,Call with test details and where to go; assist scheduling; arrange transport guidance; re-check completion after 7 days,टेस्ट के विवरण और स्थान की जानकारी के लिए कॉल करें; शेड्यूलिंग में सहायता करें; 7 दिनों के बाद पुनः जांच करें।,TELECALL_OVERFLOW,https://api.carejourney.example.com/status-update?episode=E0001589
E0003969,P002497,P4_OVERFLOW,advised care components with limited follow-up history,सीमित फॉलो-अप इतिहास,Call with test details and where to go; assist scheduling; arrange transport guidance; re-check completion after 7 days,टेस्ट के विवरण और स्थान की जानकारी के लिए कॉल करें; शेड्यूलिंग में सहायता करें; 7 दिनों के बाद पुनः जांच करें।,TELECALL_OVERFLOW,https://api.carejourney.example.com/status-update?episode=E0003969
E0001143,P000707,P4_OVERFLOW,previous missed reviews,पहले समीक्षा मिस करने का इतिहास,Reminder before review due date; help book review slot; home visit if unreachable; follow up within 3 days of missed review,समीक्षा की तारीख से पहले याद दिलाएं; स्लॉट बुक करने में मदद करें; समीक्षा मिस होने के 3 दिनों के भीतर फॉलो-अप करें।,TELECALL_OVERFLOW,https://api.carejourney.example.com/status-update?episode=E0001143
E0002789,P001779,P4_OVERFLOW,advised care components with limited follow-up history,सीमित फॉलो-अप इतिहास,Call with test details and where to go; assist scheduling; arrange transport guidance; re-check completion after 7 days,टेस्ट के विवरण और स्थान की जानकारी के लिए कॉल करें; शेड्यूलिंग में सहायता करें; 7 दिनों के बाद पुनः जांच करें।,TELECALL_OVERFLOW,https://api.carejourney.example.com/status-update?episode=E0002789
E0003769,P002380,P4_OVERFLOW,previous missed reviews,पहले समीक्षा मिस करने का इतिहास,Reminder before review due date; help book review slot; home visit if unreachable; follow up within 3 days of missed review,समीक्षा की तारीख से पहले याद दिलाएं; स्लॉट बुक करने में मदद करें; समीक्षा मिस होने के 3 दिनों के भीतर फॉलो-अप करें।,TELECALL_OVERFLOW,https://api.carejourney.example.com/status-update?episode=E0003769
E0000514,P000299,P4_OVERFLOW,advised care components with limited follow-up history,सीमित फॉलो-अप इतिहास,Call with test details and where to go; assist scheduling; arrange transport guidance; re-check completion after 7 days,टेस्ट के विवरण और स्थान की जानकारी के लिए कॉल करें; शेड्यूलिंग में सहायता करें; 7 दिनों के बाद पुनः जांच करें।,TELECALL_OVERFLOW,https://api.carejourney.example.com/status-update?episode=E0000514
E0000807,P000475,P1,long facility distance (39 km); previously unreachable on outreach; previous incomplete tests,अस्पताल की अधिक दूरी (39 किमी); पहले आउटरीच पर संपर्क नहीं हो पाया; पहले अधूरे टेस्ट,"Contact patient within 48h; confirm medicine availability at facility; facilitate pickup/home delivery; if stock-out confirmed, escalate to facility in-charge (system barrier, not patient non-adherence)","48 घंटे के भीतर मरीज से संपर्क करें; अस्पताल में दवा की उपलब्धता की पुष्टि करें; दवा लेने में सहायता करें; यदि दवा नहीं है, तो सुविधा प्रभारी को सूचित करें (सिस्टम बाधा)।",ASHA,https://api.carejourney.example.com/status-update?episode=E0000807
E0004214,P002649,P1,long facility distance (39 km); previously unreachable on outreach,अस्पताल की अधिक दूरी (39 किमी); पहले आउटरीच पर संपर्क नहीं हो पाया,"Contact patient within 48h; confirm medicine availability at facility; facilitate pickup/home delivery; if stock-out confirmed, escalate to facility in-charge (system barrier, not patient non-adherence)","48 घंटे के भीतर मरीज से संपर्क करें; अस्पताल में दवा की उपलब्धता की पुष्टि करें; दवा लेने में सहायता करें; यदि दवा नहीं है, तो सुविधा प्रभारी को सूचित करें (सिस्टम बाधा)।",ASHA,https://api.carejourney.example.com/status-update?episode=E0004214
E0002629,P001667,P1,long facility distance (39 km); previous low medicine collection,अस्पताल की अधिक दूरी (39 किमी); पहले दवा कम लेने का इतिहास,"Contact patient within 48h; confirm medicine availability at facility; facilitate pickup/home delivery; if stock-out confirmed, escalate to facility in-charge (system barrier, not patient non-adherence)","48 घंटे के भीतर मरीज से संपर्क करें; अस्पताल में दवा की उपलब्धता की पुष्टि करें; दवा लेने में सहायता करें; यदि दवा नहीं है, तो सुविधा प्रभारी को सूचित करें (सिस्टम बाधा)।",ASHA,https://api.carejourney.example.com/status-update?episode=E0002629
E0003381,P002144,P1,long facility distance (39 km); previous low medicine collection,अस्पताल की अधिक दूरी (39 किमी); पहले दवा कम लेने का इतिहास,"Contact patient within 48h; confirm medicine availability at facility; facilitate pickup/home delivery; if stock-out confirmed, escalate to facility in-charge (system barrier, not patient non-adherence)","48 घंटे के भीतर मरीज से संपर्क करें; अस्पताल में दवा की उपलब्धता की पुष्टि करें; दवा लेने में सहायता करें; यदि दवा नहीं है, तो सुविधा प्रभारी को सूचित करें (सिस्टम बाधा)।",ASHA,https://api.carejourney.example.com/status-update?episode=E0003381
E0000148,P000088,P1,long facility distance (29 km),अस्पताल की अधिक दूरी (29 किमी),"Contact patient within 48h; confirm medicine availability at facility; facilitate pickup/home delivery; if stock-out confirmed, escalate to facility in-charge (system barrier, not patient non-adherence)","48 घंटे के भीतर मरीज से संपर्क करें; अस्पताल में दवा की उपलब्धता की पुष्टि करें; दवा लेने में सहायता करें; यदि दवा नहीं है, तो सुविधा प्रभारी को सूचित करें (सिस्टम बाधा)।",ASHA,https://api.carejourney.example.com/status-update?episode=E0000148
E0000515,P000300,P1,long facility distance (39 km); previously unreachable on outreach,अस्पताल की अधिक दूरी (39 किमी); पहले आउटरीच पर संपर्क नहीं हो पाया,"Contact patient within 48h; confirm medicine availability at facility; facilitate pickup/home delivery; if stock-out confirmed, escalate to facility in-charge (system barrier, not patient non-adherence)","48 घंटे के भीतर मरीज से संपर्क करें; अस्पताल में दवा की उपलब्धता की पुष्टि करें; दवा लेने में सहायता करें; यदि दवा नहीं है, तो सुविधा प्रभारी को सूचित करें (सिस्टम बाधा)।",ASHA,https://api.carejourney.example.com/status-update?episode=E0000515
E0004575,P002876,P1,advised care components with limited follow-up history,सीमित फॉलो-अप इतिहास,"Contact patient within 48h; confirm medicine availability at facility; facilitate pickup/home delivery; if stock-out confirmed, escalate to facility in-charge (system barrier, not patient non-adherence)","48 घंटे के भीतर मरीज से संपर्क करें; अस्पताल में दवा की उपलब्धता की पुष्टि करें; दवा लेने में सहायता करें; यदि दवा नहीं है, तो सुविधा प्रभारी को सूचित करें (सिस्टम बाधा)।",ASHA,https://api.carejourney.example.com/status-update?episode=E0004575
E0005492,P003506,P1,long facility distance (39 km); previously unreachable on outreach,अस्पताल की अधिक दूरी (39 किमी); पहले आउटरीच पर संपर्क नहीं हो पाया,"Contact patient within 48h; confirm medicine availability at facility; facilitate pickup/home delivery; if stock-out confirmed, escalate to facility in-charge (system barrier, not patient non-adherence)","48 घंटे के भीतर मरीज से संपर्क करें; अस्पताल में दवा की उपलब्धता की पुष्टि करें; दवा लेने में सहायता करें; यदि दवा नहीं है, तो सुविधा प्रभारी को सूचित करें (सिस्टम बाधा)।",ASHA,https://api.carejourney.example.com/status-update?episode=E0005492
E0003150,P001983,P1,long facility distance (39 km); previous missed reviews,अस्पताल की अधिक दूरी (39 किमी); पहले समीक्षा मिस करने का इतिहास,"Contact patient within 48h; confirm medicine availability at facility; facilitate pickup/home delivery; if stock-out confirmed, escalate to facility in-charge (system barrier, not patient non-adherence)","48 घंटे के भीतर मरीज से संपर्क करें; अस्पताल में दवा की उपलब्धता की पुष्टि करें; दवा लेने में सहायता करें; यदि दवा नहीं है, तो सुविधा प्रभारी को सूचित करें (सिस्टम बाधा)।",ASHA,https://api.carejourney.example.com/status-update?episode=E0003150
E0003930,P002471,P1,previous missed reviews,पहले समीक्षा मिस करने का इतिहास,"Contact patient within 48h; confirm medicine availability at facility; facilitate pickup/home delivery; if stock-out confirmed, escalate to facility in-charge (system barrier, not patient non-adherence)","48 घंटे के भीतर मरीज से संपर्क करें; अस्पताल में दवा की उपलब्धता की पुष्टि करें; दवा लेने में सहायता करें; यदि दवा नहीं है, तो सुविधा प्रभारी को सूचित करें (सिस्टम बाधा)।",ASHA,https://api.carejourney.example.com/status-update?episode=E0003930
E0002776,P001767,P4_OVERFLOW,long facility distance (39 km); previously unreachable on outreach,अस्पताल की अधिक दूरी (39 किमी); पहले आउटरीच पर संपर्क नहीं हो पाया,"Contact patient within 48h; confirm medicine availability at facility; facilitate pickup/home delivery; if stock-out confirmed, escalate to facility in-charge (system barrier, not patient non-adherence)","48 घंटे के भीतर मरीज से संपर्क करें; अस्पताल में दवा की उपलब्धता की पुष्टि करें; दवा लेने में सहायता करें; यदि दवा नहीं है, तो सुविधा प्रभारी को सूचित करें (सिस्टम बाधा)।",TELECALL_OVERFLOW,https://api.carejourney.example.com/status-update?episode=E0002776
E0000448,,P4_OVERFLOW,long facility distance (39 km),अस्पताल की अधिक दूरी (39 किमी),"Contact patient within 48h; confirm medicine availability at facility; facilitate pickup/home delivery; if stock-out confirmed, escalate to facility in-charge (system barrier, not patient non-adherence)","48 घंटे के भीतर मरीज से संपर्क करें; अस्पताल में दवा की उपलब्धता की पुष्टि करें; दवा लेने में सहायता करें; यदि दवा नहीं है, तो सुविधा प्रभारी को सूचित करें (सिस्टम बाधा)।",TELECALL_OVERFLOW,https://api.carejourney.example.com/status-update?episode=E0000448
E0001564,P001019,P4_OVERFLOW,long facility distance (39 km); previous low medicine collection; previous missed reviews,अस्पताल की अधिक दूरी (39 किमी); पहले दवा कम लेने का इतिहास; पहले समीक्षा मिस करने का इतिहास,"Contact patient within 48h; confirm medicine availability at facility; facilitate pickup/home delivery; if stock-out confirmed, escalate to facility in-charge (system barrier, not patient non-adherence)","48 घंटे के भीतर मरीज से संपर्क करें; अस्पताल में दवा की उपलब्धता की पुष्टि करें; दवा लेने में सहायता करें; यदि दवा नहीं है, तो सुविधा प्रभारी को सूचित करें (सिस्टम बाधा)।",TELECALL_OVERFLOW,https://api.carejourney.example.com/status-update?episode=E0001564
E0002419,P001544,P4_OVERFLOW,previous missed reviews,पहले समीक्षा मिस करने का इतिहास,"Contact patient within 48h; confirm medicine availability at facility; facilitate pickup/home delivery; if stock-out confirmed, escalate to facility in-charge (system barrier, not patient non-adherence)","48 घंटे के भीतर मरीज से संपर्क करें; अस्पताल में दवा की उपलब्धता की पुष्टि करें; दवा लेने में सहायता करें; यदि दवा नहीं है, तो सुविधा प्रभारी को सूचित करें (सिस्टम बाधा)।",TELECALL_OVERFLOW,https://api.carejourney.example.com/status-update?episode=E0002419
E0005156,P003274,P4_OVERFLOW,long facility distance (29 km),अस्पताल की अधिक दूरी (29 किमी),"Contact patient within 48h; confirm medicine availability at facility; facilitate pickup/home delivery; if stock-out confirmed, escalate to facility in-charge (system barrier, not patient non-adherence)","48 घंटे के भीतर मरीज से संपर्क करें; अस्पताल में दवा की उपलब्धता की पुष्टि करें; दवा लेने में सहायता करें; यदि दवा नहीं है, तो सुविधा प्रभारी को सूचित करें (सिस्टम बाधा)।",TELECALL_OVERFLOW,https://api.carejourney.example.com/status-update?episode=E0005156
E0004235,P002660,P4_OVERFLOW,long facility distance (29 km),अस्पताल की अधिक दूरी (29 किमी),"Contact patient within 48h; confirm medicine availability at facility; facilitate pickup/home delivery; if stock-out confirmed, escalate to facility in-charge (system barrier, not patient non-adherence)","48 घंटे के भीतर मरीज से संपर्क करें; अस्पताल में दवा की उपलब्धता की पुष्टि करें; दवा लेने में सहायता करें; यदि दवा नहीं है, तो सुविधा प्रभारी को सूचित करें (सिस्टम बाधा)।",TELECALL_OVERFLOW,https://api.carejourney.example.com/status-update?episode=E0004235
E0005314,P003377,P4_OVERFLOW,previous low medicine collection; previous missed reviews,पहले दवा कम लेने का इतिहास; पहले समीक्षा मिस करने का इतिहास,"Contact patient within 48h; confirm medicine availability at facility; facilitate pickup/home delivery; if stock-out confirmed, escalate to facility in-charge (system barrier, not patient non-adherence)","48 घंटे के भीतर मरीज से संपर्क करें; अस्पताल में दवा की उपलब्धता की पुष्टि करें; दवा लेने में सहायता करें; यदि दवा नहीं है, तो सुविधा प्रभारी को सूचित करें (सिस्टम बाधा)।",TELECALL_OVERFLOW,https://api.carejourney.example.com/status-update?episode=E0005314
E0000898,P000532,P4_OVERFLOW,long facility distance (29 km); previous missed reviews,अस्पताल की अधिक दूरी (29 किमी); पहले समीक्षा मिस करने का इतिहास,"Contact patient within 48h; confirm medicine availability at facility; facilitate pickup/home delivery; if stock-out confirmed, escalate to facility in-charge (system barrier, not patient non-adherence)","48 घंटे के भीतर मरीज से संपर्क करें; अस्पताल में दवा की उपलब्धता की पुष्टि करें; दवा लेने में सहायता करें; यदि दवा नहीं है, तो सुविधा प्रभारी को सूचित करें (सिस्टम बाधा)।",TELECALL_OVERFLOW,https://api.carejourney.example.com/status-update?episode=E0000898
E0001006,P000615,P4_OVERFLOW,long facility distance (39 km); previously unreachable on outreach,अस्पताल की अधिक दूरी (39 किमी); पहले आउटरीच पर संपर्क नहीं हो पाया,"Contact patient within 48h; confirm medicine availability at facility; facilitate pickup/home delivery; if stock-out confirmed, escalate to facility in-charge (system barrier, not patient non-adherence)","48 घंटे के भीतर मरीज से संपर्क करें; अस्पताल में दवा की उपलब्धता की पुष्टि करें; दवा लेने में सहायता करें; यदि दवा नहीं है, तो सुविधा प्रभारी को सूचित करें (सिस्टम बाधा)।",TELECALL_OVERFLOW,https://api.carejourney.example.com/status-update?episode=E0001006
E0003010,P001910,P4_OVERFLOW,long facility distance (29 km),अस्पताल की अधिक दूरी (29 किमी),Call with test details and where to go; assist scheduling; arrange transport guidance; re-check completion after 7 days,टेस्ट के विवरण और स्थान की जानकारी के लिए कॉल करें; शेड्यूलिंग में सहायता करें; 7 दिनों के बाद पुनः जांच करें।,TELECALL_OVERFLOW,https://api.carejourney.example.com/status-update?episode=E0003010
E0000583,P000336,P4_OVERFLOW,previously unreachable on outreach,पहले आउटरीच पर संपर्क नहीं हो पाया,Call with test details and where to go; assist scheduling; arrange transport guidance; re-check completion after 7 days,टेस्ट के विवरण और स्थान की जानकारी के लिए कॉल करें; शेड्यूलिंग में सहायता करें; 7 दिनों के बाद पुनः जांच करें।,TELECALL_OVERFLOW,https://api.carejourney.example.com/status-update?episode=E0000583
E0005030,P003186,P4_OVERFLOW,previous low medicine collection; previous missed reviews,पहले दवा कम लेने का इतिहास; पहले समीक्षा मिस करने का इतिहास,Call with test details and where to go; assist scheduling; arrange transport guidance; re-check completion after 7 days,टेस्ट के विवरण और स्थान की जानकारी के लिए कॉल करें; शेड्यूलिंग में सहायता करें; 7 दिनों के बाद पुनः जांच करें।,TELECALL_OVERFLOW,https://api.carejourney.example.com/status-update?episode=E0005030
E0004785,P003025,P4_OVERFLOW,previous low medicine collection,पहले दवा कम लेने का इतिहास,Reminder before review due date; help book review slot; home visit if unreachable; follow up within 3 days of missed review,समीक्षा की तारीख से पहले याद दिलाएं; स्लॉट बुक करने में मदद करें; समीक्षा मिस होने के 3 दिनों के भीतर फॉलो-अप करें।,TELECALL_OVERFLOW,https://api.carejourney.example.com/status-update?episode=E0004785
E0004341,P002736,P4_OVERFLOW,previously unreachable on outreach,पहले आउटरीच पर संपर्क नहीं हो पाया,Call with test details and where to go; assist scheduling; arrange transport guidance; re-check completion after 7 days,टेस्ट के विवरण और स्थान की जानकारी के लिए कॉल करें; शेड्यूलिंग में सहायता करें; 7 दिनों के बाद पुनः जांच करें।,TELECALL_OVERFLOW,https://api.carejourney.example.com/status-update?episode=E0004341
E0005313,P003375,P4_OVERFLOW,previous low medicine collection; previous missed reviews,पहले दवा कम लेने का इतिहास; पहले समीक्षा मिस करने का इतिहास,Reminder before review due date; help book review slot; home visit if unreachable; follow up within 3 days of missed review,समीक्षा की तारीख से पहले याद दिलाएं; स्लॉट बुक करने में मदद करें; समीक्षा मिस होने के 3 दिनों के भीतर फॉलो-अप करें।,TELECALL_OVERFLOW,https://api.carejourney.example.com/status-update?episode=E0005313
E0005399,P003438,P4_OVERFLOW,previous missed reviews,पहले समीक्षा मिस करने का इतिहास,Reminder before review due date; help book review slot; home visit if unreachable; follow up within 3 days of missed review,समीक्षा की तारीख से पहले याद दिलाएं; स्लॉट बुक करने में मदद करें; समीक्षा मिस होने के 3 दिनों के भीतर फॉलो-अप करें।,TELECALL_OVERFLOW,https://api.carejourney.example.com/status-update?episode=E0005399
E0001328,P000851,P1,long facility distance (26 km); previous low medicine collection; previous missed reviews,अस्पताल की अधिक दूरी (26 किमी); पहले दवा कम लेने का इतिहास; पहले समीक्षा मिस करने का इतिहास,"Contact patient within 48h; confirm medicine availability at facility; facilitate pickup/home delivery; if stock-out confirmed, escalate to facility in-charge (system barrier, not patient non-adherence)","48 घंटे के भीतर मरीज से संपर्क करें; अस्पताल में दवा की उपलब्धता की पुष्टि करें; दवा लेने में सहायता करें; यदि दवा नहीं है, तो सुविधा प्रभारी को सूचित करें (सिस्टम बाधा)।",ASHA,https://api.carejourney.example.com/status-update?episode=E0001328
E0004764,P003009,P1,long facility distance (26 km); previous missed reviews,अस्पताल की अधिक दूरी (26 किमी); पहले समीक्षा मिस करने का इतिहास,"Contact patient within 48h; confirm medicine availability at facility; facilitate pickup/home delivery; if stock-out confirmed, escalate to facility in-charge (system barrier, not patient non-adherence)","48 घंटे के भीतर मरीज से संपर्क करें; अस्पताल में दवा की उपलब्धता की पुष्टि करें; दवा लेने में सहायता करें; यदि दवा नहीं है, तो सुविधा प्रभारी को सूचित करें (सिस्टम बाधा)।",ASHA,https://api.carejourney.example.com/status-update?episode=E0004764
E0000587,P000336,P1,long facility distance (26 km); previously unreachable on outreach,अस्पताल की अधिक दूरी (26 किमी); पहले आउटरीच पर संपर्क नहीं हो पाया,"Contact patient within 48h; confirm medicine availability at facility; facilitate pickup/home delivery; if stock-out confirmed, escalate to facility in-charge (system barrier, not patient non-adherence)","48 घंटे के भीतर मरीज से संपर्क करें; अस्पताल में दवा की उपलब्धता की पुष्टि करें; दवा लेने में सहायता करें; यदि दवा नहीं है, तो सुविधा प्रभारी को सूचित करें (सिस्टम बाधा)।",ASHA,https://api.carejourney.example.com/status-update?episode=E0000587
E0002562,P001630,P1,long facility distance (26 km); previous low medicine collection; previous missed reviews,अस्पताल की अधिक दूरी (26 किमी); पहले दवा कम लेने का इतिहास; पहले समीक्षा मिस करने का इतिहास,"Contact patient within 48h; confirm medicine availability at facility; facilitate pickup/home delivery; if stock-out confirmed, escalate to facility in-charge (system barrier, not patient non-adherence)","48 घंटे के भीतर मरीज से संपर्क करें; अस्पताल में दवा की उपलब्धता की पुष्टि करें; दवा लेने में सहायता करें; यदि दवा नहीं है, तो सुविधा प्रभारी को सूचित करें (सिस्टम बाधा)।",ASHA,https://api.carejourney.example.com/status-update?episode=E0002562
E0002243,P001428,P2,previous missed reviews,पहले समीक्षा मिस करने का इतिहास,"Contact patient within 48h; confirm medicine availability at facility; facilitate pickup/home delivery; if stock-out confirmed, escalate to facility in-charge (system barrier, not patient non-adherence)","48 घंटे के भीतर मरीज से संपर्क करें; अस्पताल में दवा की उपलब्धता की पुष्टि करें; दवा लेने में सहायता करें; यदि दवा नहीं है, तो सुविधा प्रभारी को सूचित करें (सिस्टम बाधा)।",ASHA,https://api.carejourney.example.com/status-update?episode=E0002243
E0000602,P000348,P2,long facility distance (26 km); previous low medicine collection; previously unreachable on outreach,अस्पताल की अधिक दूरी (26 किमी); पहले दवा कम लेने का इतिहास; पहले आउटरीच पर संपर्क नहीं हो पाया,"Contact patient within 48h; confirm medicine availability at facility; facilitate pickup/home delivery; if stock-out confirmed, escalate to facility in-charge (system barrier, not patient non-adherence)","48 घंटे के भीतर मरीज से संपर्क करें; अस्पताल में दवा की उपलब्धता की पुष्टि करें; दवा लेने में सहायता करें; यदि दवा नहीं है, तो सुविधा प्रभारी को सूचित करें (सिस्टम बाधा)।",ASHA,https://api.carejourney.example.com/status-update?episode=E0000602
E0000395,P000220,P2,long facility distance (26 km); previous low medicine collection,अस्पताल की अधिक दूरी (26 किमी); पहले दवा कम लेने का इतिहास,"Contact patient within 48h; confirm medicine availability at facility; facilitate pickup/home delivery; if stock-out confirmed, escalate to facility in-charge (system barrier, not patient non-adherence)","48 घंटे के भीतर मरीज से संपर्क करें; अस्पताल में दवा की उपलब्धता की पुष्टि करें; दवा लेने में सहायता करें; यदि दवा नहीं है, तो सुविधा प्रभारी को सूचित करें (सिस्टम बाधा)।",ASHA,https://api.carejourney.example.com/status-update?episode=E0000395
E0001812,P001178,P2,previous missed reviews; previously unreachable on outreach,पहले समीक्षा मिस करने का इतिहास; पहले आउटरीच पर संपर्क नहीं हो पाया,"Contact patient within 48h; confirm medicine availability at facility; facilitate pickup/home delivery; if stock-out confirmed, escalate to facility in-charge (system barrier, not patient non-adherence)","48 घंटे के भीतर मरीज से संपर्क करें; अस्पताल में दवा की उपलब्धता की पुष्टि करें; दवा लेने में सहायता करें; यदि दवा नहीं है, तो सुविधा प्रभारी को सूचित करें (सिस्टम बाधा)।",ASHA,https://api.carejourney.example.com/status-update?episode=E0001812
E0005255,P003334,P2,previous missed reviews,पहले समीक्षा मिस करने का इतिहास,"Contact patient within 48h; confirm medicine availability at facility; facilitate pickup/home delivery; if stock-out confirmed, escalate to facility in-charge (system barrier, not patient non-adherence)","48 घंटे के भीतर मरीज से संपर्क करें; अस्पताल में दवा की उपलब्धता की पुष्टि करें; दवा लेने में सहायता करें; यदि दवा नहीं है, तो सुविधा प्रभारी को सूचित करें (सिस्टम बाधा)।",ASHA,https://api.carejourney.example.com/status-update?episode=E0005255
E0001468,P000947,P2,previous low medicine collection,पहले दवा कम लेने का इतिहास,"Contact patient within 48h; confirm medicine availability at facility; facilitate pickup/home delivery; if stock-out confirmed, escalate to facility in-charge (system barrier, not patient non-adherence)","48 घंटे के भीतर मरीज से संपर्क करें; अस्पताल में दवा की उपलब्धता की पुष्टि करें; दवा लेने में सहायता करें; यदि दवा नहीं है, तो सुविधा प्रभारी को सूचित करें (सिस्टम बाधा)।",ASHA,https://api.carejourney.example.com/status-update?episode=E0001468
E0001264,P000791,P4_OVERFLOW,advised care components with limited follow-up history,सीमित फॉलो-अप इतिहास,"Contact patient within 48h; confirm medicine availability at facility; facilitate pickup/home delivery; if stock-out confirmed, escalate to facility in-charge (system barrier, not patient non-adherence)","48 घंटे के भीतर मरीज से संपर्क करें; अस्पताल में दवा की उपलब्धता की पुष्टि करें; दवा लेने में सहायता करें; यदि दवा नहीं है, तो सुविधा प्रभारी को सूचित करें (सिस्टम बाधा)।",TELECALL_OVERFLOW,https://api.carejourney.example.com/status-update?episode=E0001264
E0004086,P002569,P4_OVERFLOW,advised care components with limited follow-up history,सीमित फॉलो-अप इतिहास,"Contact patient within 48h; confirm medicine availability at facility; facilitate pickup/home delivery; if stock-out confirmed, escalate to facility in-charge (system barrier, not patient non-adherence)","48 घंटे के भीतर मरीज से संपर्क करें; अस्पताल में दवा की उपलब्धता की पुष्टि करें; दवा लेने में सहायता करें; यदि दवा नहीं है, तो सुविधा प्रभारी को सूचित करें (सिस्टम बाधा)।",TELECALL_OVERFLOW,https://api.carejourney.example.com/status-update?episode=E0004086
E0001574,P001023,P4_OVERFLOW,previously unreachable on outreach,पहले आउटरीच पर संपर्क नहीं हो पाया,"Contact patient within 48h; confirm medicine availability at facility; facilitate pickup/home delivery; if stock-out confirmed, escalate to facility in-charge (system barrier, not patient non-adherence)","48 घंटे के भीतर मरीज से संपर्क करें; अस्पताल में दवा की उपलब्धता की पुष्टि करें; दवा लेने में सहायता करें; यदि दवा नहीं है, तो सुविधा प्रभारी को सूचित करें (सिस्टम बाधा)।",TELECALL_OVERFLOW,https://api.carejourney.example.com/status-update?episode=E0001574
E0003551,P002252,P4_OVERFLOW,previous missed reviews,पहले समीक्षा मिस करने का इतिहास,"Contact patient within 48h; confirm medicine availability at facility; facilitate pickup/home delivery; if stock-out confirmed, escalate to facility in-charge (system barrier, not patient non-adherence)","48 घंटे के भीतर मरीज से संपर्क करें; अस्पताल में दवा की उपलब्धता की पुष्टि करें; दवा लेने में सहायता करें; यदि दवा नहीं है, तो सुविधा प्रभारी को सूचित करें (सिस्टम बाधा)।",TELECALL_OVERFLOW,https://api.carejourney.example.com/status-update?episode=E0003551
E0005376,P003424,P4_OVERFLOW,advised care components with limited follow-up history,सीमित फॉलो-अप इतिहास,Reminder before review due date; help book review slot; home visit if unreachable; follow up within 3 days of missed review,समीक्षा की तारीख से पहले याद दिलाएं; स्लॉट बुक करने में मदद करें; समीक्षा मिस होने के 3 दिनों के भीतर फॉलो-अप करें।,TELECALL_OVERFLOW,https://api.carejourney.example.com/status-update?episode=E0005376
E0003493,P002214,P4_OVERFLOW,advised care components with limited follow-up history,सीमित फॉलो-अप इतिहास,Reminder before review due date; help book review slot; home visit if unreachable; follow up within 3 days of missed review,समीक्षा की तारीख से पहले याद दिलाएं; स्लॉट बुक करने में मदद करें; समीक्षा मिस होने के 3 दिनों के भीतर फॉलो-अप करें।,TELECALL_OVERFLOW,https://api.carejourney.example.com/status-update?episode=E0003493
E0004807,P003044,P4_OVERFLOW,long facility distance (26 km),अस्पताल की अधिक दूरी (26 किमी),Call with test details and where to go; assist scheduling; arrange transport guidance; re-check completion after 7 days,टेस्ट के विवरण और स्थान की जानकारी के लिए कॉल करें; शेड्यूलिंग में सहायता करें; 7 दिनों के बाद पुनः जांच करें।,TELECALL_OVERFLOW,https://api.carejourney.example.com/status-update?episode=E0004807
E0000721,P000424,P4_OVERFLOW,long facility distance (26 km); previous low medicine collection; previously unreachable on outreach,अस्पताल की अधिक दूरी (26 किमी); पहले दवा कम लेने का इतिहास; पहले आउटरीच पर संपर्क नहीं हो पाया,Reminder before review due date; help book review slot; home visit if unreachable; follow up within 3 days of missed review,समीक्षा की तारीख से पहले याद दिलाएं; स्लॉट बुक करने में मदद करें; समीक्षा मिस होने के 3 दिनों के भीतर फॉलो-अप करें।,TELECALL_OVERFLOW,https://api.carejourney.example.com/status-update?episode=E0000721
E0000089,P000049,P4_OVERFLOW,long facility distance (26 km); previous low medicine collection; previous missed reviews,अस्पताल की अधिक दूरी (26 किमी); पहले दवा कम लेने का इतिहास; पहले समीक्षा मिस करने का इतिहास,Call with test details and where to go; assist scheduling; arrange transport guidance; re-check completion after 7 days,टेस्ट के विवरण और स्थान की जानकारी के लिए कॉल करें; शेड्यूलिंग में सहायता करें; 7 दिनों के बाद पुनः जांच करें।,TELECALL_OVERFLOW,https://api.carejourney.example.com/status-update?episode=E0000089
E0000136,P000079,P4_OVERFLOW,advised care components with limited follow-up history,सीमित फॉलो-अप इतिहास,Call with test details and where to go; assist scheduling; arrange transport guidance; re-check completion after 7 days,टेस्ट के विवरण और स्थान की जानकारी के लिए कॉल करें; शेड्यूलिंग में सहायता करें; 7 दिनों के बाद पुनः जांच करें।,TELECALL_OVERFLOW,https://api.carejourney.example.com/status-update?episode=E0000136
E0003074,P001941,P4_OVERFLOW,advised care components with limited follow-up history,सीमित फॉलो-अप इतिहास,Reminder before review due date; help book review slot; home visit if unreachable; follow up within 3 days of missed review,समीक्षा की तारीख से पहले याद दिलाएं; स्लॉट बुक करने में मदद करें; समीक्षा मिस होने के 3 दिनों के भीतर फॉलो-अप करें।,TELECALL_OVERFLOW,https://api.carejourney.example.com/status-update?episode=E0003074
E0002709,P001714,P4_OVERFLOW,previous low medicine collection,पहले दवा कम लेने का इतिहास,Call with test details and where to go; assist scheduling; arrange transport guidance; re-check completion after 7 days,टेस्ट के विवरण और स्थान की जानकारी के लिए कॉल करें; शेड्यूलिंग में सहायता करें; 7 दिनों के बाद पुनः जांच करें।,TELECALL_OVERFLOW,https://api.carejourney.example.com/status-update?episode=E0002709
E0001183,P000733,P4_OVERFLOW,advised care components with limited follow-up history,सीमित फॉलो-अप इतिहास,Call with test details and where to go; assist scheduling; arrange transport guidance; re-check completion after 7 days,टेस्ट के विवरण और स्थान की जानकारी के लिए कॉल करें; शेड्यूलिंग में सहायता करें; 7 दिनों के बाद पुनः जांच करें।,TELECALL_OVERFLOW,https://api.carejourney.example.com/status-update?episode=E0001183
E0004386,P002761,P4_OVERFLOW,long facility distance (26 km); previous low medicine collection,अस्पताल की अधिक दूरी (26 किमी); पहले दवा कम लेने का इतिहास,Call with test details and where to go; assist scheduling; arrange transport guidance; re-check completion after 7 days,टेस्ट के विवरण और स्थान की जानकारी के लिए कॉल करें; शेड्यूलिंग में सहायता करें; 7 दिनों के बाद पुनः जांच करें।,TELECALL_OVERFLOW,https://api.carejourney.example.com/status-update?episode=E0004386
E0003006,,P4_OVERFLOW,long facility distance (26 km),अस्पताल की अधिक दूरी (26 किमी),Reminder before review due date; help book review slot; home visit if unreachable; follow up within 3 days of missed review,समीक्षा की तारीख से पहले याद दिलाएं; स्लॉट बुक करने में मदद करें; समीक्षा मिस होने के 3 दिनों के भीतर फॉलो-अप करें।,TELECALL_OVERFLOW,https://api.carejourney.example.com/status-update?episode=E0003006
E0000073,P000040,P4_OVERFLOW,advised care components with limited follow-up history,सीमित फॉलो-अप इतिहास,Reminder before review due date; help book review slot; home visit if unreachable; follow up within 3 days of missed review,समीक्षा की तारीख से पहले याद दिलाएं; स्लॉट बुक करने में मदद करें; समीक्षा मिस होने के 3 दिनों के भीतर फॉलो-अप करें।,TELECALL_OVERFLOW,https://api.carejourney.example.com/status-update?episode=E0000073
E0001868,P001206,P1,long facility distance (26 km); previous missed reviews; previously unreachable on outreach,अस्पताल की अधिक दूरी (26 किमी); पहले समीक्षा मिस करने का इतिहास; पहले आउटरीच पर संपर्क नहीं हो पाया,"Contact patient within 48h; confirm medicine availability at facility; facilitate pickup/home delivery; if stock-out confirmed, escalate to facility in-charge (system barrier, not patient non-adherence)","48 घंटे के भीतर मरीज से संपर्क करें; अस्पताल में दवा की उपलब्धता की पुष्टि करें; दवा लेने में सहायता करें; यदि दवा नहीं है, तो सुविधा प्रभारी को सूचित करें (सिस्टम बाधा)।",ASHA,https://api.carejourney.example.com/status-update?episode=E0001868
E0002041,P001312,P1,long facility distance (26 km); previous low medicine collection,अस्पताल की अधिक दूरी (26 किमी); पहले दवा कम लेने का इतिहास,"Contact patient within 48h; confirm medicine availability at facility; facilitate pickup/home delivery; if stock-out confirmed, escalate to facility in-charge (system barrier, not patient non-adherence)","48 घंटे के भीतर मरीज से संपर्क करें; अस्पताल में दवा की उपलब्धता की पुष्टि करें; दवा लेने में सहायता करें; यदि दवा नहीं है, तो सुविधा प्रभारी को सूचित करें (सिस्टम बाधा)।",ASHA,https://api.carejourney.example.com/status-update?episode=E0002041
E0004143,P002605,P1,long facility distance (26 km); previous low medicine collection,अस्पताल की अधिक दूरी (26 किमी); पहले दवा कम लेने का इतिहास,"Contact patient within 48h; confirm medicine availability at facility; facilitate pickup/home delivery; if stock-out confirmed, escalate to facility in-charge (system barrier, not patient non-adherence)","48 घंटे के भीतर मरीज से संपर्क करें; अस्पताल में दवा की उपलब्धता की पुष्टि करें; दवा लेने में सहायता करें; यदि दवा नहीं है, तो सुविधा प्रभारी को सूचित करें (सिस्टम बाधा)।",ASHA,https://api.carejourney.example.com/status-update?episode=E0004143
E0005070,P003211,P1,long facility distance (26 km); previous low medicine collection; previous missed reviews,अस्पताल की अधिक दूरी (26 किमी); पहले दवा कम लेने का इतिहास; पहले समीक्षा मिस करने का इतिहास,"Contact patient within 48h; confirm medicine availability at facility; facilitate pickup/home delivery; if stock-out confirmed, escalate to facility in-charge (system barrier, not patient non-adherence)","48 घंटे के भीतर मरीज से संपर्क करें; अस्पताल में दवा की उपलब्धता की पुष्टि करें; दवा लेने में सहायता करें; यदि दवा नहीं है, तो सुविधा प्रभारी को सूचित करें (सिस्टम बाधा)।",ASHA,https://api.carejourney.example.com/status-update?episode=E0005070
E0000024,P000013,P1,long facility distance (26 km); previous low medicine collection,अस्पताल की अधिक दूरी (26 किमी); पहले दवा कम लेने का इतिहास,"Contact patient within 48h; confirm medicine availability at facility; facilitate pickup/home delivery; if stock-out confirmed, escalate to facility in-charge (system barrier, not patient non-adherence)","48 घंटे के भीतर मरीज से संपर्क करें; अस्पताल में दवा की उपलब्धता की पुष्टि करें; दवा लेने में सहायता करें; यदि दवा नहीं है, तो सुविधा प्रभारी को सूचित करें (सिस्टम बाधा)।",ASHA,https://api.carejourney.example.com/status-update?episode=E0000024
E0002845,P001818,P1,long facility distance (26 km),अस्पताल की अधिक दूरी (26 किमी),"Contact patient within 48h; confirm medicine availability at facility; facilitate pickup/home delivery; if stock-out confirmed, escalate to facility in-charge (system barrier, not patient non-adherence)","48 घंटे के भीतर मरीज से संपर्क करें; अस्पताल में दवा की उपलब्धता की पुष्टि करें; दवा लेने में सहायता करें; यदि दवा नहीं है, तो सुविधा प्रभारी को सूचित करें (सिस्टम बाधा)।",ASHA,https://api.carejourney.example.com/status-update?episode=E0002845
E0005371,P003420,P1,long facility distance (28 km),अस्पताल की अधिक दूरी (28 किमी),"Contact patient within 48h; confirm medicine availability at facility; facilitate pickup/home delivery; if stock-out confirmed, escalate to facility in-charge (system barrier, not patient non-adherence)","48 घंटे के भीतर मरीज से संपर्क करें; अस्पताल में दवा की उपलब्धता की पुष्टि करें; दवा लेने में सहायता करें; यदि दवा नहीं है, तो सुविधा प्रभारी को सूचित करें (सिस्टम बाधा)।",ASHA,https://api.carejourney.example.com/status-update?episode=E0005371
E0002656,,P1,long facility distance (26 km),अस्पताल की अधिक दूरी (26 किमी),"Contact patient within 48h; confirm medicine availability at facility; facilitate pickup/home delivery; if stock-out confirmed, escalate to facility in-charge (system barrier, not patient non-adherence)","48 घंटे के भीतर मरीज से संपर्क करें; अस्पताल में दवा की उपलब्धता की पुष्टि करें; दवा लेने में सहायता करें; यदि दवा नहीं है, तो सुविधा प्रभारी को सूचित करें (सिस्टम बाधा)।",ASHA,https://api.carejourney.example.com/status-update?episode=E0002656
E0003636,P002295,P2,long facility distance (26 km); previous missed reviews,अस्पताल की अधिक दूरी (26 किमी); पहले समीक्षा मिस करने का इतिहास,"Contact patient within 48h; confirm medicine availability at facility; facilitate pickup/home delivery; if stock-out confirmed, escalate to facility in-charge (system barrier, not patient non-adherence)","48 घंटे के भीतर मरीज से संपर्क करें; अस्पताल में दवा की उपलब्धता की पुष्टि करें; दवा लेने में सहायता करें; यदि दवा नहीं है, तो सुविधा प्रभारी को सूचित करें (सिस्टम बाधा)।",ASHA,https://api.carejourney.example.com/status-update?episode=E0003636
E0003970,P002499,P2,long facility distance (26 km),अस्पताल की अधिक दूरी (26 किमी),"Contact patient within 48h; confirm medicine availability at facility; facilitate pickup/home delivery; if stock-out confirmed, escalate to facility in-charge (system barrier, not patient non-adherence)","48 घंटे के भीतर मरीज से संपर्क करें; अस्पताल में दवा की उपलब्धता की पुष्टि करें; दवा लेने में सहायता करें; यदि दवा नहीं है, तो सुविधा प्रभारी को सूचित करें (सिस्टम बाधा)।",ASHA,https://api.carejourney.example.com/status-update?episode=E0003970
E0005279,P003347,P4_OVERFLOW,long facility distance (28 km); previous low medicine collection; previously unreachable on outreach,अस्पताल की अधिक दूरी (28 किमी); पहले दवा कम लेने का इतिहास; पहले आउटरीच पर संपर्क नहीं हो पाया,"Contact patient within 48h; confirm medicine availability at facility; facilitate pickup/home delivery; if stock-out confirmed, escalate to facility in-charge (system barrier, not patient non-adherence)","48 घंटे के भीतर मरीज से संपर्क करें; अस्पताल में दवा की उपलब्धता की पुष्टि करें; दवा लेने में सहायता करें; यदि दवा नहीं है, तो सुविधा प्रभारी को सूचित करें (सिस्टम बाधा)।",TELECALL_OVERFLOW,https://api.carejourney.example.com/status-update?episode=E0005279
E0004006,P002524,P4_OVERFLOW,advised care components with limited follow-up history,सीमित फॉलो-अप इतिहास,"Contact patient within 48h; confirm medicine availability at facility; facilitate pickup/home delivery; if stock-out confirmed, escalate to facility in-charge (system barrier, not patient non-adherence)","48 घंटे के भीतर मरीज से संपर्क करें; अस्पताल में दवा की उपलब्धता की पुष्टि करें; दवा लेने में सहायता करें; यदि दवा नहीं है, तो सुविधा प्रभारी को सूचित करें (सिस्टम बाधा)।",TELECALL_OVERFLOW,https://api.carejourney.example.com/status-update?episode=E0004006
E0003246,,P4_OVERFLOW,advised care components with limited follow-up history,सीमित फॉलो-अप इतिहास,"Contact patient within 48h; confirm medicine availability at facility; facilitate pickup/home delivery; if stock-out confirmed, escalate to facility in-charge (system barrier, not patient non-adherence)","48 घंटे के भीतर मरीज से संपर्क करें; अस्पताल में दवा की उपलब्धता की पुष्टि करें; दवा लेने में सहायता करें; यदि दवा नहीं है, तो सुविधा प्रभारी को सूचित करें (सिस्टम बाधा)।",TELECALL_OVERFLOW,https://api.carejourney.example.com/status-update?episode=E0003246
E0004948,P003133,P4_OVERFLOW,long facility distance (26 km),अस्पताल की अधिक दूरी (26 किमी),"Contact patient within 48h; confirm medicine availability at facility; facilitate pickup/home delivery; if stock-out confirmed, escalate to facility in-charge (system barrier, not patient non-adherence)","48 घंटे के भीतर मरीज से संपर्क करें; अस्पताल में दवा की उपलब्धता की पुष्टि करें; दवा लेने में सहायता करें; यदि दवा नहीं है, तो सुविधा प्रभारी को सूचित करें (सिस्टम बाधा)।",TELECALL_OVERFLOW,https://api.carejourney.example.com/status-update?episode=E0004948
E0005434,P003470,P4_OVERFLOW,previous missed reviews,पहले समीक्षा मिस करने का इतिहास,"Contact patient within 48h; confirm medicine availability at facility; facilitate pickup/home delivery; if stock-out confirmed, escalate to facility in-charge (system barrier, not patient non-adherence)","48 घंटे के भीतर मरीज से संपर्क करें; अस्पताल में दवा की उपलब्धता की पुष्टि करें; दवा लेने में सहायता करें; यदि दवा नहीं है, तो सुविधा प्रभारी को सूचित करें (सिस्टम बाधा)।",TELECALL_OVERFLOW,https://api.carejourney.example.com/status-update?episode=E0005434
E0003518,P002229,P4_OVERFLOW,advised care components with limited follow-up history,सीमित फॉलो-अप इतिहास,"Contact patient within 48h; confirm medicine availability at facility; facilitate pickup/home delivery; if stock-out confirmed, escalate to facility in-charge (system barrier, not patient non-adherence)","48 घंटे के भीतर मरीज से संपर्क करें; अस्पताल में दवा की उपलब्धता की पुष्टि करें; दवा लेने में सहायता करें; यदि दवा नहीं है, तो सुविधा प्रभारी को सूचित करें (सिस्टम बाधा)।",TELECALL_OVERFLOW,https://api.carejourney.example.com/status-update?episode=E0003518
E0004521,P002834,P4_OVERFLOW,advised care components with limited follow-up history,सीमित फॉलो-अप इतिहास,"Contact patient within 48h; confirm medicine availability at facility; facilitate pickup/home delivery; if stock-out confirmed, escalate to facility in-charge (system barrier, not patient non-adherence)","48 घंटे के भीतर मरीज से संपर्क करें; अस्पताल में दवा की उपलब्धता की पुष्टि करें; दवा लेने में सहायता करें; यदि दवा नहीं है, तो सुविधा प्रभारी को सूचित करें (सिस्टम बाधा)।",TELECALL_OVERFLOW,https://api.carejourney.example.com/status-update?episode=E0004521
E0004668,P002941,P4_OVERFLOW,long facility distance (28 km); previous missed reviews,अस्पताल की अधिक दूरी (28 किमी); पहले समीक्षा मिस करने का इतिहास,"Contact patient within 48h; confirm medicine availability at facility; facilitate pickup/home delivery; if stock-out confirmed, escalate to facility in-charge (system barrier, not patient non-adherence)","48 घंटे के भीतर मरीज से संपर्क करें; अस्पताल में दवा की उपलब्धता की पुष्टि करें; दवा लेने में सहायता करें; यदि दवा नहीं है, तो सुविधा प्रभारी को सूचित करें (सिस्टम बाधा)।",TELECALL_OVERFLOW,https://api.carejourney.example.com/status-update?episode=E0004668
E0004863,P003083,P4_OVERFLOW,advised care components with limited follow-up history,सीमित फॉलो-अप इतिहास,"Contact patient within 48h; confirm medicine availability at facility; facilitate pickup/home delivery; if stock-out confirmed, escalate to facility in-charge (system barrier, not patient non-adherence)","48 घंटे के भीतर मरीज से संपर्क करें; अस्पताल में दवा की उपलब्धता की पुष्टि करें; दवा लेने में सहायता करें; यदि दवा नहीं है, तो सुविधा प्रभारी को सूचित करें (सिस्टम बाधा)।",TELECALL_OVERFLOW,https://api.carejourney.example.com/status-update?episode=E0004863
E0000792,P000464,P4_OVERFLOW,long facility distance (28 km),अस्पताल की अधिक दूरी (28 किमी),"Contact patient within 48h; confirm medicine availability at facility; facilitate pickup/home delivery; if stock-out confirmed, escalate to facility in-charge (system barrier, not patient non-adherence)","48 घंटे के भीतर मरीज से संपर्क करें; अस्पताल में दवा की उपलब्धता की पुष्टि करें; दवा लेने में सहायता करें; यदि दवा नहीं है, तो सुविधा प्रभारी को सूचित करें (सिस्टम बाधा)।",TELECALL_OVERFLOW,https://api.carejourney.example.com/status-update?episode=E0000792
E0004531,P002841,P4_OVERFLOW,long facility distance (28 km),अस्पताल की अधिक दूरी (28 किमी),"Contact patient within 48h; confirm medicine availability at facility; facilitate pickup/home delivery; if stock-out confirmed, escalate to facility in-charge (system barrier, not patient non-adherence)","48 घंटे के भीतर मरीज से संपर्क करें; अस्पताल में दवा की उपलब्धता की पुष्टि करें; दवा लेने में सहायता करें; यदि दवा नहीं है, तो सुविधा प्रभारी को सूचित करें (सिस्टम बाधा)।",TELECALL_OVERFLOW,https://api.carejourney.example.com/status-update?episode=E0004531
E0004908,P003109,P4_OVERFLOW,previous low medicine collection,पहले दवा कम लेने का इतिहास,"Contact patient within 48h; confirm medicine availability at facility; facilitate pickup/home delivery; if stock-out confirmed, escalate to facility in-charge (system barrier, not patient non-adherence)","48 घंटे के भीतर मरीज से संपर्क करें; अस्पताल में दवा की उपलब्धता की पुष्टि करें; दवा लेने में सहायता करें; यदि दवा नहीं है, तो सुविधा प्रभारी को सूचित करें (सिस्टम बाधा)।",TELECALL_OVERFLOW,https://api.carejourney.example.com/status-update?episode=E0004908
E0000870,P000506,P4_OVERFLOW,advised care components with limited follow-up history,सीमित फॉलो-अप इतिहास,"Contact patient within 48h; confirm medicine availability at facility; facilitate pickup/home delivery; if stock-out confirmed, escalate to facility in-charge (system barrier, not patient non-adherence)","48 घंटे के भीतर मरीज से संपर्क करें; अस्पताल में दवा की उपलब्धता की पुष्टि करें; दवा लेने में सहायता करें; यदि दवा नहीं है, तो सुविधा प्रभारी को सूचित करें (सिस्टम बाधा)।",TELECALL_OVERFLOW,https://api.carejourney.example.com/status-update?episode=E0000870
E0003569,P002260,P4_OVERFLOW,long facility distance (28 km),अस्पताल की अधिक दूरी (28 किमी),Reminder before review due date; help book review slot; home visit if unreachable; follow up within 3 days of missed review,समीक्षा की तारीख से पहले याद दिलाएं; स्लॉट बुक करने में मदद करें; समीक्षा मिस होने के 3 दिनों के भीतर फॉलो-अप करें।,TELECALL_OVERFLOW,https://api.carejourney.example.com/status-update?episode=E0003569
E0000627,P000366,P4_OVERFLOW,advised care components with limited follow-up history,सीमित फॉलो-अप इतिहास,Call with test details and where to go; assist scheduling; arrange transport guidance; re-check completion after 7 days,टेस्ट के विवरण और स्थान की जानकारी के लिए कॉल करें; शेड्यूलिंग में सहायता करें; 7 दिनों के बाद पुनः जांच करें।,TELECALL_OVERFLOW,https://api.carejourney.example.com/status-update?episode=E0000627
E0003842,P002416,P4_OVERFLOW,advised care components with limited follow-up history,सीमित फॉलो-अप इतिहास,Reminder before review due date; help book review slot; home visit if unreachable; follow up within 3 days of missed review,समीक्षा की तारीख से पहले याद दिलाएं; स्लॉट बुक करने में मदद करें; समीक्षा मिस होने के 3 दिनों के भीतर फॉलो-अप करें।,TELECALL_OVERFLOW,https://api.carejourney.example.com/status-update?episode=E0003842
E0004281,P002703,P1,long facility distance (27 km),अस्पताल की अधिक दूरी (27 किमी),"Contact patient within 48h; confirm medicine availability at facility; facilitate pickup/home delivery; if stock-out confirmed, escalate to facility in-charge (system barrier, not patient non-adherence)","48 घंटे के भीतर मरीज से संपर्क करें; अस्पताल में दवा की उपलब्धता की पुष्टि करें; दवा लेने में सहायता करें; यदि दवा नहीं है, तो सुविधा प्रभारी को सूचित करें (सिस्टम बाधा)।",ASHA,https://api.carejourney.example.com/status-update?episode=E0004281
E0004239,P002663,P1,long facility distance (27 km),अस्पताल की अधिक दूरी (27 किमी),"Contact patient within 48h; confirm medicine availability at facility; facilitate pickup/home delivery; if stock-out confirmed, escalate to facility in-charge (system barrier, not patient non-adherence)","48 घंटे के भीतर मरीज से संपर्क करें; अस्पताल में दवा की उपलब्धता की पुष्टि करें; दवा लेने में सहायता करें; यदि दवा नहीं है, तो सुविधा प्रभारी को सूचित करें (सिस्टम बाधा)।",ASHA,https://api.carejourney.example.com/status-update?episode=E0004239
E0005480,P003498,P1,long facility distance (27 km),अस्पताल की अधिक दूरी (27 किमी),"Contact patient within 48h; confirm medicine availability at facility; facilitate pickup/home delivery; if stock-out confirmed, escalate to facility in-charge (system barrier, not patient non-adherence)","48 घंटे के भीतर मरीज से संपर्क करें; अस्पताल में दवा की उपलब्धता की पुष्टि करें; दवा लेने में सहायता करें; यदि दवा नहीं है, तो सुविधा प्रभारी को सूचित करें (सिस्टम बाधा)।",ASHA,https://api.carejourney.example.com/status-update?episode=E0005480
E0005327,P003388,P2,advised care components with limited follow-up history,सीमित फॉलो-अप इतिहास,"Contact patient within 48h; confirm medicine availability at facility; facilitate pickup/home delivery; if stock-out confirmed, escalate to facility in-charge (system barrier, not patient non-adherence)","48 घंटे के भीतर मरीज से संपर्क करें; अस्पताल में दवा की उपलब्धता की पुष्टि करें; दवा लेने में सहायता करें; यदि दवा नहीं है, तो सुविधा प्रभारी को सूचित करें (सिस्टम बाधा)।",ASHA,https://api.carejourney.example.com/status-update?episode=E0005327
E0000855,P000498,P2,advised care components with limited follow-up history,सीमित फॉलो-अप इतिहास,"Contact patient within 48h; confirm medicine availability at facility; facilitate pickup/home delivery; if stock-out confirmed, escalate to facility in-charge (system barrier, not patient non-adherence)","48 घंटे के भीतर मरीज से संपर्क करें; अस्पताल में दवा की उपलब्धता की पुष्टि करें; दवा लेने में सहायता करें; यदि दवा नहीं है, तो सुविधा प्रभारी को सूचित करें (सिस्टम बाधा)।",ASHA,https://api.carejourney.example.com/status-update?episode=E0000855
E0003819,P002404,P3,advised care components with limited follow-up history,सीमित फॉलो-अप इतिहास,"Contact patient within 48h; confirm medicine availability at facility; facilitate pickup/home delivery; if stock-out confirmed, escalate to facility in-charge (system barrier, not patient non-adherence)","48 घंटे के भीतर मरीज से संपर्क करें; अस्पताल में दवा की उपलब्धता की पुष्टि करें; दवा लेने में सहायता करें; यदि दवा नहीं है, तो सुविधा प्रभारी को सूचित करें (सिस्टम बाधा)।",ASHA,https://api.carejourney.example.com/status-update?episode=E0003819
E0000743,P000441,P3,long facility distance (27 km); previous missed reviews,अस्पताल की अधिक दूरी (27 किमी); पहले समीक्षा मिस करने का इतिहास,"Contact patient within 48h; confirm medicine availability at facility; facilitate pickup/home delivery; if stock-out confirmed, escalate to facility in-charge (system barrier, not patient non-adherence)","48 घंटे के भीतर मरीज से संपर्क करें; अस्पताल में दवा की उपलब्धता की पुष्टि करें; दवा लेने में सहायता करें; यदि दवा नहीं है, तो सुविधा प्रभारी को सूचित करें (सिस्टम बाधा)।",ASHA,https://api.carejourney.example.com/status-update?episode=E0000743
E0001873,P001209,P3,long facility distance (27 km); previous low medicine collection,अस्पताल की अधिक दूरी (27 किमी); पहले दवा कम लेने का इतिहास,Call with test details and where to go; assist scheduling; arrange transport guidance; re-check completion after 7 days,टेस्ट के विवरण और स्थान की जानकारी के लिए कॉल करें; शेड्यूलिंग में सहायता करें; 7 दिनों के बाद पुनः जांच करें।,ASHA,https://api.carejourney.example.com/status-update?episode=E0001873
E0001436,P000928,P3,long facility distance (27 km),अस्पताल की अधिक दूरी (27 किमी),Call with test details and where to go; assist scheduling; arrange transport guidance; re-check completion after 7 days,टेस्ट के विवरण और स्थान की जानकारी के लिए कॉल करें; शेड्यूलिंग में सहायता करें; 7 दिनों के बाद पुनः जांच करें।,ASHA,https://api.carejourney.example.com/status-update?episode=E0001436
E0003034,P001919,P3,long facility distance (26 km),अस्पताल की अधिक दूरी (26 किमी),"Contact patient within 48h; confirm medicine availability at facility; facilitate pickup/home delivery; if stock-out confirmed, escalate to facility in-charge (system barrier, not patient non-adherence)","48 घंटे के भीतर मरीज से संपर्क करें; अस्पताल में दवा की उपलब्धता की पुष्टि करें; दवा लेने में सहायता करें; यदि दवा नहीं है, तो सुविधा प्रभारी को सूचित करें (सिस्टम बाधा)।",ASHA,https://api.carejourney.example.com/status-update?episode=E0003034
E0004313,P002719,P4_OVERFLOW,long facility distance (27 km),अस्पताल की अधिक दूरी (27 किमी),Reminder before review due date; help book review slot; home visit if unreachable; follow up within 3 days of missed review,समीक्षा की तारीख से पहले याद दिलाएं; स्लॉट बुक करने में मदद करें; समीक्षा मिस होने के 3 दिनों के भीतर फॉलो-अप करें।,TELECALL_OVERFLOW,https://api.carejourney.example.com/status-update?episode=E0004313
E0002755,P001750,P4_OVERFLOW,long facility distance (27 km); previous low medicine collection; previous missed reviews,अस्पताल की अधिक दूरी (27 किमी); पहले दवा कम लेने का इतिहास; पहले समीक्षा मिस करने का इतिहास,Reminder before review due date; help book review slot; home visit if unreachable; follow up within 3 days of missed review,समीक्षा की तारीख से पहले याद दिलाएं; स्लॉट बुक करने में मदद करें; समीक्षा मिस होने के 3 दिनों के भीतर फॉलो-अप करें।,TELECALL_OVERFLOW,https://api.carejourney.example.com/status-update?episode=E0002755
E0004605,P002901,P4_OVERFLOW,long facility distance (27 km); previous missed reviews,अस्पताल की अधिक दूरी (27 किमी); पहले समीक्षा मिस करने का इतिहास,Reminder before review due date; help book review slot; home visit if unreachable; follow up within 3 days of missed review,समीक्षा की तारीख से पहले याद दिलाएं; स्लॉट बुक करने में मदद करें; समीक्षा मिस होने के 3 दिनों के भीतर फॉलो-अप करें।,TELECALL_OVERFLOW,https://api.carejourney.example.com/status-update?episode=E0004605
E0002045,P001315,P4_OVERFLOW,advised care components with limited follow-up history,सीमित फॉलो-अप इतिहास,Call with test details and where to go; assist scheduling; arrange transport guidance; re-check completion after 7 days,टेस्ट के विवरण और स्थान की जानकारी के लिए कॉल करें; शेड्यूलिंग में सहायता करें; 7 दिनों के बाद पुनः जांच करें।,TELECALL_OVERFLOW,https://api.carejourney.example.com/status-update?episode=E0002045
E0000670,P000393,P4_OVERFLOW,advised care components with limited follow-up history,सीमित फॉलो-अप इतिहास,Reminder before review due date; help book review slot; home visit if unreachable; follow up within 3 days of missed review,समीक्षा की तारीख से पहले याद दिलाएं; स्लॉट बुक करने में मदद करें; समीक्षा मिस होने के 3 दिनों के भीतर फॉलो-अप करें।,TELECALL_OVERFLOW,https://api.carejourney.example.com/status-update?episode=E0000670
E0000347,P000192,P4_OVERFLOW,advised care components with limited follow-up history,सीमित फॉलो-अप इतिहास,Reminder before review due date; help book review slot; home visit if unreachable; follow up within 3 days of missed review,समीक्षा की तारीख से पहले याद दिलाएं; स्लॉट बुक करने में मदद करें; समीक्षा मिस होने के 3 दिनों के भीतर फॉलो-अप करें।,TELECALL_OVERFLOW,https://api.carejourney.example.com/status-update?episode=E0000347
E0004970,P003145,P1,long facility distance (35 km),अस्पताल की अधिक दूरी (35 किमी),"Contact patient within 48h; confirm medicine availability at facility; facilitate pickup/home delivery; if stock-out confirmed, escalate to facility in-charge (system barrier, not patient non-adherence)","48 घंटे के भीतर मरीज से संपर्क करें; अस्पताल में दवा की उपलब्धता की पुष्टि करें; दवा लेने में सहायता करें; यदि दवा नहीं है, तो सुविधा प्रभारी को सूचित करें (सिस्टम बाधा)।",ASHA,https://api.carejourney.example.com/status-update?episode=E0004970
E0002130,P001365,P1,long facility distance (33 km),अस्पताल की अधिक दूरी (33 किमी),"Contact patient within 48h; confirm medicine availability at facility; facilitate pickup/home delivery; if stock-out confirmed, escalate to facility in-charge (system barrier, not patient non-adherence)","48 घंटे के भीतर मरीज से संपर्क करें; अस्पताल में दवा की उपलब्धता की पुष्टि करें; दवा लेने में सहायता करें; यदि दवा नहीं है, तो सुविधा प्रभारी को सूचित करें (सिस्टम बाधा)।",ASHA,https://api.carejourney.example.com/status-update?episode=E0002130
E0000578,P000334,P1,long facility distance (35 km),अस्पताल की अधिक दूरी (35 किमी),"Contact patient within 48h; confirm medicine availability at facility; facilitate pickup/home delivery; if stock-out confirmed, escalate to facility in-charge (system barrier, not patient non-adherence)","48 घंटे के भीतर मरीज से संपर्क करें; अस्पताल में दवा की उपलब्धता की पुष्टि करें; दवा लेने में सहायता करें; यदि दवा नहीं है, तो सुविधा प्रभारी को सूचित करें (सिस्टम बाधा)।",ASHA,https://api.carejourney.example.com/status-update?episode=E0000578
E0000767,P000449,P1,long facility distance (33 km); previous missed reviews,अस्पताल की अधिक दूरी (33 किमी); पहले समीक्षा मिस करने का इतिहास,"Contact patient within 48h; confirm medicine availability at facility; facilitate pickup/home delivery; if stock-out confirmed, escalate to facility in-charge (system barrier, not patient non-adherence)","48 घंटे के भीतर मरीज से संपर्क करें; अस्पताल में दवा की उपलब्धता की पुष्टि करें; दवा लेने में सहायता करें; यदि दवा नहीं है, तो सुविधा प्रभारी को सूचित करें (सिस्टम बाधा)।",ASHA,https://api.carejourney.example.com/status-update?episode=E0000767
E0000171,P000099,P1,long facility distance (35 km),अस्पताल की अधिक दूरी (35 किमी),"Contact patient within 48h; confirm medicine availability at facility; facilitate pickup/home delivery; if stock-out confirmed, escalate to facility in-charge (system barrier, not patient non-adherence)","48 घंटे के भीतर मरीज से संपर्क करें; अस्पताल में दवा की उपलब्धता की पुष्टि करें; दवा लेने में सहायता करें; यदि दवा नहीं है, तो सुविधा प्रभारी को सूचित करें (सिस्टम बाधा)।",ASHA,https://api.carejourney.example.com/status-update?episode=E0000171
E0005261,P003335,P1,long facility distance (35 km); previous missed reviews; previous incomplete tests,अस्पताल की अधिक दूरी (35 किमी); पहले समीक्षा मिस करने का इतिहास; पहले अधूरे टेस्ट,"Contact patient within 48h; confirm medicine availability at facility; facilitate pickup/home delivery; if stock-out confirmed, escalate to facility in-charge (system barrier, not patient non-adherence)","48 घंटे के भीतर मरीज से संपर्क करें; अस्पताल में दवा की उपलब्धता की पुष्टि करें; दवा लेने में सहायता करें; यदि दवा नहीं है, तो सुविधा प्रभारी को सूचित करें (सिस्टम बाधा)।",ASHA,https://api.carejourney.example.com/status-update?episode=E0005261
E0001754,P001128,P1,long facility distance (33 km),अस्पताल की अधिक दूरी (33 किमी),"Contact patient within 48h; confirm medicine availability at facility; facilitate pickup/home delivery; if stock-out confirmed, escalate to facility in-charge (system barrier, not patient non-adherence)","48 घंटे के भीतर मरीज से संपर्क करें; अस्पताल में दवा की उपलब्धता की पुष्टि करें; दवा लेने में सहायता करें; यदि दवा नहीं है, तो सुविधा प्रभारी को सूचित करें (सिस्टम बाधा)।",ASHA,https://api.carejourney.example.com/status-update?episode=E0001754
E0001045,P000641,P1,long facility distance (33 km),अस्पताल की अधिक दूरी (33 किमी),"Contact patient within 48h; confirm medicine availability at facility; facilitate pickup/home delivery; if stock-out confirmed, escalate to facility in-charge (system barrier, not patient non-adherence)","48 घंटे के भीतर मरीज से संपर्क करें; अस्पताल में दवा की उपलब्धता की पुष्टि करें; दवा लेने में सहायता करें; यदि दवा नहीं है, तो सुविधा प्रभारी को सूचित करें (सिस्टम बाधा)।",ASHA,https://api.carejourney.example.com/status-update?episode=E0001045
E0003971,P002500,P1,long facility distance (33 km); previous low medicine collection; previous missed reviews,अस्पताल की अधिक दूरी (33 किमी); पहले दवा कम लेने का इतिहास; पहले समीक्षा मिस करने का इतिहास,"Contact patient within 48h; confirm medicine availability at facility; facilitate pickup/home delivery; if stock-out confirmed, escalate to facility in-charge (system barrier, not patient non-adherence)","48 घंटे के भीतर मरीज से संपर्क करें; अस्पताल में दवा की उपलब्धता की पुष्टि करें; दवा लेने में सहायता करें; यदि दवा नहीं है, तो सुविधा प्रभारी को सूचित करें (सिस्टम बाधा)।",ASHA,https://api.carejourney.example.com/status-update?episode=E0003971
E0001644,P001062,P1,long facility distance (35 km),अस्पताल की अधिक दूरी (35 किमी),"Contact patient within 48h; confirm medicine availability at facility; facilitate pickup/home delivery; if stock-out confirmed, escalate to facility in-charge (system barrier, not patient non-adherence)","48 घंटे के भीतर मरीज से संपर्क करें; अस्पताल में दवा की उपलब्धता की पुष्टि करें; दवा लेने में सहायता करें; यदि दवा नहीं है, तो सुविधा प्रभारी को सूचित करें (सिस्टम बाधा)।",ASHA,https://api.carejourney.example.com/status-update?episode=E0001644
E0003064,P001934,P4_OVERFLOW,long facility distance (35 km),अस्पताल की अधिक दूरी (35 किमी),"Contact patient within 48h; confirm medicine availability at facility; facilitate pickup/home delivery; if stock-out confirmed, escalate to facility in-charge (system barrier, not patient non-adherence)","48 घंटे के भीतर मरीज से संपर्क करें; अस्पताल में दवा की उपलब्धता की पुष्टि करें; दवा लेने में सहायता करें; यदि दवा नहीं है, तो सुविधा प्रभारी को सूचित करें (सिस्टम बाधा)।",TELECALL_OVERFLOW,https://api.carejourney.example.com/status-update?episode=E0003064
E0004583,P002881,P4_OVERFLOW,long facility distance (33 km),अस्पताल की अधिक दूरी (33 किमी),"Contact patient within 48h; confirm medicine availability at facility; facilitate pickup/home delivery; if stock-out confirmed, escalate to facility in-charge (system barrier, not patient non-adherence)","48 घंटे के भीतर मरीज से संपर्क करें; अस्पताल में दवा की उपलब्धता की पुष्टि करें; दवा लेने में सहायता करें; यदि दवा नहीं है, तो सुविधा प्रभारी को सूचित करें (सिस्टम बाधा)।",TELECALL_OVERFLOW,https://api.carejourney.example.com/status-update?episode=E0004583
E0005140,,P4_OVERFLOW,long facility distance (35 km),अस्पताल की अधिक दूरी (35 किमी),"Contact patient within 48h; confirm medicine availability at facility; facilitate pickup/home delivery; if stock-out confirmed, escalate to facility in-charge (system barrier, not patient non-adherence)","48 घंटे के भीतर मरीज से संपर्क करें; अस्पताल में दवा की उपलब्धता की पुष्टि करें; दवा लेने में सहायता करें; यदि दवा नहीं है, तो सुविधा प्रभारी को सूचित करें (सिस्टम बाधा)।",TELECALL_OVERFLOW,https://api.carejourney.example.com/status-update?episode=E0005140
E0000980,P000593,P4_OVERFLOW,long facility distance (33 km),अस्पताल की अधिक दूरी (33 किमी),"Contact patient within 48h; confirm medicine availability at facility; facilitate pickup/home delivery; if stock-out confirmed, escalate to facility in-charge (system barrier, not patient non-adherence)","48 घंटे के भीतर मरीज से संपर्क करें; अस्पताल में दवा की उपलब्धता की पुष्टि करें; दवा लेने में सहायता करें; यदि दवा नहीं है, तो सुविधा प्रभारी को सूचित करें (सिस्टम बाधा)।",TELECALL_OVERFLOW,https://api.carejourney.example.com/status-update?episode=E0000980
E0000467,P000272,P4_OVERFLOW,long facility distance (33 km),अस्पताल की अधिक दूरी (33 किमी),"Contact patient within 48h; confirm medicine availability at facility; facilitate pickup/home delivery; if stock-out confirmed, escalate to facility in-charge (system barrier, not patient non-adherence)","48 घंटे के भीतर मरीज से संपर्क करें; अस्पताल में दवा की उपलब्धता की पुष्टि करें; दवा लेने में सहायता करें; यदि दवा नहीं है, तो सुविधा प्रभारी को सूचित करें (सिस्टम बाधा)।",TELECALL_OVERFLOW,https://api.carejourney.example.com/status-update?episode=E0000467
E0003453,,P4_OVERFLOW,long facility distance (33 km),अस्पताल की अधिक दूरी (33 किमी),"Contact patient within 48h; confirm medicine availability at facility; facilitate pickup/home delivery; if stock-out confirmed, escalate to facility in-charge (system barrier, not patient non-adherence)","48 घंटे के भीतर मरीज से संपर्क करें; अस्पताल में दवा की उपलब्धता की पुष्टि करें; दवा लेने में सहायता करें; यदि दवा नहीं है, तो सुविधा प्रभारी को सूचित करें (सिस्टम बाधा)।",TELECALL_OVERFLOW,https://api.carejourney.example.com/status-update?episode=E0003453
E0003367,P002134,P4_OVERFLOW,long facility distance (35 km),अस्पताल की अधिक दूरी (35 किमी),"Contact patient within 48h; confirm medicine availability at facility; facilitate pickup/home delivery; if stock-out confirmed, escalate to facility in-charge (system barrier, not patient non-adherence)","48 घंटे के भीतर मरीज से संपर्क करें; अस्पताल में दवा की उपलब्धता की पुष्टि करें; दवा लेने में सहायता करें; यदि दवा नहीं है, तो सुविधा प्रभारी को सूचित करें (सिस्टम बाधा)।",TELECALL_OVERFLOW,https://api.carejourney.example.com/status-update?episode=E0003367
E0001958,P001257,P4_OVERFLOW,long facility distance (33 km); previous missed reviews,अस्पताल की अधिक दूरी (33 किमी); पहले समीक्षा मिस करने का इतिहास,"Contact patient within 48h; confirm medicine availability at facility; facilitate pickup/home delivery; if stock-out confirmed, escalate to facility in-charge (system barrier, not patient non-adherence)","48 घंटे के भीतर मरीज से संपर्क करें; अस्पताल में दवा की उपलब्धता की पुष्टि करें; दवा लेने में सहायता करें; यदि दवा नहीं है, तो सुविधा प्रभारी को सूचित करें (सिस्टम बाधा)।",TELECALL_OVERFLOW,https://api.carejourney.example.com/status-update?episode=E0001958
E0000929,P000563,P4_OVERFLOW,long facility distance (33 km),अस्पताल की अधिक दूरी (33 किमी),"Contact patient within 48h; confirm medicine availability at facility; facilitate pickup/home delivery; if stock-out confirmed, escalate to facility in-charge (system barrier, not patient non-adherence)","48 घंटे के भीतर मरीज से संपर्क करें; अस्पताल में दवा की उपलब्धता की पुष्टि करें; दवा लेने में सहायता करें; यदि दवा नहीं है, तो सुविधा प्रभारी को सूचित करें (सिस्टम बाधा)।",TELECALL_OVERFLOW,https://api.carejourney.example.com/status-update?episode=E0000929
E0000909,P000545,P4_OVERFLOW,long facility distance (35 km); previously unreachable on outreach,अस्पताल की अधिक दूरी (35 किमी); पहले आउटरीच पर संपर्क नहीं हो पाया,"Contact patient within 48h; confirm medicine availability at facility; facilitate pickup/home delivery; if stock-out confirmed, escalate to facility in-charge (system barrier, not patient non-adherence)","48 घंटे के भीतर मरीज से संपर्क करें; अस्पताल में दवा की उपलब्धता की पुष्टि करें; दवा लेने में सहायता करें; यदि दवा नहीं है, तो सुविधा प्रभारी को सूचित करें (सिस्टम बाधा)।",TELECALL_OVERFLOW,https://api.carejourney.example.com/status-update?episode=E0000909
E0001730,P001116,P4_OVERFLOW,long facility distance (33 km),अस्पताल की अधिक दूरी (33 किमी),"Contact patient within 48h; confirm medicine availability at facility; facilitate pickup/home delivery; if stock-out confirmed, escalate to facility in-charge (system barrier, not patient non-adherence)","48 घंटे के भीतर मरीज से संपर्क करें; अस्पताल में दवा की उपलब्धता की पुष्टि करें; दवा लेने में सहायता करें; यदि दवा नहीं है, तो सुविधा प्रभारी को सूचित करें (सिस्टम बाधा)।",TELECALL_OVERFLOW,https://api.carejourney.example.com/status-update?episode=E0001730
E0003607,P002285,P4_OVERFLOW,previous incomplete tests,पहले अधूरे टेस्ट,"Contact patient within 48h; confirm medicine availability at facility; facilitate pickup/home delivery; if stock-out confirmed, escalate to facility in-charge (system barrier, not patient non-adherence)","48 घंटे के भीतर मरीज से संपर्क करें; अस्पताल में दवा की उपलब्धता की पुष्टि करें; दवा लेने में सहायता करें; यदि दवा नहीं है, तो सुविधा प्रभारी को सूचित करें (सिस्टम बाधा)।",TELECALL_OVERFLOW,https://api.carejourney.example.com/status-update?episode=E0003607
E0002652,P001682,P4_OVERFLOW,long facility distance (35 km),अस्पताल की अधिक दूरी (35 किमी),Call with test details and where to go; assist scheduling; arrange transport guidance; re-check completion after 7 days,टेस्ट के विवरण और स्थान की जानकारी के लिए कॉल करें; शेड्यूलिंग में सहायता करें; 7 दिनों के बाद पुनः जांच करें।,TELECALL_OVERFLOW,https://api.carejourney.example.com/status-update?episode=E0002652
E0001064,P000653,P4_OVERFLOW,long facility distance (33 km); previous missed reviews,अस्पताल की अधिक दूरी (33 किमी); पहले समीक्षा मिस करने का इतिहास,"Contact patient within 48h; confirm medicine availability at facility; facilitate pickup/home delivery; if stock-out confirmed, escalate to facility in-charge (system barrier, not patient non-adherence)","48 घंटे के भीतर मरीज से संपर्क करें; अस्पताल में दवा की उपलब्धता की पुष्टि करें; दवा लेने में सहायता करें; यदि दवा नहीं है, तो सुविधा प्रभारी को सूचित करें (सिस्टम बाधा)।",TELECALL_OVERFLOW,https://api.carejourney.example.com/status-update?episode=E0001064
E0005302,P003365,P4_OVERFLOW,long facility distance (35 km); previous missed reviews,अस्पताल की अधिक दूरी (35 किमी); पहले समीक्षा मिस करने का इतिहास,Reminder before review due date; help book review slot; home visit if unreachable; follow up within 3 days of missed review,समीक्षा की तारीख से पहले याद दिलाएं; स्लॉट बुक करने में मदद करें; समीक्षा मिस होने के 3 दिनों के भीतर फॉलो-अप करें।,TELECALL_OVERFLOW,https://api.carejourney.example.com/status-update?episode=E0005302
E0001686,P001083,P4_OVERFLOW,previous low medicine collection; previous missed reviews; previously unreachable on outreach,पहले दवा कम लेने का इतिहास; पहले समीक्षा मिस करने का इतिहास; पहले आउटरीच पर संपर्क नहीं हो पाया,Call with test details and where to go; assist scheduling; arrange transport guidance; re-check completion after 7 days,टेस्ट के विवरण और स्थान की जानकारी के लिए कॉल करें; शेड्यूलिंग में सहायता करें; 7 दिनों के बाद पुनः जांच करें।,TELECALL_OVERFLOW,https://api.carejourney.example.com/status-update?episode=E0001686
E0002282,P001449,P4_OVERFLOW,previous low medicine collection,पहले दवा कम लेने का इतिहास,Call with test details and where to go; assist scheduling; arrange transport guidance; re-check completion after 7 days,टेस्ट के विवरण और स्थान की जानकारी के लिए कॉल करें; शेड्यूलिंग में सहायता करें; 7 दिनों के बाद पुनः जांच करें।,TELECALL_OVERFLOW,https://api.carejourney.example.com/status-update?episode=E0002282
E0000220,P000127,P4_OVERFLOW,previous incomplete tests,पहले अधूरे टेस्ट,Reminder before review due date; help book review slot; home visit if unreachable; follow up within 3 days of missed review,समीक्षा की तारीख से पहले याद दिलाएं; स्लॉट बुक करने में मदद करें; समीक्षा मिस होने के 3 दिनों के भीतर फॉलो-अप करें।,TELECALL_OVERFLOW,https://api.carejourney.example.com/status-update?episode=E0000220
E0004294,P002709,P4_OVERFLOW,previous low medicine collection; previous missed reviews,पहले दवा कम लेने का इतिहास; पहले समीक्षा मिस करने का इतिहास,Reminder before review due date; help book review slot; home visit if unreachable; follow up within 3 days of missed review,समीक्षा की तारीख से पहले याद दिलाएं; स्लॉट बुक करने में मदद करें; समीक्षा मिस होने के 3 दिनों के भीतर फॉलो-अप करें।,TELECALL_OVERFLOW,https://api.carejourney.example.com/status-update?episode=E0004294
E0003552,P002252,P1,long facility distance (26 km); previous missed reviews,अस्पताल की अधिक दूरी (26 किमी); पहले समीक्षा मिस करने का इतिहास,"Contact patient within 48h; confirm medicine availability at facility; facilitate pickup/home delivery; if stock-out confirmed, escalate to facility in-charge (system barrier, not patient non-adherence)","48 घंटे के भीतर मरीज से संपर्क करें; अस्पताल में दवा की उपलब्धता की पुष्टि करें; दवा लेने में सहायता करें; यदि दवा नहीं है, तो सुविधा प्रभारी को सूचित करें (सिस्टम बाधा)।",ASHA,https://api.carejourney.example.com/status-update?episode=E0003552
E0002255,P001433,P1,long facility distance (26 km),अस्पताल की अधिक दूरी (26 किमी),"Contact patient within 48h; confirm medicine availability at facility; facilitate pickup/home delivery; if stock-out confirmed, escalate to facility in-charge (system barrier, not patient non-adherence)","48 घंटे के भीतर मरीज से संपर्क करें; अस्पताल में दवा की उपलब्धता की पुष्टि करें; दवा लेने में सहायता करें; यदि दवा नहीं है, तो सुविधा प्रभारी को सूचित करें (सिस्टम बाधा)।",ASHA,https://api.carejourney.example.com/status-update?episode=E0002255
E0003214,P002023,P1,previously unreachable on outreach,पहले आउटरीच पर संपर्क नहीं हो पाया,"Contact patient within 48h; confirm medicine availability at facility; facilitate pickup/home delivery; if stock-out confirmed, escalate to facility in-charge (system barrier, not patient non-adherence)","48 घंटे के भीतर मरीज से संपर्क करें; अस्पताल में दवा की उपलब्धता की पुष्टि करें; दवा लेने में सहायता करें; यदि दवा नहीं है, तो सुविधा प्रभारी को सूचित करें (सिस्टम बाधा)।",ASHA,https://api.carejourney.example.com/status-update?episode=E0003214
E0002295,P001463,P1,long facility distance (26 km); previously unreachable on outreach,अस्पताल की अधिक दूरी (26 किमी); पहले आउटरीच पर संपर्क नहीं हो पाया,"Contact patient within 48h; confirm medicine availability at facility; facilitate pickup/home delivery; if stock-out confirmed, escalate to facility in-charge (system barrier, not patient non-adherence)","48 घंटे के भीतर मरीज से संपर्क करें; अस्पताल में दवा की उपलब्धता की पुष्टि करें; दवा लेने में सहायता करें; यदि दवा नहीं है, तो सुविधा प्रभारी को सूचित करें (सिस्टम बाधा)।",ASHA,https://api.carejourney.example.com/status-update?episode=E0002295
E0004429,P002792,P1,previous missed reviews,पहले समीक्षा मिस करने का इतिहास,"Contact patient within 48h; confirm medicine availability at facility; facilitate pickup/home delivery; if stock-out confirmed, escalate to facility in-charge (system barrier, not patient non-adherence)","48 घंटे के भीतर मरीज से संपर्क करें; अस्पताल में दवा की उपलब्धता की पुष्टि करें; दवा लेने में सहायता करें; यदि दवा नहीं है, तो सुविधा प्रभारी को सूचित करें (सिस्टम बाधा)।",ASHA,https://api.carejourney.example.com/status-update?episode=E0004429
E0001444,P000935,P1,advised care components with limited follow-up history,सीमित फॉलो-अप इतिहास,"Contact patient within 48h; confirm medicine availability at facility; facilitate pickup/home delivery; if stock-out confirmed, escalate to facility in-charge (system barrier, not patient non-adherence)","48 घंटे के भीतर मरीज से संपर्क करें; अस्पताल में दवा की उपलब्धता की पुष्टि करें; दवा लेने में सहायता करें; यदि दवा नहीं है, तो सुविधा प्रभारी को सूचित करें (सिस्टम बाधा)।",ASHA,https://api.carejourney.example.com/status-update?episode=E0001444
E0003116,P001967,P1,long facility distance (26 km),अस्पताल की अधिक दूरी (26 किमी),"Contact patient within 48h; confirm medicine availability at facility; facilitate pickup/home delivery; if stock-out confirmed, escalate to facility in-charge (system barrier, not patient non-adherence)","48 घंटे के भीतर मरीज से संपर्क करें; अस्पताल में दवा की उपलब्धता की पुष्टि करें; दवा लेने में सहायता करें; यदि दवा नहीं है, तो सुविधा प्रभारी को सूचित करें (सिस्टम बाधा)।",ASHA,https://api.carejourney.example.com/status-update?episode=E0003116
E0003763,P002374,P2,advised care components with limited follow-up history,सीमित फॉलो-अप इतिहास,"Contact patient within 48h; confirm medicine availability at facility; facilitate pickup/home delivery; if stock-out confirmed, escalate to facility in-charge (system barrier, not patient non-adherence)","48 घंटे के भीतर मरीज से संपर्क करें; अस्पताल में दवा की उपलब्धता की पुष्टि करें; दवा लेने में सहायता करें; यदि दवा नहीं है, तो सुविधा प्रभारी को सूचित करें (सिस्टम बाधा)।",ASHA,https://api.carejourney.example.com/status-update?episode=E0003763
E0002737,P001738,P2,previous low medicine collection; previously unreachable on outreach,पहले दवा कम लेने का इतिहास; पहले आउटरीच पर संपर्क नहीं हो पाया,"Contact patient within 48h; confirm medicine availability at facility; facilitate pickup/home delivery; if stock-out confirmed, escalate to facility in-charge (system barrier, not patient non-adherence)","48 घंटे के भीतर मरीज से संपर्क करें; अस्पताल में दवा की उपलब्धता की पुष्टि करें; दवा लेने में सहायता करें; यदि दवा नहीं है, तो सुविधा प्रभारी को सूचित करें (सिस्टम बाधा)।",ASHA,https://api.carejourney.example.com/status-update?episode=E0002737
E0003114,P001965,P2,previous missed reviews,पहले समीक्षा मिस करने का इतिहास,"Contact patient within 48h; confirm medicine availability at facility; facilitate pickup/home delivery; if stock-out confirmed, escalate to facility in-charge (system barrier, not patient non-adherence)","48 घंटे के भीतर मरीज से संपर्क करें; अस्पताल में दवा की उपलब्धता की पुष्टि करें; दवा लेने में सहायता करें; यदि दवा नहीं है, तो सुविधा प्रभारी को सूचित करें (सिस्टम बाधा)।",ASHA,https://api.carejourney.example.com/status-update?episode=E0003114
E0001366,P000873,P4_OVERFLOW,previous low medicine collection,पहले दवा कम लेने का इतिहास,"Contact patient within 48h; confirm medicine availability at facility; facilitate pickup/home delivery; if stock-out confirmed, escalate to facility in-charge (system barrier, not patient non-adherence)","48 घंटे के भीतर मरीज से संपर्क करें; अस्पताल में दवा की उपलब्धता की पुष्टि करें; दवा लेने में सहायता करें; यदि दवा नहीं है, तो सुविधा प्रभारी को सूचित करें (सिस्टम बाधा)।",TELECALL_OVERFLOW,https://api.carejourney.example.com/status-update?episode=E0001366
E0003523,P002233,P4_OVERFLOW,previous missed reviews; previously unreachable on outreach,पहले समीक्षा मिस करने का इतिहास; पहले आउटरीच पर संपर्क नहीं हो पाया,"Contact patient within 48h; confirm medicine availability at facility; facilitate pickup/home delivery; if stock-out confirmed, escalate to facility in-charge (system barrier, not patient non-adherence)","48 घंटे के भीतर मरीज से संपर्क करें; अस्पताल में दवा की उपलब्धता की पुष्टि करें; दवा लेने में सहायता करें; यदि दवा नहीं है, तो सुविधा प्रभारी को सूचित करें (सिस्टम बाधा)।",TELECALL_OVERFLOW,https://api.carejourney.example.com/status-update?episode=E0003523
E0000076,P000041,P4_OVERFLOW,advised care components with limited follow-up history,सीमित फॉलो-अप इतिहास,"Contact patient within 48h; confirm medicine availability at facility; facilitate pickup/home delivery; if stock-out confirmed, escalate to facility in-charge (system barrier, not patient non-adherence)","48 घंटे के भीतर मरीज से संपर्क करें; अस्पताल में दवा की उपलब्धता की पुष्टि करें; दवा लेने में सहायता करें; यदि दवा नहीं है, तो सुविधा प्रभारी को सूचित करें (सिस्टम बाधा)।",TELECALL_OVERFLOW,https://api.carejourney.example.com/status-update?episode=E0000076
E0000077,P000041,P4_OVERFLOW,long facility distance (26 km),अस्पताल की अधिक दूरी (26 किमी),"Contact patient within 48h; confirm medicine availability at facility; facilitate pickup/home delivery; if stock-out confirmed, escalate to facility in-charge (system barrier, not patient non-adherence)","48 घंटे के भीतर मरीज से संपर्क करें; अस्पताल में दवा की उपलब्धता की पुष्टि करें; दवा लेने में सहायता करें; यदि दवा नहीं है, तो सुविधा प्रभारी को सूचित करें (सिस्टम बाधा)।",TELECALL_OVERFLOW,https://api.carejourney.example.com/status-update?episode=E0000077
E0004460,P002812,P4_OVERFLOW,previous low medicine collection; previously unreachable on outreach,पहले दवा कम लेने का इतिहास; पहले आउटरीच पर संपर्क नहीं हो पाया,"Contact patient within 48h; confirm medicine availability at facility; facilitate pickup/home delivery; if stock-out confirmed, escalate to facility in-charge (system barrier, not patient non-adherence)","48 घंटे के भीतर मरीज से संपर्क करें; अस्पताल में दवा की उपलब्धता की पुष्टि करें; दवा लेने में सहायता करें; यदि दवा नहीं है, तो सुविधा प्रभारी को सूचित करें (सिस्टम बाधा)।",TELECALL_OVERFLOW,https://api.carejourney.example.com/status-update?episode=E0004460
E0004375,,P4_OVERFLOW,advised care components with limited follow-up history,सीमित फॉलो-अप इतिहास,"Contact patient within 48h; confirm medicine availability at facility; facilitate pickup/home delivery; if stock-out confirmed, escalate to facility in-charge (system barrier, not patient non-adherence)","48 घंटे के भीतर मरीज से संपर्क करें; अस्पताल में दवा की उपलब्धता की पुष्टि करें; दवा लेने में सहायता करें; यदि दवा नहीं है, तो सुविधा प्रभारी को सूचित करें (सिस्टम बाधा)।",TELECALL_OVERFLOW,https://api.carejourney.example.com/status-update?episode=E0004375
E0002525,P001607,P4_OVERFLOW,advised care components with limited follow-up history,सीमित फॉलो-अप इतिहास,Call with test details and where to go; assist scheduling; arrange transport guidance; re-check completion after 7 days,टेस्ट के विवरण और स्थान की जानकारी के लिए कॉल करें; शेड्यूलिंग में सहायता करें; 7 दिनों के बाद पुनः जांच करें।,TELECALL_OVERFLOW,https://api.carejourney.example.com/status-update?episode=E0002525
E0004012,P002532,P4_OVERFLOW,previous low medicine collection; previous missed reviews,पहले दवा कम लेने का इतिहास; पहले समीक्षा मिस करने का इतिहास,Reminder before review due date; help book review slot; home visit if unreachable; follow up within 3 days of missed review,समीक्षा की तारीख से पहले याद दिलाएं; स्लॉट बुक करने में मदद करें; समीक्षा मिस होने के 3 दिनों के भीतर फॉलो-अप करें।,TELECALL_OVERFLOW,https://api.carejourney.example.com/status-update?episode=E0004012
E0003088,P001943,P4_OVERFLOW,previous low medicine collection; previous missed reviews; previously unreachable on outreach,पहले दवा कम लेने का इतिहास; पहले समीक्षा मिस करने का इतिहास; पहले आउटरीच पर संपर्क नहीं हो पाया,Call with test details and where to go; assist scheduling; arrange transport guidance; re-check completion after 7 days,टेस्ट के विवरण और स्थान की जानकारी के लिए कॉल करें; शेड्यूलिंग में सहायता करें; 7 दिनों के बाद पुनः जांच करें।,TELECALL_OVERFLOW,https://api.carejourney.example.com/status-update?episode=E0003088
E0001166,P000724,P4_OVERFLOW,previous low medicine collection; previous missed reviews; previous incomplete tests,पहले दवा कम लेने का इतिहास; पहले समीक्षा मिस करने का इतिहास; पहले अधूरे टेस्ट,Call with test details and where to go; assist scheduling; arrange transport guidance; re-check completion after 7 days,टेस्ट के विवरण और स्थान की जानकारी के लिए कॉल करें; शेड्यूलिंग में सहायता करें; 7 दिनों के बाद पुनः जांच करें।,TELECALL_OVERFLOW,https://api.carejourney.example.com/status-update?episode=E0001166
E0000287,P000160,P4_OVERFLOW,long facility distance (26 km); previous missed reviews,अस्पताल की अधिक दूरी (26 किमी); पहले समीक्षा मिस करने का इतिहास,Reminder before review due date; help book review slot; home visit if unreachable; follow up within 3 days of missed review,समीक्षा की तारीख से पहले याद दिलाएं; स्लॉट बुक करने में मदद करें; समीक्षा मिस होने के 3 दिनों के भीतर फॉलो-अप करें।,TELECALL_OVERFLOW,https://api.carejourney.example.com/status-update?episode=E0000287
E0001648,P001062,P4_OVERFLOW,advised care components with limited follow-up history,सीमित फॉलो-अप इतिहास,Call with test details and where to go; assist scheduling; arrange transport guidance; re-check completion after 7 days,टेस्ट के विवरण और स्थान की जानकारी के लिए कॉल करें; शेड्यूलिंग में सहायता करें; 7 दिनों के बाद पुनः जांच करें।,TELECALL_OVERFLOW,https://api.carejourney.example.com/status-update?episode=E0001648
E0003989,P002514,P4_OVERFLOW,previous low medicine collection; previous missed reviews,पहले दवा कम लेने का इतिहास; पहले समीक्षा मिस करने का इतिहास,Reminder before review due date; help book review slot; home visit if unreachable; follow up within 3 days of missed review,समीक्षा की तारीख से पहले याद दिलाएं; स्लॉट बुक करने में मदद करें; समीक्षा मिस होने के 3 दिनों के भीतर फॉलो-अप करें।,TELECALL_OVERFLOW,https://api.carejourney.example.com/status-update?episode=E0003989
E0001908,P001227,P4_OVERFLOW,previous missed reviews,पहले समीक्षा मिस करने का इतिहास,Reminder before review due date; help book review slot; home visit if unreachable; follow up within 3 days of missed review,समीक्षा की तारीख से पहले याद दिलाएं; स्लॉट बुक करने में मदद करें; समीक्षा मिस होने के 3 दिनों के भीतर फॉलो-अप करें।,TELECALL_OVERFLOW,https://api.carejourney.example.com/status-update?episode=E0001908
E0003111,P001965,P4_OVERFLOW,previous missed reviews,पहले समीक्षा मिस करने का इतिहास,Reminder before review due date; help book review slot; home visit if unreachable; follow up within 3 days of missed review,समीक्षा की तारीख से पहले याद दिलाएं; स्लॉट बुक करने में मदद करें; समीक्षा मिस होने के 3 दिनों के भीतर फॉलो-अप करें।,TELECALL_OVERFLOW,https://api.carejourney.example.com/status-update?episode=E0003111
E0003446,P002190,P4_OVERFLOW,previous low medicine collection; previous missed reviews,पहले दवा कम लेने का इतिहास; पहले समीक्षा मिस करने का इतिहास,Reminder before review due date; help book review slot; home visit if unreachable; follow up within 3 days of missed review,समीक्षा की तारीख से पहले याद दिलाएं; स्लॉट बुक करने में मदद करें; समीक्षा मिस होने के 3 दिनों के भीतर फॉलो-अप करें।,TELECALL_OVERFLOW,https://api.carejourney.example.com/status-update?episode=E0003446
E0003187,P002009,P1,previous low medicine collection,पहले दवा कम लेने का इतिहास,"Contact patient within 48h; confirm medicine availability at facility; facilitate pickup/home delivery; if stock-out confirmed, escalate to facility in-charge (system barrier, not patient non-adherence)","48 घंटे के भीतर मरीज से संपर्क करें; अस्पताल में दवा की उपलब्धता की पुष्टि करें; दवा लेने में सहायता करें; यदि दवा नहीं है, तो सुविधा प्रभारी को सूचित करें (सिस्टम बाधा)।",ASHA,https://api.carejourney.example.com/status-update?episode=E0003187
E0004115,P002586,P1,advised care components with limited follow-up history,सीमित फॉलो-अप इतिहास,"Contact patient within 48h; confirm medicine availability at facility; facilitate pickup/home delivery; if stock-out confirmed, escalate to facility in-charge (system barrier, not patient non-adherence)","48 घंटे के भीतर मरीज से संपर्क करें; अस्पताल में दवा की उपलब्धता की पुष्टि करें; दवा लेने में सहायता करें; यदि दवा नहीं है, तो सुविधा प्रभारी को सूचित करें (सिस्टम बाधा)।",ASHA,https://api.carejourney.example.com/status-update?episode=E0004115
E0000113,P000065,P1,advised care components with limited follow-up history,सीमित फॉलो-अप इतिहास,"Contact patient within 48h; confirm medicine availability at facility; facilitate pickup/home delivery; if stock-out confirmed, escalate to facility in-charge (system barrier, not patient non-adherence)","48 घंटे के भीतर मरीज से संपर्क करें; अस्पताल में दवा की उपलब्धता की पुष्टि करें; दवा लेने में सहायता करें; यदि दवा नहीं है, तो सुविधा प्रभारी को सूचित करें (सिस्टम बाधा)।",ASHA,https://api.carejourney.example.com/status-update?episode=E0000113
E0003851,P002418,P1,advised care components with limited follow-up history,सीमित फॉलो-अप इतिहास,"Contact patient within 48h; confirm medicine availability at facility; facilitate pickup/home delivery; if stock-out confirmed, escalate to facility in-charge (system barrier, not patient non-adherence)","48 घंटे के भीतर मरीज से संपर्क करें; अस्पताल में दवा की उपलब्धता की पुष्टि करें; दवा लेने में सहायता करें; यदि दवा नहीं है, तो सुविधा प्रभारी को सूचित करें (सिस्टम बाधा)।",ASHA,https://api.carejourney.example.com/status-update?episode=E0003851
E0001627,P001055,P1,advised care components with limited follow-up history,सीमित फॉलो-अप इतिहास,"Contact patient within 48h; confirm medicine availability at facility; facilitate pickup/home delivery; if stock-out confirmed, escalate to facility in-charge (system barrier, not patient non-adherence)","48 घंटे के भीतर मरीज से संपर्क करें; अस्पताल में दवा की उपलब्धता की पुष्टि करें; दवा लेने में सहायता करें; यदि दवा नहीं है, तो सुविधा प्रभारी को सूचित करें (सिस्टम बाधा)।",ASHA,https://api.carejourney.example.com/status-update?episode=E0001627
E0004773,P003015,P1,advised care components with limited follow-up history,सीमित फॉलो-अप इतिहास,"Contact patient within 48h; confirm medicine availability at facility; facilitate pickup/home delivery; if stock-out confirmed, escalate to facility in-charge (system barrier, not patient non-adherence)","48 घंटे के भीतर मरीज से संपर्क करें; अस्पताल में दवा की उपलब्धता की पुष्टि करें; दवा लेने में सहायता करें; यदि दवा नहीं है, तो सुविधा प्रभारी को सूचित करें (सिस्टम बाधा)।",ASHA,https://api.carejourney.example.com/status-update?episode=E0004773
E0000681,P000398,P2,previous missed reviews,पहले समीक्षा मिस करने का इतिहास,"Contact patient within 48h; confirm medicine availability at facility; facilitate pickup/home delivery; if stock-out confirmed, escalate to facility in-charge (system barrier, not patient non-adherence)","48 घंटे के भीतर मरीज से संपर्क करें; अस्पताल में दवा की उपलब्धता की पुष्टि करें; दवा लेने में सहायता करें; यदि दवा नहीं है, तो सुविधा प्रभारी को सूचित करें (सिस्टम बाधा)।",ASHA,https://api.carejourney.example.com/status-update?episode=E0000681
E0001477,P000955,P2,advised care components with limited follow-up history,सीमित फॉलो-अप इतिहास,"Contact patient within 48h; confirm medicine availability at facility; facilitate pickup/home delivery; if stock-out confirmed, escalate to facility in-charge (system barrier, not patient non-adherence)","48 घंटे के भीतर मरीज से संपर्क करें; अस्पताल में दवा की उपलब्धता की पुष्टि करें; दवा लेने में सहायता करें; यदि दवा नहीं है, तो सुविधा प्रभारी को सूचित करें (सिस्टम बाधा)।",ASHA,https://api.carejourney.example.com/status-update?episode=E0001477
E0002138,P001371,P2,previous missed reviews,पहले समीक्षा मिस करने का इतिहास,"Contact patient within 48h; confirm medicine availability at facility; facilitate pickup/home delivery; if stock-out confirmed, escalate to facility in-charge (system barrier, not patient non-adherence)","48 घंटे के भीतर मरीज से संपर्क करें; अस्पताल में दवा की उपलब्धता की पुष्टि करें; दवा लेने में सहायता करें; यदि दवा नहीं है, तो सुविधा प्रभारी को सूचित करें (सिस्टम बाधा)।",ASHA,https://api.carejourney.example.com/status-update?episode=E0002138
E0003965,P002493,P2,previous incomplete tests,पहले अधूरे टेस्ट,"Contact patient within 48h; confirm medicine availability at facility; facilitate pickup/home delivery; if stock-out confirmed, escalate to facility in-charge (system barrier, not patient non-adherence)","48 घंटे के भीतर मरीज से संपर्क करें; अस्पताल में दवा की उपलब्धता की पुष्टि करें; दवा लेने में सहायता करें; यदि दवा नहीं है, तो सुविधा प्रभारी को सूचित करें (सिस्टम बाधा)।",ASHA,https://api.carejourney.example.com/status-update?episode=E0003965
E0000132,P000074,P4_OVERFLOW,previous missed reviews,पहले समीक्षा मिस करने का इतिहास,"Contact patient within 48h; confirm medicine availability at facility; facilitate pickup/home delivery; if stock-out confirmed, escalate to facility in-charge (system barrier, not patient non-adherence)","48 घंटे के भीतर मरीज से संपर्क करें; अस्पताल में दवा की उपलब्धता की पुष्टि करें; दवा लेने में सहायता करें; यदि दवा नहीं है, तो सुविधा प्रभारी को सूचित करें (सिस्टम बाधा)।",TELECALL_OVERFLOW,https://api.carejourney.example.com/status-update?episode=E0000132
E0002858,P001825,P4_OVERFLOW,advised care components with limited follow-up history,सीमित फॉलो-अप इतिहास,"Contact patient within 48h; confirm medicine availability at facility; facilitate pickup/home delivery; if stock-out confirmed, escalate to facility in-charge (system barrier, not patient non-adherence)","48 घंटे के भीतर मरीज से संपर्क करें; अस्पताल में दवा की उपलब्धता की पुष्टि करें; दवा लेने में सहायता करें; यदि दवा नहीं है, तो सुविधा प्रभारी को सूचित करें (सिस्टम बाधा)।",TELECALL_OVERFLOW,https://api.carejourney.example.com/status-update?episode=E0002858
E0000441,P000250,P4_OVERFLOW,previous missed reviews,पहले समीक्षा मिस करने का इतिहास,"Contact patient within 48h; confirm medicine availability at facility; facilitate pickup/home delivery; if stock-out confirmed, escalate to facility in-charge (system barrier, not patient non-adherence)","48 घंटे के भीतर मरीज से संपर्क करें; अस्पताल में दवा की उपलब्धता की पुष्टि करें; दवा लेने में सहायता करें; यदि दवा नहीं है, तो सुविधा प्रभारी को सूचित करें (सिस्टम बाधा)।",TELECALL_OVERFLOW,https://api.carejourney.example.com/status-update?episode=E0000441
E0003746,P002362,P4_OVERFLOW,advised care components with limited follow-up history,सीमित फॉलो-अप इतिहास,"Contact patient within 48h; confirm medicine availability at facility; facilitate pickup/home delivery; if stock-out confirmed, escalate to facility in-charge (system barrier, not patient non-adherence)","48 घंटे के भीतर मरीज से संपर्क करें; अस्पताल में दवा की उपलब्धता की पुष्टि करें; दवा लेने में सहायता करें; यदि दवा नहीं है, तो सुविधा प्रभारी को सूचित करें (सिस्टम बाधा)।",TELECALL_OVERFLOW,https://api.carejourney.example.com/status-update?episode=E0003746
E0004425,P002791,P4_OVERFLOW,advised care components with limited follow-up history,सीमित फॉलो-अप इतिहास,"Contact patient within 48h; confirm medicine availability at facility; facilitate pickup/home delivery; if stock-out confirmed, escalate to facility in-charge (system barrier, not patient non-adherence)","48 घंटे के भीतर मरीज से संपर्क करें; अस्पताल में दवा की उपलब्धता की पुष्टि करें; दवा लेने में सहायता करें; यदि दवा नहीं है, तो सुविधा प्रभारी को सूचित करें (सिस्टम बाधा)।",TELECALL_OVERFLOW,https://api.carejourney.example.com/status-update?episode=E0004425
E0004955,P003136,P4_OVERFLOW,advised care components with limited follow-up history,सीमित फॉलो-अप इतिहास,"Contact patient within 48h; confirm medicine availability at facility; facilitate pickup/home delivery; if stock-out confirmed, escalate to facility in-charge (system barrier, not patient non-adherence)","48 घंटे के भीतर मरीज से संपर्क करें; अस्पताल में दवा की उपलब्धता की पुष्टि करें; दवा लेने में सहायता करें; यदि दवा नहीं है, तो सुविधा प्रभारी को सूचित करें (सिस्टम बाधा)।",TELECALL_OVERFLOW,https://api.carejourney.example.com/status-update?episode=E0004955
E0003059,P001934,P4_OVERFLOW,advised care components with limited follow-up history,सीमित फॉलो-अप इतिहास,"Contact patient within 48h; confirm medicine availability at facility; facilitate pickup/home delivery; if stock-out confirmed, escalate to facility in-charge (system barrier, not patient non-adherence)","48 घंटे के भीतर मरीज से संपर्क करें; अस्पताल में दवा की उपलब्धता की पुष्टि करें; दवा लेने में सहायता करें; यदि दवा नहीं है, तो सुविधा प्रभारी को सूचित करें (सिस्टम बाधा)।",TELECALL_OVERFLOW,https://api.carejourney.example.com/status-update?episode=E0003059
E0000185,P000108,P4_OVERFLOW,previous low medicine collection,पहले दवा कम लेने का इतिहास,"Contact patient within 48h; confirm medicine availability at facility; facilitate pickup/home delivery; if stock-out confirmed, escalate to facility in-charge (system barrier, not patient non-adherence)","48 घंटे के भीतर मरीज से संपर्क करें; अस्पताल में दवा की उपलब्धता की पुष्टि करें; दवा लेने में सहायता करें; यदि दवा नहीं है, तो सुविधा प्रभारी को सूचित करें (सिस्टम बाधा)।",TELECALL_OVERFLOW,https://api.carejourney.example.com/status-update?episode=E0000185
E0000470,P000275,P4_OVERFLOW,advised care components with limited follow-up history,सीमित फॉलो-अप इतिहास,Reminder before review due date; help book review slot; home visit if unreachable; follow up within 3 days of missed review,समीक्षा की तारीख से पहले याद दिलाएं; स्लॉट बुक करने में मदद करें; समीक्षा मिस होने के 3 दिनों के भीतर फॉलो-अप करें।,TELECALL_OVERFLOW,https://api.carejourney.example.com/status-update?episode=E0000470
E0002954,P001876,P4_OVERFLOW,advised care components with limited follow-up history,सीमित फॉलो-अप इतिहास,Call with test details and where to go; assist scheduling; arrange transport guidance; re-check completion after 7 days,टेस्ट के विवरण और स्थान की जानकारी के लिए कॉल करें; शेड्यूलिंग में सहायता करें; 7 दिनों के बाद पुनः जांच करें।,TELECALL_OVERFLOW,https://api.carejourney.example.com/status-update?episode=E0002954
E0004822,P003057,P4_OVERFLOW,previous missed reviews,पहले समीक्षा मिस करने का इतिहास,Call with test details and where to go; assist scheduling; arrange transport guidance; re-check completion after 7 days,टेस्ट के विवरण और स्थान की जानकारी के लिए कॉल करें; शेड्यूलिंग में सहायता करें; 7 दिनों के बाद पुनः जांच करें।,TELECALL_OVERFLOW,https://api.carejourney.example.com/status-update?episode=E0004822
E0002637,P001670,P4_OVERFLOW,previous low medicine collection; previous missed reviews,पहले दवा कम लेने का इतिहास; पहले समीक्षा मिस करने का इतिहास,Reminder before review due date; help book review slot; home visit if unreachable; follow up within 3 days of missed review,समीक्षा की तारीख से पहले याद दिलाएं; स्लॉट बुक करने में मदद करें; समीक्षा मिस होने के 3 दिनों के भीतर फॉलो-अप करें।,TELECALL_OVERFLOW,https://api.carejourney.example.com/status-update?episode=E0002637
E0001026,P000626,P4_OVERFLOW,advised care components with limited follow-up history,सीमित फॉलो-अप इतिहास,Reminder before review due date; help book review slot; home visit if unreachable; follow up within 3 days of missed review,समीक्षा की तारीख से पहले याद दिलाएं; स्लॉट बुक करने में मदद करें; समीक्षा मिस होने के 3 दिनों के भीतर फॉलो-अप करें।,TELECALL_OVERFLOW,https://api.carejourney.example.com/status-update?episode=E0001026
E0002768,P001762,P1,previous low medicine collection; previously unreachable on outreach,पहले दवा कम लेने का इतिहास; पहले आउटरीच पर संपर्क नहीं हो पाया,"Contact patient within 48h; confirm medicine availability at facility; facilitate pickup/home delivery; if stock-out confirmed, escalate to facility in-charge (system barrier, not patient non-adherence)","48 घंटे के भीतर मरीज से संपर्क करें; अस्पताल में दवा की उपलब्धता की पुष्टि करें; दवा लेने में सहायता करें; यदि दवा नहीं है, तो सुविधा प्रभारी को सूचित करें (सिस्टम बाधा)।",ASHA,https://api.carejourney.example.com/status-update?episode=E0002768
E0001761,P001130,P1,advised care components with limited follow-up history,सीमित फॉलो-अप इतिहास,"Contact patient within 48h; confirm medicine availability at facility; facilitate pickup/home delivery; if stock-out confirmed, escalate to facility in-charge (system barrier, not patient non-adherence)","48 घंटे के भीतर मरीज से संपर्क करें; अस्पताल में दवा की उपलब्धता की पुष्टि करें; दवा लेने में सहायता करें; यदि दवा नहीं है, तो सुविधा प्रभारी को सूचित करें (सिस्टम बाधा)।",ASHA,https://api.carejourney.example.com/status-update?episode=E0001761
E0004095,P002574,P1,advised care components with limited follow-up history,सीमित फॉलो-अप इतिहास,"Contact patient within 48h; confirm medicine availability at facility; facilitate pickup/home delivery; if stock-out confirmed, escalate to facility in-charge (system barrier, not patient non-adherence)","48 घंटे के भीतर मरीज से संपर्क करें; अस्पताल में दवा की उपलब्धता की पुष्टि करें; दवा लेने में सहायता करें; यदि दवा नहीं है, तो सुविधा प्रभारी को सूचित करें (सिस्टम बाधा)।",ASHA,https://api.carejourney.example.com/status-update?episode=E0004095
E0005146,P003266,P3,advised care components with limited follow-up history,सीमित फॉलो-अप इतिहास,"Contact patient within 48h; confirm medicine availability at facility; facilitate pickup/home delivery; if stock-out confirmed, escalate to facility in-charge (system barrier, not patient non-adherence)","48 घंटे के भीतर मरीज से संपर्क करें; अस्पताल में दवा की उपलब्धता की पुष्टि करें; दवा लेने में सहायता करें; यदि दवा नहीं है, तो सुविधा प्रभारी को सूचित करें (सिस्टम बाधा)।",ASHA,https://api.carejourney.example.com/status-update?episode=E0005146
E0002620,P001662,P3,previous missed reviews,पहले समीक्षा मिस करने का इतिहास,"Contact patient within 48h; confirm medicine availability at facility; facilitate pickup/home delivery; if stock-out confirmed, escalate to facility in-charge (system barrier, not patient non-adherence)","48 घंटे के भीतर मरीज से संपर्क करें; अस्पताल में दवा की उपलब्धता की पुष्टि करें; दवा लेने में सहायता करें; यदि दवा नहीं है, तो सुविधा प्रभारी को सूचित करें (सिस्टम बाधा)।",ASHA,https://api.carejourney.example.com/status-update?episode=E0002620
E0001891,P001216,P3,advised care components with limited follow-up history,सीमित फॉलो-अप इतिहास,"Contact patient within 48h; confirm medicine availability at facility; facilitate pickup/home delivery; if stock-out confirmed, escalate to facility in-charge (system barrier, not patient non-adherence)","48 घंटे के भीतर मरीज से संपर्क करें; अस्पताल में दवा की उपलब्धता की पुष्टि करें; दवा लेने में सहायता करें; यदि दवा नहीं है, तो सुविधा प्रभारी को सूचित करें (सिस्टम बाधा)।",ASHA,https://api.carejourney.example.com/status-update?episode=E0001891
E0001212,P000757,P3,previous low medicine collection; previous missed reviews,पहले दवा कम लेने का इतिहास; पहले समीक्षा मिस करने का इतिहास,"Contact patient within 48h; confirm medicine availability at facility; facilitate pickup/home delivery; if stock-out confirmed, escalate to facility in-charge (system barrier, not patient non-adherence)","48 घंटे के भीतर मरीज से संपर्क करें; अस्पताल में दवा की उपलब्धता की पुष्टि करें; दवा लेने में सहायता करें; यदि दवा नहीं है, तो सुविधा प्रभारी को सूचित करें (सिस्टम बाधा)।",ASHA,https://api.carejourney.example.com/status-update?episode=E0001212
E0003130,P001974,P3,previous low medicine collection; previous missed reviews; previously unreachable on outreach,पहले दवा कम लेने का इतिहास; पहले समीक्षा मिस करने का इतिहास; पहले आउटरीच पर संपर्क नहीं हो पाया,Call with test details and where to go; assist scheduling; arrange transport guidance; re-check completion after 7 days,टेस्ट के विवरण और स्थान की जानकारी के लिए कॉल करें; शेड्यूलिंग में सहायता करें; 7 दिनों के बाद पुनः जांच करें।,ASHA,https://api.carejourney.example.com/status-update?episode=E0003130
E0003958,P002489,P3,advised care components with limited follow-up history,सीमित फॉलो-अप इतिहास,Reminder before review due date; help book review slot; home visit if unreachable; follow up within 3 days of missed review,समीक्षा की तारीख से पहले याद दिलाएं; स्लॉट बुक करने में मदद करें; समीक्षा मिस होने के 3 दिनों के भीतर फॉलो-अप करें।,CHO,https://api.carejourney.example.com/status-update?episode=E0003958
E0004342,P002736,P3,previously unreachable on outreach,पहले आउटरीच पर संपर्क नहीं हो पाया,Call with test details and where to go; assist scheduling; arrange transport guidance; re-check completion after 7 days,टेस्ट के विवरण और स्थान की जानकारी के लिए कॉल करें; शेड्यूलिंग में सहायता करें; 7 दिनों के बाद पुनः जांच करें।,ASHA,https://api.carejourney.example.com/status-update?episode=E0004342
E0003642,P002298,P4_OVERFLOW,previous missed reviews,पहले समीक्षा मिस करने का इतिहास,Reminder before review due date; help book review slot; home visit if unreachable; follow up within 3 days of missed review,समीक्षा की तारीख से पहले याद दिलाएं; स्लॉट बुक करने में मदद करें; समीक्षा मिस होने के 3 दिनों के भीतर फॉलो-अप करें।,TELECALL_OVERFLOW,https://api.carejourney.example.com/status-update?episode=E0003642
E0005337,P003391,P4_OVERFLOW,advised care components with limited follow-up history,सीमित फॉलो-अप इतिहास,Call with test details and where to go; assist scheduling; arrange transport guidance; re-check completion after 7 days,टेस्ट के विवरण और स्थान की जानकारी के लिए कॉल करें; शेड्यूलिंग में सहायता करें; 7 दिनों के बाद पुनः जांच करें।,TELECALL_OVERFLOW,https://api.carejourney.example.com/status-update?episode=E0005337
E0002379,P001511,P4_OVERFLOW,previously unreachable on outreach,पहले आउटरीच पर संपर्क नहीं हो पाया,Call with test details and where to go; assist scheduling; arrange transport guidance; re-check completion after 7 days,टेस्ट के विवरण और स्थान की जानकारी के लिए कॉल करें; शेड्यूलिंग में सहायता करें; 7 दिनों के बाद पुनः जांच करें।,TELECALL_OVERFLOW,https://api.carejourney.example.com/status-update?episode=E0002379
E0002884,P001840,P4_OVERFLOW,advised care components with limited follow-up history,सीमित फॉलो-अप इतिहास,Reminder before review due date; help book review slot; home visit if unreachable; follow up within 3 days of missed review,समीक्षा की तारीख से पहले याद दिलाएं; स्लॉट बुक करने में मदद करें; समीक्षा मिस होने के 3 दिनों के भीतर फॉलो-अप करें।,TELECALL_OVERFLOW,https://api.carejourney.example.com/status-update?episode=E0002884
E0001592,P001031,P4_OVERFLOW,previous low medicine collection; previous missed reviews; previously unreachable on outreach,पहले दवा कम लेने का इतिहास; पहले समीक्षा मिस करने का इतिहास; पहले आउटरीच पर संपर्क नहीं हो पाया,Reminder before review due date; help book review slot; home visit if unreachable; follow up within 3 days of missed review,समीक्षा की तारीख से पहले याद दिलाएं; स्लॉट बुक करने में मदद करें; समीक्षा मिस होने के 3 दिनों के भीतर फॉलो-अप करें।,TELECALL_OVERFLOW,https://api.carejourney.example.com/status-update?episode=E0001592
E0003473,P002206,P4_OVERFLOW,previous low medicine collection; previous missed reviews,पहले दवा कम लेने का इतिहास; पहले समीक्षा मिस करने का इतिहास,Reminder before review due date; help book review slot; home visit if unreachable; follow up within 3 days of missed review,समीक्षा की तारीख से पहले याद दिलाएं; स्लॉट बुक करने में मदद करें; समीक्षा मिस होने के 3 दिनों के भीतर फॉलो-अप करें।,TELECALL_OVERFLOW,https://api.carejourney.example.com/status-update?episode=E0003473
E0001972,P001262,P1,advised care components with limited follow-up history,सीमित फॉलो-अप इतिहास,"Contact patient within 48h; confirm medicine availability at facility; facilitate pickup/home delivery; if stock-out confirmed, escalate to facility in-charge (system barrier, not patient non-adherence)","48 घंटे के भीतर मरीज से संपर्क करें; अस्पताल में दवा की उपलब्धता की पुष्टि करें; दवा लेने में सहायता करें; यदि दवा नहीं है, तो सुविधा प्रभारी को सूचित करें (सिस्टम बाधा)।",ASHA,https://api.carejourney.example.com/status-update?episode=E0001972
E0003774,P002381,P1,previous missed reviews; previously unreachable on outreach,पहले समीक्षा मिस करने का इतिहास; पहले आउटरीच पर संपर्क नहीं हो पाया,"Contact patient within 48h; confirm medicine availability at facility; facilitate pickup/home delivery; if stock-out confirmed, escalate to facility in-charge (system barrier, not patient non-adherence)","48 घंटे के भीतर मरीज से संपर्क करें; अस्पताल में दवा की उपलब्धता की पुष्टि करें; दवा लेने में सहायता करें; यदि दवा नहीं है, तो सुविधा प्रभारी को सूचित करें (सिस्टम बाधा)।",ASHA,https://api.carejourney.example.com/status-update?episode=E0003774
E0005479,P003498,P1,previous missed reviews,पहले समीक्षा मिस करने का इतिहास,"Contact patient within 48h; confirm medicine availability at facility; facilitate pickup/home delivery; if stock-out confirmed, escalate to facility in-charge (system barrier, not patient non-adherence)","48 घंटे के भीतर मरीज से संपर्क करें; अस्पताल में दवा की उपलब्धता की पुष्टि करें; दवा लेने में सहायता करें; यदि दवा नहीं है, तो सुविधा प्रभारी को सूचित करें (सिस्टम बाधा)।",ASHA,https://api.carejourney.example.com/status-update?episode=E0005479
E0003657,P002302,P1,long facility distance (26 km); previous missed reviews; previously unreachable on outreach,अस्पताल की अधिक दूरी (26 किमी); पहले समीक्षा मिस करने का इतिहास; पहले आउटरीच पर संपर्क नहीं हो पाया,"Contact patient within 48h; confirm medicine availability at facility; facilitate pickup/home delivery; if stock-out confirmed, escalate to facility in-charge (system barrier, not patient non-adherence)","48 घंटे के भीतर मरीज से संपर्क करें; अस्पताल में दवा की उपलब्धता की पुष्टि करें; दवा लेने में सहायता करें; यदि दवा नहीं है, तो सुविधा प्रभारी को सूचित करें (सिस्टम बाधा)।",ASHA,https://api.carejourney.example.com/status-update?episode=E0003657
E0003185,P002009,P1,previous low medicine collection,पहले दवा कम लेने का इतिहास,"Contact patient within 48h; confirm medicine availability at facility; facilitate pickup/home delivery; if stock-out confirmed, escalate to facility in-charge (system barrier, not patient non-adherence)","48 घंटे के भीतर मरीज से संपर्क करें; अस्पताल में दवा की उपलब्धता की पुष्टि करें; दवा लेने में सहायता करें; यदि दवा नहीं है, तो सुविधा प्रभारी को सूचित करें (सिस्टम बाधा)।",ASHA,https://api.carejourney.example.com/status-update?episode=E0003185
E0001401,P000897,P1,long facility distance (26 km); previous missed reviews; previously unreachable on outreach,अस्पताल की अधिक दूरी (26 किमी); पहले समीक्षा मिस करने का इतिहास; पहले आउटरीच पर संपर्क नहीं हो पाया,"Contact patient within 48h; confirm medicine availability at facility; facilitate pickup/home delivery; if stock-out confirmed, escalate to facility in-charge (system barrier, not patient non-adherence)","48 घंटे के भीतर मरीज से संपर्क करें; अस्पताल में दवा की उपलब्धता की पुष्टि करें; दवा लेने में सहायता करें; यदि दवा नहीं है, तो सुविधा प्रभारी को सूचित करें (सिस्टम बाधा)।",ASHA,https://api.carejourney.example.com/status-update?episode=E0001401
E0000239,P000138,P1,long facility distance (26 km),अस्पताल की अधिक दूरी (26 किमी),"Contact patient within 48h; confirm medicine availability at facility; facilitate pickup/home delivery; if stock-out confirmed, escalate to facility in-charge (system barrier, not patient non-adherence)","48 घंटे के भीतर मरीज से संपर्क करें; अस्पताल में दवा की उपलब्धता की पुष्टि करें; दवा लेने में सहायता करें; यदि दवा नहीं है, तो सुविधा प्रभारी को सूचित करें (सिस्टम बाधा)।",ASHA,https://api.carejourney.example.com/status-update?episode=E0000239
E0001224,P000765,P1,advised care components with limited follow-up history,सीमित फॉलो-अप इतिहास,"Contact patient within 48h; confirm medicine availability at facility; facilitate pickup/home delivery; if stock-out confirmed, escalate to facility in-charge (system barrier, not patient non-adherence)","48 घंटे के भीतर मरीज से संपर्क करें; अस्पताल में दवा की उपलब्धता की पुष्टि करें; दवा लेने में सहायता करें; यदि दवा नहीं है, तो सुविधा प्रभारी को सूचित करें (सिस्टम बाधा)।",ASHA,https://api.carejourney.example.com/status-update?episode=E0001224
E0001532,P000997,P1,previous low medicine collection,पहले दवा कम लेने का इतिहास,"Contact patient within 48h; confirm medicine availability at facility; facilitate pickup/home delivery; if stock-out confirmed, escalate to facility in-charge (system barrier, not patient non-adherence)","48 घंटे के भीतर मरीज से संपर्क करें; अस्पताल में दवा की उपलब्धता की पुष्टि करें; दवा लेने में सहायता करें; यदि दवा नहीं है, तो सुविधा प्रभारी को सूचित करें (सिस्टम बाधा)।",ASHA,https://api.carejourney.example.com/status-update?episode=E0001532
E0004118,P002590,P1,advised care components with limited follow-up history,सीमित फॉलो-अप इतिहास,"Contact patient within 48h; confirm medicine availability at facility; facilitate pickup/home delivery; if stock-out confirmed, escalate to facility in-charge (system barrier, not patient non-adherence)","48 घंटे के भीतर मरीज से संपर्क करें; अस्पताल में दवा की उपलब्धता की पुष्टि करें; दवा लेने में सहायता करें; यदि दवा नहीं है, तो सुविधा प्रभारी को सूचित करें (सिस्टम बाधा)।",ASHA,https://api.carejourney.example.com/status-update?episode=E0004118
E0000149,P000088,P4_OVERFLOW,advised care components with limited follow-up history,सीमित फॉलो-अप इतिहास,"Contact patient within 48h; confirm medicine availability at facility; facilitate pickup/home delivery; if stock-out confirmed, escalate to facility in-charge (system barrier, not patient non-adherence)","48 घंटे के भीतर मरीज से संपर्क करें; अस्पताल में दवा की उपलब्धता की पुष्टि करें; दवा लेने में सहायता करें; यदि दवा नहीं है, तो सुविधा प्रभारी को सूचित करें (सिस्टम बाधा)।",TELECALL_OVERFLOW,https://api.carejourney.example.com/status-update?episode=E0000149
E0001820,P001180,P4_OVERFLOW,advised care components with limited follow-up history,सीमित फॉलो-अप इतिहास,"Contact patient within 48h; confirm medicine availability at facility; facilitate pickup/home delivery; if stock-out confirmed, escalate to facility in-charge (system barrier, not patient non-adherence)","48 घंटे के भीतर मरीज से संपर्क करें; अस्पताल में दवा की उपलब्धता की पुष्टि करें; दवा लेने में सहायता करें; यदि दवा नहीं है, तो सुविधा प्रभारी को सूचित करें (सिस्टम बाधा)।",TELECALL_OVERFLOW,https://api.carejourney.example.com/status-update?episode=E0001820
E0001928,P001237,P4_OVERFLOW,previous low medicine collection; previous missed reviews; previously unreachable on outreach,पहले दवा कम लेने का इतिहास; पहले समीक्षा मिस करने का इतिहास; पहले आउटरीच पर संपर्क नहीं हो पाया,"Contact patient within 48h; confirm medicine availability at facility; facilitate pickup/home delivery; if stock-out confirmed, escalate to facility in-charge (system barrier, not patient non-adherence)","48 घंटे के भीतर मरीज से संपर्क करें; अस्पताल में दवा की उपलब्धता की पुष्टि करें; दवा लेने में सहायता करें; यदि दवा नहीं है, तो सुविधा प्रभारी को सूचित करें (सिस्टम बाधा)।",TELECALL_OVERFLOW,https://api.carejourney.example.com/status-update?episode=E0001928
E0002421,P001546,P4_OVERFLOW,long facility distance (26 km); previous low medicine collection,अस्पताल की अधिक दूरी (26 किमी); पहले दवा कम लेने का इतिहास,"Contact patient within 48h; confirm medicine availability at facility; facilitate pickup/home delivery; if stock-out confirmed, escalate to facility in-charge (system barrier, not patient non-adherence)","48 घंटे के भीतर मरीज से संपर्क करें; अस्पताल में दवा की उपलब्धता की पुष्टि करें; दवा लेने में सहायता करें; यदि दवा नहीं है, तो सुविधा प्रभारी को सूचित करें (सिस्टम बाधा)।",TELECALL_OVERFLOW,https://api.carejourney.example.com/status-update?episode=E0002421
E0002744,P001745,P4_OVERFLOW,advised care components with limited follow-up history,सीमित फॉलो-अप इतिहास,"Contact patient within 48h; confirm medicine availability at facility; facilitate pickup/home delivery; if stock-out confirmed, escalate to facility in-charge (system barrier, not patient non-adherence)","48 घंटे के भीतर मरीज से संपर्क करें; अस्पताल में दवा की उपलब्धता की पुष्टि करें; दवा लेने में सहायता करें; यदि दवा नहीं है, तो सुविधा प्रभारी को सूचित करें (सिस्टम बाधा)।",TELECALL_OVERFLOW,https://api.carejourney.example.com/status-update?episode=E0002744
E0000534,P000309,P4_OVERFLOW,advised care components with limited follow-up history,सीमित फॉलो-अप इतिहास,"Contact patient within 48h; confirm medicine availability at facility; facilitate pickup/home delivery; if stock-out confirmed, escalate to facility in-charge (system barrier, not patient non-adherence)","48 घंटे के भीतर मरीज से संपर्क करें; अस्पताल में दवा की उपलब्धता की पुष्टि करें; दवा लेने में सहायता करें; यदि दवा नहीं है, तो सुविधा प्रभारी को सूचित करें (सिस्टम बाधा)।",TELECALL_OVERFLOW,https://api.carejourney.example.com/status-update?episode=E0000534
E0001742,P001120,P4_OVERFLOW,long facility distance (26 km),अस्पताल की अधिक दूरी (26 किमी),"Contact patient within 48h; confirm medicine availability at facility; facilitate pickup/home delivery; if stock-out confirmed, escalate to facility in-charge (system barrier, not patient non-adherence)","48 घंटे के भीतर मरीज से संपर्क करें; अस्पताल में दवा की उपलब्धता की पुष्टि करें; दवा लेने में सहायता करें; यदि दवा नहीं है, तो सुविधा प्रभारी को सूचित करें (सिस्टम बाधा)।",TELECALL_OVERFLOW,https://api.carejourney.example.com/status-update?episode=E0001742
E0000814,P000481,P4_OVERFLOW,previous low medicine collection; previous missed reviews; previous incomplete tests,पहले दवा कम लेने का इतिहास; पहले समीक्षा मिस करने का इतिहास; पहले अधूरे टेस्ट,"Contact patient within 48h; confirm medicine availability at facility; facilitate pickup/home delivery; if stock-out confirmed, escalate to facility in-charge (system barrier, not patient non-adherence)","48 घंटे के भीतर मरीज से संपर्क करें; अस्पताल में दवा की उपलब्धता की पुष्टि करें; दवा लेने में सहायता करें; यदि दवा नहीं है, तो सुविधा प्रभारी को सूचित करें (सिस्टम बाधा)।",TELECALL_OVERFLOW,https://api.carejourney.example.com/status-update?episode=E0000814
E0001665,P001072,P4_OVERFLOW,advised care components with limited follow-up history,सीमित फॉलो-अप इतिहास,"Contact patient within 48h; confirm medicine availability at facility; facilitate pickup/home delivery; if stock-out confirmed, escalate to facility in-charge (system barrier, not patient non-adherence)","48 घंटे के भीतर मरीज से संपर्क करें; अस्पताल में दवा की उपलब्धता की पुष्टि करें; दवा लेने में सहायता करें; यदि दवा नहीं है, तो सुविधा प्रभारी को सूचित करें (सिस्टम बाधा)।",TELECALL_OVERFLOW,https://api.carejourney.example.com/status-update?episode=E0001665
E0003873,P002431,P4_OVERFLOW,advised care components with limited follow-up history,सीमित फॉलो-अप इतिहास,"Contact patient within 48h; confirm medicine availability at facility; facilitate pickup/home delivery; if stock-out confirmed, escalate to facility in-charge (system barrier, not patient non-adherence)","48 घंटे के भीतर मरीज से संपर्क करें; अस्पताल में दवा की उपलब्धता की पुष्टि करें; दवा लेने में सहायता करें; यदि दवा नहीं है, तो सुविधा प्रभारी को सूचित करें (सिस्टम बाधा)।",TELECALL_OVERFLOW,https://api.carejourney.example.com/status-update?episode=E0003873
E0003325,P002105,P4_OVERFLOW,long facility distance (26 km); previous missed reviews,अस्पताल की अधिक दूरी (26 किमी); पहले समीक्षा मिस करने का इतिहास,"Contact patient within 48h; confirm medicine availability at facility; facilitate pickup/home delivery; if stock-out confirmed, escalate to facility in-charge (system barrier, not patient non-adherence)","48 घंटे के भीतर मरीज से संपर्क करें; अस्पताल में दवा की उपलब्धता की पुष्टि करें; दवा लेने में सहायता करें; यदि दवा नहीं है, तो सुविधा प्रभारी को सूचित करें (सिस्टम बाधा)।",TELECALL_OVERFLOW,https://api.carejourney.example.com/status-update?episode=E0003325
E0005478,P003498,P4_OVERFLOW,previous missed reviews,पहले समीक्षा मिस करने का इतिहास,"Contact patient within 48h; confirm medicine availability at facility; facilitate pickup/home delivery; if stock-out confirmed, escalate to facility in-charge (system barrier, not patient non-adherence)","48 घंटे के भीतर मरीज से संपर्क करें; अस्पताल में दवा की उपलब्धता की पुष्टि करें; दवा लेने में सहायता करें; यदि दवा नहीं है, तो सुविधा प्रभारी को सूचित करें (सिस्टम बाधा)।",TELECALL_OVERFLOW,https://api.carejourney.example.com/status-update?episode=E0005478
E0003361,P002131,P4_OVERFLOW,previous low medicine collection,पहले दवा कम लेने का इतिहास,"Contact patient within 48h; confirm medicine availability at facility; facilitate pickup/home delivery; if stock-out confirmed, escalate to facility in-charge (system barrier, not patient non-adherence)","48 घंटे के भीतर मरीज से संपर्क करें; अस्पताल में दवा की उपलब्धता की पुष्टि करें; दवा लेने में सहायता करें; यदि दवा नहीं है, तो सुविधा प्रभारी को सूचित करें (सिस्टम बाधा)।",TELECALL_OVERFLOW,https://api.carejourney.example.com/status-update?episode=E0003361
E0004720,P002981,P4_OVERFLOW,previous low medicine collection; previously unreachable on outreach; previous incomplete tests,पहले दवा कम लेने का इतिहास; पहले आउटरीच पर संपर्क नहीं हो पाया; पहले अधूरे टेस्ट,"Contact patient within 48h; confirm medicine availability at facility; facilitate pickup/home delivery; if stock-out confirmed, escalate to facility in-charge (system barrier, not patient non-adherence)","48 घंटे के भीतर मरीज से संपर्क करें; अस्पताल में दवा की उपलब्धता की पुष्टि करें; दवा लेने में सहायता करें; यदि दवा नहीं है, तो सुविधा प्रभारी को सूचित करें (सिस्टम बाधा)।",TELECALL_OVERFLOW,https://api.carejourney.example.com/status-update?episode=E0004720
E0002837,P001813,P4_OVERFLOW,long facility distance (26 km),अस्पताल की अधिक दूरी (26 किमी),"Contact patient within 48h; confirm medicine availability at facility; facilitate pickup/home delivery; if stock-out confirmed, escalate to facility in-charge (system barrier, not patient non-adherence)","48 घंटे के भीतर मरीज से संपर्क करें; अस्पताल में दवा की उपलब्धता की पुष्टि करें; दवा लेने में सहायता करें; यदि दवा नहीं है, तो सुविधा प्रभारी को सूचित करें (सिस्टम बाधा)।",TELECALL_OVERFLOW,https://api.carejourney.example.com/status-update?episode=E0002837
E0004293,P002708,P4_OVERFLOW,advised care components with limited follow-up history,सीमित फॉलो-अप इतिहास,"Contact patient within 48h; confirm medicine availability at facility; facilitate pickup/home delivery; if stock-out confirmed, escalate to facility in-charge (system barrier, not patient non-adherence)","48 घंटे के भीतर मरीज से संपर्क करें; अस्पताल में दवा की उपलब्धता की पुष्टि करें; दवा लेने में सहायता करें; यदि दवा नहीं है, तो सुविधा प्रभारी को सूचित करें (सिस्टम बाधा)।",TELECALL_OVERFLOW,https://api.carejourney.example.com/status-update?episode=E0004293
E0000518,P000300,P4_OVERFLOW,previously unreachable on outreach,पहले आउटरीच पर संपर्क नहीं हो पाया,"Contact patient within 48h; confirm medicine availability at facility; facilitate pickup/home delivery; if stock-out confirmed, escalate to facility in-charge (system barrier, not patient non-adherence)","48 घंटे के भीतर मरीज से संपर्क करें; अस्पताल में दवा की उपलब्धता की पुष्टि करें; दवा लेने में सहायता करें; यदि दवा नहीं है, तो सुविधा प्रभारी को सूचित करें (सिस्टम बाधा)।",TELECALL_OVERFLOW,https://api.carejourney.example.com/status-update?episode=E0000518
E0004390,P002761,P4_OVERFLOW,long facility distance (26 km); previous low medicine collection,अस्पताल की अधिक दूरी (26 किमी); पहले दवा कम लेने का इतिहास,"Contact patient within 48h; confirm medicine availability at facility; facilitate pickup/home delivery; if stock-out confirmed, escalate to facility in-charge (system barrier, not patient non-adherence)","48 घंटे के भीतर मरीज से संपर्क करें; अस्पताल में दवा की उपलब्धता की पुष्टि करें; दवा लेने में सहायता करें; यदि दवा नहीं है, तो सुविधा प्रभारी को सूचित करें (सिस्टम बाधा)।",TELECALL_OVERFLOW,https://api.carejourney.example.com/status-update?episode=E0004390
E0001906,P001226,P4_OVERFLOW,previous missed reviews,पहले समीक्षा मिस करने का इतिहास,Reminder before review due date; help book review slot; home visit if unreachable; follow up within 3 days of missed review,समीक्षा की तारीख से पहले याद दिलाएं; स्लॉट बुक करने में मदद करें; समीक्षा मिस होने के 3 दिनों के भीतर फॉलो-अप करें।,TELECALL_OVERFLOW,https://api.carejourney.example.com/status-update?episode=E0001906
E0005050,P003194,P4_OVERFLOW,previous missed reviews,पहले समीक्षा मिस करने का इतिहास,Reminder before review due date; help book review slot; home visit if unreachable; follow up within 3 days of missed review,समीक्षा की तारीख से पहले याद दिलाएं; स्लॉट बुक करने में मदद करें; समीक्षा मिस होने के 3 दिनों के भीतर फॉलो-अप करें।,TELECALL_OVERFLOW,https://api.carejourney.example.com/status-update?episode=E0005050
E0005415,P003451,P4_OVERFLOW,advised care components with limited follow-up history,सीमित फॉलो-अप इतिहास,Reminder before review due date; help book review slot; home visit if unreachable; follow up within 3 days of missed review,समीक्षा की तारीख से पहले याद दिलाएं; स्लॉट बुक करने में मदद करें; समीक्षा मिस होने के 3 दिनों के भीतर फॉलो-अप करें।,TELECALL_OVERFLOW,https://api.carejourney.example.com/status-update?episode=E0005415
E0005220,P003319,P4_OVERFLOW,previous missed reviews,पहले समीक्षा मिस करने का इतिहास,Reminder before review due date; help book review slot; home visit if unreachable; follow up within 3 days of missed review,समीक्षा की तारीख से पहले याद दिलाएं; स्लॉट बुक करने में मदद करें; समीक्षा मिस होने के 3 दिनों के भीतर फॉलो-अप करें।,TELECALL_OVERFLOW,https://api.carejourney.example.com/status-update?episode=E0005220
E0004152,P002612,P4_OVERFLOW,previous low medicine collection,पहले दवा कम लेने का इतिहास,Reminder before review due date; help book review slot; home visit if unreachable; follow up within 3 days of missed review,समीक्षा की तारीख से पहले याद दिलाएं; स्लॉट बुक करने में मदद करें; समीक्षा मिस होने के 3 दिनों के भीतर फॉलो-अप करें।,TELECALL_OVERFLOW,https://api.carejourney.example.com/status-update?episode=E0004152
E0000702,P000411,P4_OVERFLOW,previous missed reviews,पहले समीक्षा मिस करने का इतिहास,Reminder before review due date; help book review slot; home visit if unreachable; follow up within 3 days of missed review,समीक्षा की तारीख से पहले याद दिलाएं; स्लॉट बुक करने में मदद करें; समीक्षा मिस होने के 3 दिनों के भीतर फॉलो-अप करें।,TELECALL_OVERFLOW,https://api.carejourney.example.com/status-update?episode=E0000702
E0003031,P001919,P4_OVERFLOW,advised care components with limited follow-up history,सीमित फॉलो-अप इतिहास,Reminder before review due date; help book review slot; home visit if unreachable; follow up within 3 days of missed review,समीक्षा की तारीख से पहले याद दिलाएं; स्लॉट बुक करने में मदद करें; समीक्षा मिस होने के 3 दिनों के भीतर फॉलो-अप करें।,TELECALL_OVERFLOW,https://api.carejourney.example.com/status-update?episode=E0003031
E0002476,P001583,P1,long facility distance (29 km); previous missed reviews,अस्पताल की अधिक दूरी (29 किमी); पहले समीक्षा मिस करने का इतिहास,"Contact patient within 48h; confirm medicine availability at facility; facilitate pickup/home delivery; if stock-out confirmed, escalate to facility in-charge (system barrier, not patient non-adherence)","48 घंटे के भीतर मरीज से संपर्क करें; अस्पताल में दवा की उपलब्धता की पुष्टि करें; दवा लेने में सहायता करें; यदि दवा नहीं है, तो सुविधा प्रभारी को सूचित करें (सिस्टम बाधा)।",ASHA,https://api.carejourney.example.com/status-update?episode=E0002476
E0000813,P000481,P1,long facility distance (29 km); previous low medicine collection; previous missed reviews,अस्पताल की अधिक दूरी (29 किमी); पहले दवा कम लेने का इतिहास; पहले समीक्षा मिस करने का इतिहास,"Contact patient within 48h; confirm medicine availability at facility; facilitate pickup/home delivery; if stock-out confirmed, escalate to facility in-charge (system barrier, not patient non-adherence)","48 घंटे के भीतर मरीज से संपर्क करें; अस्पताल में दवा की उपलब्धता की पुष्टि करें; दवा लेने में सहायता करें; यदि दवा नहीं है, तो सुविधा प्रभारी को सूचित करें (सिस्टम बाधा)।",ASHA,https://api.carejourney.example.com/status-update?episode=E0000813
E0004366,P002748,P1,long facility distance (29 km),अस्पताल की अधिक दूरी (29 किमी),"Contact patient within 48h; confirm medicine availability at facility; facilitate pickup/home delivery; if stock-out confirmed, escalate to facility in-charge (system barrier, not patient non-adherence)","48 घंटे के भीतर मरीज से संपर्क करें; अस्पताल में दवा की उपलब्धता की पुष्टि करें; दवा लेने में सहायता करें; यदि दवा नहीं है, तो सुविधा प्रभारी को सूचित करें (सिस्टम बाधा)।",ASHA,https://api.carejourney.example.com/status-update?episode=E0004366
E0003186,P002009,P1,long facility distance (26 km); previous low medicine collection,अस्पताल की अधिक दूरी (26 किमी); पहले दवा कम लेने का इतिहास,"Contact patient within 48h; confirm medicine availability at facility; facilitate pickup/home delivery; if stock-out confirmed, escalate to facility in-charge (system barrier, not patient non-adherence)","48 घंटे के भीतर मरीज से संपर्क करें; अस्पताल में दवा की उपलब्धता की पुष्टि करें; दवा लेने में सहायता करें; यदि दवा नहीं है, तो सुविधा प्रभारी को सूचित करें (सिस्टम बाधा)।",ASHA,https://api.carejourney.example.com/status-update?episode=E0003186
E0003197,P002016,P1,long facility distance (29 km),अस्पताल की अधिक दूरी (29 किमी),"Contact patient within 48h; confirm medicine availability at facility; facilitate pickup/home delivery; if stock-out confirmed, escalate to facility in-charge (system barrier, not patient non-adherence)","48 घंटे के भीतर मरीज से संपर्क करें; अस्पताल में दवा की उपलब्धता की पुष्टि करें; दवा लेने में सहायता करें; यदि दवा नहीं है, तो सुविधा प्रभारी को सूचित करें (सिस्टम बाधा)।",ASHA,https://api.carejourney.example.com/status-update?episode=E0003197
E0004552,P002857,P1,long facility distance (26 km),अस्पताल की अधिक दूरी (26 किमी),"Contact patient within 48h; confirm medicine availability at facility; facilitate pickup/home delivery; if stock-out confirmed, escalate to facility in-charge (system barrier, not patient non-adherence)","48 घंटे के भीतर मरीज से संपर्क करें; अस्पताल में दवा की उपलब्धता की पुष्टि करें; दवा लेने में सहायता करें; यदि दवा नहीं है, तो सुविधा प्रभारी को सूचित करें (सिस्टम बाधा)।",ASHA,https://api.carejourney.example.com/status-update?episode=E0004552
E0004791,P003031,P1,long facility distance (29 km); previous low medicine collection,अस्पताल की अधिक दूरी (29 किमी); पहले दवा कम लेने का इतिहास,"Contact patient within 48h; confirm medicine availability at facility; facilitate pickup/home delivery; if stock-out confirmed, escalate to facility in-charge (system barrier, not patient non-adherence)","48 घंटे के भीतर मरीज से संपर्क करें; अस्पताल में दवा की उपलब्धता की पुष्टि करें; दवा लेने में सहायता करें; यदि दवा नहीं है, तो सुविधा प्रभारी को सूचित करें (सिस्टम बाधा)।",ASHA,https://api.carejourney.example.com/status-update?episode=E0004791
E0000879,P000511,P1,long facility distance (29 km); previous low medicine collection; previous missed reviews,अस्पताल की अधिक दूरी (29 किमी); पहले दवा कम लेने का इतिहास; पहले समीक्षा मिस करने का इतिहास,"Contact patient within 48h; confirm medicine availability at facility; facilitate pickup/home delivery; if stock-out confirmed, escalate to facility in-charge (system barrier, not patient non-adherence)","48 घंटे के भीतर मरीज से संपर्क करें; अस्पताल में दवा की उपलब्धता की पुष्टि करें; दवा लेने में सहायता करें; यदि दवा नहीं है, तो सुविधा प्रभारी को सूचित करें (सिस्टम बाधा)।",ASHA,https://api.carejourney.example.com/status-update?episode=E0000879
E0002785,P001778,P1,long facility distance (26 km),अस्पताल की अधिक दूरी (26 किमी),"Contact patient within 48h; confirm medicine availability at facility; facilitate pickup/home delivery; if stock-out confirmed, escalate to facility in-charge (system barrier, not patient non-adherence)","48 घंटे के भीतर मरीज से संपर्क करें; अस्पताल में दवा की उपलब्धता की पुष्टि करें; दवा लेने में सहायता करें; यदि दवा नहीं है, तो सुविधा प्रभारी को सूचित करें (सिस्टम बाधा)।",ASHA,https://api.carejourney.example.com/status-update?episode=E0002785
E0003692,P002325,P1,long facility distance (29 km),अस्पताल की अधिक दूरी (29 किमी),"Contact patient within 48h; confirm medicine availability at facility; facilitate pickup/home delivery; if stock-out confirmed, escalate to facility in-charge (system barrier, not patient non-adherence)","48 घंटे के भीतर मरीज से संपर्क करें; अस्पताल में दवा की उपलब्धता की पुष्टि करें; दवा लेने में सहायता करें; यदि दवा नहीं है, तो सुविधा प्रभारी को सूचित करें (सिस्टम बाधा)।",ASHA,https://api.carejourney.example.com/status-update?episode=E0003692
E0005219,P003319,P4_OVERFLOW,long facility distance (29 km); previous missed reviews,अस्पताल की अधिक दूरी (29 किमी); पहले समीक्षा मिस करने का इतिहास,"Contact patient within 48h; confirm medicine availability at facility; facilitate pickup/home delivery; if stock-out confirmed, escalate to facility in-charge (system barrier, not patient non-adherence)","48 घंटे के भीतर मरीज से संपर्क करें; अस्पताल में दवा की उपलब्धता की पुष्टि करें; दवा लेने में सहायता करें; यदि दवा नहीं है, तो सुविधा प्रभारी को सूचित करें (सिस्टम बाधा)।",TELECALL_OVERFLOW,https://api.carejourney.example.com/status-update?episode=E0005219
E0002264,P001438,P4_OVERFLOW,long facility distance (29 km),अस्पताल की अधिक दूरी (29 किमी),"Contact patient within 48h; confirm medicine availability at facility; facilitate pickup/home delivery; if stock-out confirmed, escalate to facility in-charge (system barrier, not patient non-adherence)","48 घंटे के भीतर मरीज से संपर्क करें; अस्पताल में दवा की उपलब्धता की पुष्टि करें; दवा लेने में सहायता करें; यदि दवा नहीं है, तो सुविधा प्रभारी को सूचित करें (सिस्टम बाधा)।",TELECALL_OVERFLOW,https://api.carejourney.example.com/status-update?episode=E0002264
E0002276,P001444,P4_OVERFLOW,long facility distance (29 km),अस्पताल की अधिक दूरी (29 किमी),"Contact patient within 48h; confirm medicine availability at facility; facilitate pickup/home delivery; if stock-out confirmed, escalate to facility in-charge (system barrier, not patient non-adherence)","48 घंटे के भीतर मरीज से संपर्क करें; अस्पताल में दवा की उपलब्धता की पुष्टि करें; दवा लेने में सहायता करें; यदि दवा नहीं है, तो सुविधा प्रभारी को सूचित करें (सिस्टम बाधा)।",TELECALL_OVERFLOW,https://api.carejourney.example.com/status-update?episode=E0002276
E0002083,P001343,P4_OVERFLOW,long facility distance (26 km),अस्पताल की अधिक दूरी (26 किमी),"Contact patient within 48h; confirm medicine availability at facility; facilitate pickup/home delivery; if stock-out confirmed, escalate to facility in-charge (system barrier, not patient non-adherence)","48 घंटे के भीतर मरीज से संपर्क करें; अस्पताल में दवा की उपलब्धता की पुष्टि करें; दवा लेने में सहायता करें; यदि दवा नहीं है, तो सुविधा प्रभारी को सूचित करें (सिस्टम बाधा)।",TELECALL_OVERFLOW,https://api.carejourney.example.com/status-update?episode=E0002083
E0003226,P002035,P4_OVERFLOW,long facility distance (26 km),अस्पताल की अधिक दूरी (26 किमी),"Contact patient within 48h; confirm medicine availability at facility; facilitate pickup/home delivery; if stock-out confirmed, escalate to facility in-charge (system barrier, not patient non-adherence)","48 घंटे के भीतर मरीज से संपर्क करें; अस्पताल में दवा की उपलब्धता की पुष्टि करें; दवा लेने में सहायता करें; यदि दवा नहीं है, तो सुविधा प्रभारी को सूचित करें (सिस्टम बाधा)।",TELECALL_OVERFLOW,https://api.carejourney.example.com/status-update?episode=E0003226
E0004770,P003013,P4_OVERFLOW,long facility distance (29 km),अस्पताल की अधिक दूरी (29 किमी),"Contact patient within 48h; confirm medicine availability at facility; facilitate pickup/home delivery; if stock-out confirmed, escalate to facility in-charge (system barrier, not patient non-adherence)","48 घंटे के भीतर मरीज से संपर्क करें; अस्पताल में दवा की उपलब्धता की पुष्टि करें; दवा लेने में सहायता करें; यदि दवा नहीं है, तो सुविधा प्रभारी को सूचित करें (सिस्टम बाधा)।",TELECALL_OVERFLOW,https://api.carejourney.example.com/status-update?episode=E0004770
E0002374,P001510,P4_OVERFLOW,long facility distance (29 km),अस्पताल की अधिक दूरी (29 किमी),"Contact patient within 48h; confirm medicine availability at facility; facilitate pickup/home delivery; if stock-out confirmed, escalate to facility in-charge (system barrier, not patient non-adherence)","48 घंटे के भीतर मरीज से संपर्क करें; अस्पताल में दवा की उपलब्धता की पुष्टि करें; दवा लेने में सहायता करें; यदि दवा नहीं है, तो सुविधा प्रभारी को सूचित करें (सिस्टम बाधा)।",TELECALL_OVERFLOW,https://api.carejourney.example.com/status-update?episode=E0002374
E0002366,P001506,P4_OVERFLOW,long facility distance (26 km),अस्पताल की अधिक दूरी (26 किमी),"Contact patient within 48h; confirm medicine availability at facility; facilitate pickup/home delivery; if stock-out confirmed, escalate to facility in-charge (system barrier, not patient non-adherence)","48 घंटे के भीतर मरीज से संपर्क करें; अस्पताल में दवा की उपलब्धता की पुष्टि करें; दवा लेने में सहायता करें; यदि दवा नहीं है, तो सुविधा प्रभारी को सूचित करें (सिस्टम बाधा)।",TELECALL_OVERFLOW,https://api.carejourney.example.com/status-update?episode=E0002366
E0002980,P001891,P4_OVERFLOW,long facility distance (26 km); previous low medicine collection; previous missed reviews,अस्पताल की अधिक दूरी (26 किमी); पहले दवा कम लेने का इतिहास; पहले समीक्षा मिस करने का इतिहास,"Contact patient within 48h; confirm medicine availability at facility; facilitate pickup/home delivery; if stock-out confirmed, escalate to facility in-charge (system barrier, not patient non-adherence)","48 घंटे के भीतर मरीज से संपर्क करें; अस्पताल में दवा की उपलब्धता की पुष्टि करें; दवा लेने में सहायता करें; यदि दवा नहीं है, तो सुविधा प्रभारी को सूचित करें (सिस्टम बाधा)।",TELECALL_OVERFLOW,https://api.carejourney.example.com/status-update?episode=E0002980
E0004545,P002854,P4_OVERFLOW,long facility distance (29 km); previous low medicine collection,अस्पताल की अधिक दूरी (29 किमी); पहले दवा कम लेने का इतिहास,"Contact patient within 48h; confirm medicine availability at facility; facilitate pickup/home delivery; if stock-out confirmed, escalate to facility in-charge (system barrier, not patient non-adherence)","48 घंटे के भीतर मरीज से संपर्क करें; अस्पताल में दवा की उपलब्धता की पुष्टि करें; दवा लेने में सहायता करें; यदि दवा नहीं है, तो सुविधा प्रभारी को सूचित करें (सिस्टम बाधा)।",TELECALL_OVERFLOW,https://api.carejourney.example.com/status-update?episode=E0004545
E0001445,P000935,P4_OVERFLOW,long facility distance (26 km),अस्पताल की अधिक दूरी (26 किमी),"Contact patient within 48h; confirm medicine availability at facility; facilitate pickup/home delivery; if stock-out confirmed, escalate to facility in-charge (system barrier, not patient non-adherence)","48 घंटे के भीतर मरीज से संपर्क करें; अस्पताल में दवा की उपलब्धता की पुष्टि करें; दवा लेने में सहायता करें; यदि दवा नहीं है, तो सुविधा प्रभारी को सूचित करें (सिस्टम बाधा)।",TELECALL_OVERFLOW,https://api.carejourney.example.com/status-update?episode=E0001445
E0003584,P002272,P4_OVERFLOW,long facility distance (29 km),अस्पताल की अधिक दूरी (29 किमी),"Contact patient within 48h; confirm medicine availability at facility; facilitate pickup/home delivery; if stock-out confirmed, escalate to facility in-charge (system barrier, not patient non-adherence)","48 घंटे के भीतर मरीज से संपर्क करें; अस्पताल में दवा की उपलब्धता की पुष्टि करें; दवा लेने में सहायता करें; यदि दवा नहीं है, तो सुविधा प्रभारी को सूचित करें (सिस्टम बाधा)।",TELECALL_OVERFLOW,https://api.carejourney.example.com/status-update?episode=E0003584
E0003545,P002246,P4_OVERFLOW,long facility distance (29 km); previous missed reviews,अस्पताल की अधिक दूरी (29 किमी); पहले समीक्षा मिस करने का इतिहास,"Contact patient within 48h; confirm medicine availability at facility; facilitate pickup/home delivery; if stock-out confirmed, escalate to facility in-charge (system barrier, not patient non-adherence)","48 घंटे के भीतर मरीज से संपर्क करें; अस्पताल में दवा की उपलब्धता की पुष्टि करें; दवा लेने में सहायता करें; यदि दवा नहीं है, तो सुविधा प्रभारी को सूचित करें (सिस्टम बाधा)।",TELECALL_OVERFLOW,https://api.carejourney.example.com/status-update?episode=E0003545
E0000941,P000572,P4_OVERFLOW,advised care components with limited follow-up history,सीमित फॉलो-अप इतिहास,"Contact patient within 48h; confirm medicine availability at facility; facilitate pickup/home delivery; if stock-out confirmed, escalate to facility in-charge (system barrier, not patient non-adherence)","48 घंटे के भीतर मरीज से संपर्क करें; अस्पताल में दवा की उपलब्धता की पुष्टि करें; दवा लेने में सहायता करें; यदि दवा नहीं है, तो सुविधा प्रभारी को सूचित करें (सिस्टम बाधा)।",TELECALL_OVERFLOW,https://api.carejourney.example.com/status-update?episode=E0000941
E0000431,P000246,P4_OVERFLOW,previously unreachable on outreach,पहले आउटरीच पर संपर्क नहीं हो पाया,"Contact patient within 48h; confirm medicine availability at facility; facilitate pickup/home delivery; if stock-out confirmed, escalate to facility in-charge (system barrier, not patient non-adherence)","48 घंटे के भीतर मरीज से संपर्क करें; अस्पताल में दवा की उपलब्धता की पुष्टि करें; दवा लेने में सहायता करें; यदि दवा नहीं है, तो सुविधा प्रभारी को सूचित करें (सिस्टम बाधा)।",TELECALL_OVERFLOW,https://api.carejourney.example.com/status-update?episode=E0000431
E0000555,P000320,P4_OVERFLOW,long facility distance (29 km),अस्पताल की अधिक दूरी (29 किमी),"Contact patient within 48h; confirm medicine availability at facility; facilitate pickup/home delivery; if stock-out confirmed, escalate to facility in-charge (system barrier, not patient non-adherence)","48 घंटे के भीतर मरीज से संपर्क करें; अस्पताल में दवा की उपलब्धता की पुष्टि करें; दवा लेने में सहायता करें; यदि दवा नहीं है, तो सुविधा प्रभारी को सूचित करें (सिस्टम बाधा)।",TELECALL_OVERFLOW,https://api.carejourney.example.com/status-update?episode=E0000555
E0000519,P000301,P4_OVERFLOW,long facility distance (29 km); previous low medicine collection; previously unreachable on outreach,अस्पताल की अधिक दूरी (29 किमी); पहले दवा कम लेने का इतिहास; पहले आउटरीच पर संपर्क नहीं हो पाया,"Contact patient within 48h; confirm medicine availability at facility; facilitate pickup/home delivery; if stock-out confirmed, escalate to facility in-charge (system barrier, not patient non-adherence)","48 घंटे के भीतर मरीज से संपर्क करें; अस्पताल में दवा की उपलब्धता की पुष्टि करें; दवा लेने में सहायता करें; यदि दवा नहीं है, तो सुविधा प्रभारी को सूचित करें (सिस्टम बाधा)।",TELECALL_OVERFLOW,https://api.carejourney.example.com/status-update?episode=E0000519
E0001092,P000672,P4_OVERFLOW,long facility distance (29 km); previous missed reviews,अस्पताल की अधिक दूरी (29 किमी); पहले समीक्षा मिस करने का इतिहास,Reminder before review due date; help book review slot; home visit if unreachable; follow up within 3 days of missed review,समीक्षा की तारीख से पहले याद दिलाएं; स्लॉट बुक करने में मदद करें; समीक्षा मिस होने के 3 दिनों के भीतर फॉलो-अप करें।,TELECALL_OVERFLOW,https://api.carejourney.example.com/status-update?episode=E0001092
E0001670,P001076,P4_OVERFLOW,previous missed reviews,पहले समीक्षा मिस करने का इतिहास,Call with test details and where to go; assist scheduling; arrange transport guidance; re-check completion after 7 days,टेस्ट के विवरण और स्थान की जानकारी के लिए कॉल करें; शेड्यूलिंग में सहायता करें; 7 दिनों के बाद पुनः जांच करें।,TELECALL_OVERFLOW,https://api.carejourney.example.com/status-update?episode=E0001670
E0000589,P000336,P4_OVERFLOW,long facility distance (29 km); previously unreachable on outreach,अस्पताल की अधिक दूरी (29 किमी); पहले आउटरीच पर संपर्क नहीं हो पाया,Reminder before review due date; help book review slot; home visit if unreachable; follow up within 3 days of missed review,समीक्षा की तारीख से पहले याद दिलाएं; स्लॉट बुक करने में मदद करें; समीक्षा मिस होने के 3 दिनों के भीतर फॉलो-अप करें।,TELECALL_OVERFLOW,https://api.carejourney.example.com/status-update?episode=E0000589
E0004882,P003096,P4_OVERFLOW,long facility distance (26 km); previous missed reviews,अस्पताल की अधिक दूरी (26 किमी); पहले समीक्षा मिस करने का इतिहास,Call with test details and where to go; assist scheduling; arrange transport guidance; re-check completion after 7 days,टेस्ट के विवरण और स्थान की जानकारी के लिए कॉल करें; शेड्यूलिंग में सहायता करें; 7 दिनों के बाद पुनः जांच करें।,TELECALL_OVERFLOW,https://api.carejourney.example.com/status-update?episode=E0004882
E0001108,,P4_OVERFLOW,long facility distance (26 km),अस्पताल की अधिक दूरी (26 किमी),Reminder before review due date; help book review slot; home visit if unreachable; follow up within 3 days of missed review,समीक्षा की तारीख से पहले याद दिलाएं; स्लॉट बुक करने में मदद करें; समीक्षा मिस होने के 3 दिनों के भीतर फॉलो-अप करें।,TELECALL_OVERFLOW,https://api.carejourney.example.com/status-update?episode=E0001108
E0003148,,P4_OVERFLOW,long facility distance (29 km),अस्पताल की अधिक दूरी (29 किमी),Reminder before review due date; help book review slot; home visit if unreachable; follow up within 3 days of missed review,समीक्षा की तारीख से पहले याद दिलाएं; स्लॉट बुक करने में मदद करें; समीक्षा मिस होने के 3 दिनों के भीतर फॉलो-अप करें।,TELECALL_OVERFLOW,https://api.carejourney.example.com/status-update?episode=E0003148
E0003030,P001919,P4_OVERFLOW,advised care components with limited follow-up history,सीमित फॉलो-अप इतिहास,Reminder before review due date; help book review slot; home visit if unreachable; follow up within 3 days of missed review,समीक्षा की तारीख से पहले याद दिलाएं; स्लॉट बुक करने में मदद करें; समीक्षा मिस होने के 3 दिनों के भीतर फॉलो-अप करें।,TELECALL_OVERFLOW,https://api.carejourney.example.com/status-update?episode=E0003030
E0002180,P001399,P1,advised care components with limited follow-up history,सीमित फॉलो-अप इतिहास,"Contact patient within 48h; confirm medicine availability at facility; facilitate pickup/home delivery; if stock-out confirmed, escalate to facility in-charge (system barrier, not patient non-adherence)","48 घंटे के भीतर मरीज से संपर्क करें; अस्पताल में दवा की उपलब्धता की पुष्टि करें; दवा लेने में सहायता करें; यदि दवा नहीं है, तो सुविधा प्रभारी को सूचित करें (सिस्टम बाधा)।",ASHA,https://api.carejourney.example.com/status-update?episode=E0002180
E0004538,P002850,P1,previous missed reviews,पहले समीक्षा मिस करने का इतिहास,"Contact patient within 48h; confirm medicine availability at facility; facilitate pickup/home delivery; if stock-out confirmed, escalate to facility in-charge (system barrier, not patient non-adherence)","48 घंटे के भीतर मरीज से संपर्क करें; अस्पताल में दवा की उपलब्धता की पुष्टि करें; दवा लेने में सहायता करें; यदि दवा नहीं है, तो सुविधा प्रभारी को सूचित करें (सिस्टम बाधा)।",ASHA,https://api.carejourney.example.com/status-update?episode=E0004538
E0004128,P002595,P1,previous low medicine collection; previously unreachable on outreach,पहले दवा कम लेने का इतिहास; पहले आउटरीच पर संपर्क नहीं हो पाया,"Contact patient within 48h; confirm medicine availability at facility; facilitate pickup/home delivery; if stock-out confirmed, escalate to facility in-charge (system barrier, not patient non-adherence)","48 घंटे के भीतर मरीज से संपर्क करें; अस्पताल में दवा की उपलब्धता की पुष्टि करें; दवा लेने में सहायता करें; यदि दवा नहीं है, तो सुविधा प्रभारी को सूचित करें (सिस्टम बाधा)।",ASHA,https://api.carejourney.example.com/status-update?episode=E0004128
E0001448,P000936,P1,advised care components with limited follow-up history,सीमित फॉलो-अप इतिहास,"Contact patient within 48h; confirm medicine availability at facility; facilitate pickup/home delivery; if stock-out confirmed, escalate to facility in-charge (system barrier, not patient non-adherence)","48 घंटे के भीतर मरीज से संपर्क करें; अस्पताल में दवा की उपलब्धता की पुष्टि करें; दवा लेने में सहायता करें; यदि दवा नहीं है, तो सुविधा प्रभारी को सूचित करें (सिस्टम बाधा)।",ASHA,https://api.carejourney.example.com/status-update?episode=E0001448
E0001481,P000956,P1,previous low medicine collection,पहले दवा कम लेने का इतिहास,"Contact patient within 48h; confirm medicine availability at facility; facilitate pickup/home delivery; if stock-out confirmed, escalate to facility in-charge (system barrier, not patient non-adherence)","48 घंटे के भीतर मरीज से संपर्क करें; अस्पताल में दवा की उपलब्धता की पुष्टि करें; दवा लेने में सहायता करें; यदि दवा नहीं है, तो सुविधा प्रभारी को सूचित करें (सिस्टम बाधा)।",ASHA,https://api.carejourney.example.com/status-update?episode=E0001481
E0004503,P002825,P1,advised care components with limited follow-up history,सीमित फॉलो-अप इतिहास,"Contact patient within 48h; confirm medicine availability at facility; facilitate pickup/home delivery; if stock-out confirmed, escalate to facility in-charge (system barrier, not patient non-adherence)","48 घंटे के भीतर मरीज से संपर्क करें; अस्पताल में दवा की उपलब्धता की पुष्टि करें; दवा लेने में सहायता करें; यदि दवा नहीं है, तो सुविधा प्रभारी को सूचित करें (सिस्टम बाधा)।",ASHA,https://api.carejourney.example.com/status-update?episode=E0004503
E0005397,P003437,P1,advised care components with limited follow-up history,सीमित फॉलो-अप इतिहास,"Contact patient within 48h; confirm medicine availability at facility; facilitate pickup/home delivery; if stock-out confirmed, escalate to facility in-charge (system barrier, not patient non-adherence)","48 घंटे के भीतर मरीज से संपर्क करें; अस्पताल में दवा की उपलब्धता की पुष्टि करें; दवा लेने में सहायता करें; यदि दवा नहीं है, तो सुविधा प्रभारी को सूचित करें (सिस्टम बाधा)।",ASHA,https://api.carejourney.example.com/status-update?episode=E0005397
E0004028,P002541,P1,previous missed reviews,पहले समीक्षा मिस करने का इतिहास,"Contact patient within 48h; confirm medicine availability at facility; facilitate pickup/home delivery; if stock-out confirmed, escalate to facility in-charge (system barrier, not patient non-adherence)","48 घंटे के भीतर मरीज से संपर्क करें; अस्पताल में दवा की उपलब्धता की पुष्टि करें; दवा लेने में सहायता करें; यदि दवा नहीं है, तो सुविधा प्रभारी को सूचित करें (सिस्टम बाधा)।",ASHA,https://api.carejourney.example.com/status-update?episode=E0004028
E0000561,P000322,P1,previous missed reviews,पहले समीक्षा मिस करने का इतिहास,"Contact patient within 48h; confirm medicine availability at facility; facilitate pickup/home delivery; if stock-out confirmed, escalate to facility in-charge (system barrier, not patient non-adherence)","48 घंटे के भीतर मरीज से संपर्क करें; अस्पताल में दवा की उपलब्धता की पुष्टि करें; दवा लेने में सहायता करें; यदि दवा नहीं है, तो सुविधा प्रभारी को सूचित करें (सिस्टम बाधा)।",ASHA,https://api.carejourney.example.com/status-update?episode=E0000561
E0004191,P002638,P1,previous low medicine collection,पहले दवा कम लेने का इतिहास,"Contact patient within 48h; confirm medicine availability at facility; facilitate pickup/home delivery; if stock-out confirmed, escalate to facility in-charge (system barrier, not patient non-adherence)","48 घंटे के भीतर मरीज से संपर्क करें; अस्पताल में दवा की उपलब्धता की पुष्टि करें; दवा लेने में सहायता करें; यदि दवा नहीं है, तो सुविधा प्रभारी को सूचित करें (सिस्टम बाधा)।",ASHA,https://api.carejourney.example.com/status-update?episode=E0004191
E0005407,P003441,P4_OVERFLOW,advised care components with limited follow-up history,सीमित फॉलो-अप इतिहास,"Contact patient within 48h; confirm medicine availability at facility; facilitate pickup/home delivery; if stock-out confirmed, escalate to facility in-charge (system barrier, not patient non-adherence)","48 घंटे के भीतर मरीज से संपर्क करें; अस्पताल में दवा की उपलब्धता की पुष्टि करें; दवा लेने में सहायता करें; यदि दवा नहीं है, तो सुविधा प्रभारी को सूचित करें (सिस्टम बाधा)।",TELECALL_OVERFLOW,https://api.carejourney.example.com/status-update?episode=E0005407
E0001003,,P4_OVERFLOW,advised care components with limited follow-up history,सीमित फॉलो-अप इतिहास,"Contact patient within 48h; confirm medicine availability at facility; facilitate pickup/home delivery; if stock-out confirmed, escalate to facility in-charge (system barrier, not patient non-adherence)","48 घंटे के भीतर मरीज से संपर्क करें; अस्पताल में दवा की उपलब्धता की पुष्टि करें; दवा लेने में सहायता करें; यदि दवा नहीं है, तो सुविधा प्रभारी को सूचित करें (सिस्टम बाधा)।",TELECALL_OVERFLOW,https://api.carejourney.example.com/status-update?episode=E0001003
E0004872,P003085,P4_OVERFLOW,previously unreachable on outreach,पहले आउटरीच पर संपर्क नहीं हो पाया,"Contact patient within 48h; confirm medicine availability at facility; facilitate pickup/home delivery; if stock-out confirmed, escalate to facility in-charge (system barrier, not patient non-adherence)","48 घंटे के भीतर मरीज से संपर्क करें; अस्पताल में दवा की उपलब्धता की पुष्टि करें; दवा लेने में सहायता करें; यदि दवा नहीं है, तो सुविधा प्रभारी को सूचित करें (सिस्टम बाधा)।",TELECALL_OVERFLOW,https://api.carejourney.example.com/status-update?episode=E0004872
E0000179,P000101,P4_OVERFLOW,advised care components with limited follow-up history,सीमित फॉलो-अप इतिहास,"Contact patient within 48h; confirm medicine availability at facility; facilitate pickup/home delivery; if stock-out confirmed, escalate to facility in-charge (system barrier, not patient non-adherence)","48 घंटे के भीतर मरीज से संपर्क करें; अस्पताल में दवा की उपलब्धता की पुष्टि करें; दवा लेने में सहायता करें; यदि दवा नहीं है, तो सुविधा प्रभारी को सूचित करें (सिस्टम बाधा)।",TELECALL_OVERFLOW,https://api.carejourney.example.com/status-update?episode=E0000179
E0002136,P001371,P4_OVERFLOW,previous missed reviews,पहले समीक्षा मिस करने का इतिहास,"Contact patient within 48h; confirm medicine availability at facility; facilitate pickup/home delivery; if stock-out confirmed, escalate to facility in-charge (system barrier, not patient non-adherence)","48 घंटे के भीतर मरीज से संपर्क करें; अस्पताल में दवा की उपलब्धता की पुष्टि करें; दवा लेने में सहायता करें; यदि दवा नहीं है, तो सुविधा प्रभारी को सूचित करें (सिस्टम बाधा)।",TELECALL_OVERFLOW,https://api.carejourney.example.com/status-update?episode=E0002136
E0000443,P000252,P4_OVERFLOW,advised care components with limited follow-up history,सीमित फॉलो-अप इतिहास,"Contact patient within 48h; confirm medicine availability at facility; facilitate pickup/home delivery; if stock-out confirmed, escalate to facility in-charge (system barrier, not patient non-adherence)","48 घंटे के भीतर मरीज से संपर्क करें; अस्पताल में दवा की उपलब्धता की पुष्टि करें; दवा लेने में सहायता करें; यदि दवा नहीं है, तो सुविधा प्रभारी को सूचित करें (सिस्टम बाधा)।",TELECALL_OVERFLOW,https://api.carejourney.example.com/status-update?episode=E0000443
E0001848,P001194,P4_OVERFLOW,previous low medicine collection,पहले दवा कम लेने का इतिहास,"Contact patient within 48h; confirm medicine availability at facility; facilitate pickup/home delivery; if stock-out confirmed, escalate to facility in-charge (system barrier, not patient non-adherence)","48 घंटे के भीतर मरीज से संपर्क करें; अस्पताल में दवा की उपलब्धता की पुष्टि करें; दवा लेने में सहायता करें; यदि दवा नहीं है, तो सुविधा प्रभारी को सूचित करें (सिस्टम बाधा)।",TELECALL_OVERFLOW,https://api.carejourney.example.com/status-update?episode=E0001848
E0004242,P002666,P4_OVERFLOW,previous low medicine collection,पहले दवा कम लेने का इतिहास,Call with test details and where to go; assist scheduling; arrange transport guidance; re-check completion after 7 days,टेस्ट के विवरण और स्थान की जानकारी के लिए कॉल करें; शेड्यूलिंग में सहायता करें; 7 दिनों के बाद पुनः जांच करें।,TELECALL_OVERFLOW,https://api.carejourney.example.com/status-update?episode=E0004242
E0001741,P001120,P4_OVERFLOW,advised care components with limited follow-up history,सीमित फॉलो-अप इतिहास,Reminder before review due date; help book review slot; home visit if unreachable; follow up within 3 days of missed review,समीक्षा की तारीख से पहले याद दिलाएं; स्लॉट बुक करने में मदद करें; समीक्षा मिस होने के 3 दिनों के भीतर फॉलो-अप करें।,TELECALL_OVERFLOW,https://api.carejourney.example.com/status-update?episode=E0001741
E0003260,P002057,P4_OVERFLOW,previous missed reviews,पहले समीक्षा मिस करने का इतिहास,Reminder before review due date; help book review slot; home visit if unreachable; follow up within 3 days of missed review,समीक्षा की तारीख से पहले याद दिलाएं; स्लॉट बुक करने में मदद करें; समीक्षा मिस होने के 3 दिनों के भीतर फॉलो-अप करें।,TELECALL_OVERFLOW,https://api.carejourney.example.com/status-update?episode=E0003260
E0000393,P000218,P4_OVERFLOW,advised care components with limited follow-up history,सीमित फॉलो-अप इतिहास,Reminder before review due date; help book review slot; home visit if unreachable; follow up within 3 days of missed review,समीक्षा की तारीख से पहले याद दिलाएं; स्लॉट बुक करने में मदद करें; समीक्षा मिस होने के 3 दिनों के भीतर फॉलो-अप करें।,TELECALL_OVERFLOW,https://api.carejourney.example.com/status-update?episode=E0000393
E0003107,P001960,P4_OVERFLOW,advised care components with limited follow-up history,सीमित फॉलो-अप इतिहास,Call with test details and where to go; assist scheduling; arrange transport guidance; re-check completion after 7 days,टेस्ट के विवरण और स्थान की जानकारी के लिए कॉल करें; शेड्यूलिंग में सहायता करें; 7 दिनों के बाद पुनः जांच करें।,TELECALL_OVERFLOW,https://api.carejourney.example.com/status-update?episode=E0003107
E0005438,P003475,P4_OVERFLOW,advised care components with limited follow-up history,सीमित फॉलो-अप इतिहास,Reminder before review due date; help book review slot; home visit if unreachable; follow up within 3 days of missed review,समीक्षा की तारीख से पहले याद दिलाएं; स्लॉट बुक करने में मदद करें; समीक्षा मिस होने के 3 दिनों के भीतर फॉलो-अप करें।,TELECALL_OVERFLOW,https://api.carejourney.example.com/status-update?episode=E0005438
E0003693,P002327,P4_OVERFLOW,previous missed reviews,पहले समीक्षा मिस करने का इतिहास,Call with test details and where to go; assist scheduling; arrange transport guidance; re-check completion after 7 days,टेस्ट के विवरण और स्थान की जानकारी के लिए कॉल करें; शेड्यूलिंग में सहायता करें; 7 दिनों के बाद पुनः जांच करें।,TELECALL_OVERFLOW,https://api.carejourney.example.com/status-update?episode=E0003693
E0001315,P000842,P4_OVERFLOW,previous missed reviews,पहले समीक्षा मिस करने का इतिहास,Reminder before review due date; help book review slot; home visit if unreachable; follow up within 3 days of missed review,समीक्षा की तारीख से पहले याद दिलाएं; स्लॉट बुक करने में मदद करें; समीक्षा मिस होने के 3 दिनों के भीतर फॉलो-अप करें।,TELECALL_OVERFLOW,https://api.carejourney.example.com/status-update?episode=E0001315
E0005365,P003410,P4_OVERFLOW,previous low medicine collection; previous missed reviews,पहले दवा कम लेने का इतिहास; पहले समीक्षा मिस करने का इतिहास,Reminder before review due date; help book review slot; home visit if unreachable; follow up within 3 days of missed review,समीक्षा की तारीख से पहले याद दिलाएं; स्लॉट बुक करने में मदद करें; समीक्षा मिस होने के 3 दिनों के भीतर फॉलो-अप करें।,TELECALL_OVERFLOW,https://api.carejourney.example.com/status-update?episode=E0005365
E0001939,P001245,P4_OVERFLOW,previous low medicine collection,पहले दवा कम लेने का इतिहास,Call with test details and where to go; assist scheduling; arrange transport guidance; re-check completion after 7 days,टेस्ट के विवरण और स्थान की जानकारी के लिए कॉल करें; शेड्यूलिंग में सहायता करें; 7 दिनों के बाद पुनः जांच करें।,TELECALL_OVERFLOW,https://api.carejourney.example.com/status-update?episode=E0001939
E0005364,P003410,P4_OVERFLOW,previous low medicine collection; previous missed reviews,पहले दवा कम लेने का इतिहास; पहले समीक्षा मिस करने का इतिहास,Reminder before review due date; help book review slot; home visit if unreachable; follow up within 3 days of missed review,समीक्षा की तारीख से पहले याद दिलाएं; स्लॉट बुक करने में मदद करें; समीक्षा मिस होने के 3 दिनों के भीतर फॉलो-अप करें।,TELECALL_OVERFLOW,https://api.carejourney.example.com/status-update?episode=E0005364
E0004809,P003045,P1,advised care components with limited follow-up history,सीमित फॉलो-अप इतिहास,"Contact patient within 48h; confirm medicine availability at facility; facilitate pickup/home delivery; if stock-out confirmed, escalate to facility in-charge (system barrier, not patient non-adherence)","48 घंटे के भीतर मरीज से संपर्क करें; अस्पताल में दवा की उपलब्धता की पुष्टि करें; दवा लेने में सहायता करें; यदि दवा नहीं है, तो सुविधा प्रभारी को सूचित करें (सिस्टम बाधा)।",ASHA,https://api.carejourney.example.com/status-update?episode=E0004809
E0005119,P003242,P1,previous missed reviews,पहले समीक्षा मिस करने का इतिहास,"Contact patient within 48h; confirm medicine availability at facility; facilitate pickup/home delivery; if stock-out confirmed, escalate to facility in-charge (system barrier, not patient non-adherence)","48 घंटे के भीतर मरीज से संपर्क करें; अस्पताल में दवा की उपलब्धता की पुष्टि करें; दवा लेने में सहायता करें; यदि दवा नहीं है, तो सुविधा प्रभारी को सूचित करें (सिस्टम बाधा)।",ASHA,https://api.carejourney.example.com/status-update?episode=E0005119
E0000389,P000218,P1,advised care components with limited follow-up history,सीमित फॉलो-अप इतिहास,"Contact patient within 48h; confirm medicine availability at facility; facilitate pickup/home delivery; if stock-out confirmed, escalate to facility in-charge (system barrier, not patient non-adherence)","48 घंटे के भीतर मरीज से संपर्क करें; अस्पताल में दवा की उपलब्धता की पुष्टि करें; दवा लेने में सहायता करें; यदि दवा नहीं है, तो सुविधा प्रभारी को सूचित करें (सिस्टम बाधा)।",ASHA,https://api.carejourney.example.com/status-update?episode=E0000389
E0004457,P002812,P2,previous low medicine collection; previously unreachable on outreach,पहले दवा कम लेने का इतिहास; पहले आउटरीच पर संपर्क नहीं हो पाया,"Contact patient within 48h; confirm medicine availability at facility; facilitate pickup/home delivery; if stock-out confirmed, escalate to facility in-charge (system barrier, not patient non-adherence)","48 घंटे के भीतर मरीज से संपर्क करें; अस्पताल में दवा की उपलब्धता की पुष्टि करें; दवा लेने में सहायता करें; यदि दवा नहीं है, तो सुविधा प्रभारी को सूचित करें (सिस्टम बाधा)।",ASHA,https://api.carejourney.example.com/status-update?episode=E0004457
E0003721,P002347,P2,advised care components with limited follow-up history,सीमित फॉलो-अप इतिहास,"Contact patient within 48h; confirm medicine availability at facility; facilitate pickup/home delivery; if stock-out confirmed, escalate to facility in-charge (system barrier, not patient non-adherence)","48 घंटे के भीतर मरीज से संपर्क करें; अस्पताल में दवा की उपलब्धता की पुष्टि करें; दवा लेने में सहायता करें; यदि दवा नहीं है, तो सुविधा प्रभारी को सूचित करें (सिस्टम बाधा)।",ASHA,https://api.carejourney.example.com/status-update?episode=E0003721
E0003879,P002437,P2,advised care components with limited follow-up history,सीमित फॉलो-अप इतिहास,"Contact patient within 48h; confirm medicine availability at facility; facilitate pickup/home delivery; if stock-out confirmed, escalate to facility in-charge (system barrier, not patient non-adherence)","48 घंटे के भीतर मरीज से संपर्क करें; अस्पताल में दवा की उपलब्धता की पुष्टि करें; दवा लेने में सहायता करें; यदि दवा नहीं है, तो सुविधा प्रभारी को सूचित करें (सिस्टम बाधा)।",ASHA,https://api.carejourney.example.com/status-update?episode=E0003879
E0001856,P001197,P2,previous missed reviews,पहले समीक्षा मिस करने का इतिहास,"Contact patient within 48h; confirm medicine availability at facility; facilitate pickup/home delivery; if stock-out confirmed, escalate to facility in-charge (system barrier, not patient non-adherence)","48 घंटे के भीतर मरीज से संपर्क करें; अस्पताल में दवा की उपलब्धता की पुष्टि करें; दवा लेने में सहायता करें; यदि दवा नहीं है, तो सुविधा प्रभारी को सूचित करें (सिस्टम बाधा)।",ASHA,https://api.carejourney.example.com/status-update?episode=E0001856
E0001638,P001060,P2,previous missed reviews,पहले समीक्षा मिस करने का इतिहास,"Contact patient within 48h; confirm medicine availability at facility; facilitate pickup/home delivery; if stock-out confirmed, escalate to facility in-charge (system barrier, not patient non-adherence)","48 घंटे के भीतर मरीज से संपर्क करें; अस्पताल में दवा की उपलब्धता की पुष्टि करें; दवा लेने में सहायता करें; यदि दवा नहीं है, तो सुविधा प्रभारी को सूचित करें (सिस्टम बाधा)।",ASHA,https://api.carejourney.example.com/status-update?episode=E0001638
E0004089,P002572,P2,previous missed reviews,पहले समीक्षा मिस करने का इतिहास,"Contact patient within 48h; confirm medicine availability at facility; facilitate pickup/home delivery; if stock-out confirmed, escalate to facility in-charge (system barrier, not patient non-adherence)","48 घंटे के भीतर मरीज से संपर्क करें; अस्पताल में दवा की उपलब्धता की पुष्टि करें; दवा लेने में सहायता करें; यदि दवा नहीं है, तो सुविधा प्रभारी को सूचित करें (सिस्टम बाधा)।",ASHA,https://api.carejourney.example.com/status-update?episode=E0004089
E0005048,P003193,P2,previous missed reviews,पहले समीक्षा मिस करने का इतिहास,"Contact patient within 48h; confirm medicine availability at facility; facilitate pickup/home delivery; if stock-out confirmed, escalate to facility in-charge (system barrier, not patient non-adherence)","48 घंटे के भीतर मरीज से संपर्क करें; अस्पताल में दवा की उपलब्धता की पुष्टि करें; दवा लेने में सहायता करें; यदि दवा नहीं है, तो सुविधा प्रभारी को सूचित करें (सिस्टम बाधा)।",ASHA,https://api.carejourney.example.com/status-update?episode=E0005048
E0002353,P001500,P4_OVERFLOW,previous low medicine collection,पहले दवा कम लेने का इतिहास,"Contact patient within 48h; confirm medicine availability at facility; facilitate pickup/home delivery; if stock-out confirmed, escalate to facility in-charge (system barrier, not patient non-adherence)","48 घंटे के भीतर मरीज से संपर्क करें; अस्पताल में दवा की उपलब्धता की पुष्टि करें; दवा लेने में सहायता करें; यदि दवा नहीं है, तो सुविधा प्रभारी को सूचित करें (सिस्टम बाधा)।",TELECALL_OVERFLOW,https://api.carejourney.example.com/status-update?episode=E0002353
E0004011,P002530,P4_OVERFLOW,advised care components with limited follow-up history,सीमित फॉलो-अप इतिहास,"Contact patient within 48h; confirm medicine availability at facility; facilitate pickup/home delivery; if stock-out confirmed, escalate to facility in-charge (system barrier, not patient non-adherence)","48 घंटे के भीतर मरीज से संपर्क करें; अस्पताल में दवा की उपलब्धता की पुष्टि करें; दवा लेने में सहायता करें; यदि दवा नहीं है, तो सुविधा प्रभारी को सूचित करें (सिस्टम बाधा)।",TELECALL_OVERFLOW,https://api.carejourney.example.com/status-update?episode=E0004011
E0004681,P002952,P4_OVERFLOW,advised care components with limited follow-up history,सीमित फॉलो-अप इतिहास,"Contact patient within 48h; confirm medicine availability at facility; facilitate pickup/home delivery; if stock-out confirmed, escalate to facility in-charge (system barrier, not patient non-adherence)","48 घंटे के भीतर मरीज से संपर्क करें; अस्पताल में दवा की उपलब्धता की पुष्टि करें; दवा लेने में सहायता करें; यदि दवा नहीं है, तो सुविधा प्रभारी को सूचित करें (सिस्टम बाधा)।",TELECALL_OVERFLOW,https://api.carejourney.example.com/status-update?episode=E0004681
E0003602,P002279,P4_OVERFLOW,advised care components with limited follow-up history,सीमित फॉलो-अप इतिहास,"Contact patient within 48h; confirm medicine availability at facility; facilitate pickup/home delivery; if stock-out confirmed, escalate to facility in-charge (system barrier, not patient non-adherence)","48 घंटे के भीतर मरीज से संपर्क करें; अस्पताल में दवा की उपलब्धता की पुष्टि करें; दवा लेने में सहायता करें; यदि दवा नहीं है, तो सुविधा प्रभारी को सूचित करें (सिस्टम बाधा)।",TELECALL_OVERFLOW,https://api.carejourney.example.com/status-update?episode=E0003602
E0004067,P002563,P4_OVERFLOW,previous missed reviews,पहले समीक्षा मिस करने का इतिहास,"Contact patient within 48h; confirm medicine availability at facility; facilitate pickup/home delivery; if stock-out confirmed, escalate to facility in-charge (system barrier, not patient non-adherence)","48 घंटे के भीतर मरीज से संपर्क करें; अस्पताल में दवा की उपलब्धता की पुष्टि करें; दवा लेने में सहायता करें; यदि दवा नहीं है, तो सुविधा प्रभारी को सूचित करें (सिस्टम बाधा)।",TELECALL_OVERFLOW,https://api.carejourney.example.com/status-update?episode=E0004067
E0005111,P003240,P4_OVERFLOW,previous low medicine collection; previous missed reviews,पहले दवा कम लेने का इतिहास; पहले समीक्षा मिस करने का इतिहास,"Contact patient within 48h; confirm medicine availability at facility; facilitate pickup/home delivery; if stock-out confirmed, escalate to facility in-charge (system barrier, not patient non-adherence)","48 घंटे के भीतर मरीज से संपर्क करें; अस्पताल में दवा की उपलब्धता की पुष्टि करें; दवा लेने में सहायता करें; यदि दवा नहीं है, तो सुविधा प्रभारी को सूचित करें (सिस्टम बाधा)।",TELECALL_OVERFLOW,https://api.carejourney.example.com/status-update?episode=E0005111
E0001151,P000713,P4_OVERFLOW,advised care components with limited follow-up history,सीमित फॉलो-अप इतिहास,Call with test details and where to go; assist scheduling; arrange transport guidance; re-check completion after 7 days,टेस्ट के विवरण और स्थान की जानकारी के लिए कॉल करें; शेड्यूलिंग में सहायता करें; 7 दिनों के बाद पुनः जांच करें।,TELECALL_OVERFLOW,https://api.carejourney.example.com/status-update?episode=E0001151
E0003410,P002165,P4_OVERFLOW,previous missed reviews,पहले समीक्षा मिस करने का इतिहास,Reminder before review due date; help book review slot; home visit if unreachable; follow up within 3 days of missed review,समीक्षा की तारीख से पहले याद दिलाएं; स्लॉट बुक करने में मदद करें; समीक्षा मिस होने के 3 दिनों के भीतर फॉलो-अप करें।,TELECALL_OVERFLOW,https://api.carejourney.example.com/status-update?episode=E0003410
E0003807,P002397,P4_OVERFLOW,advised care components with limited follow-up history,सीमित फॉलो-अप इतिहास,Reminder before review due date; help book review slot; home visit if unreachable; follow up within 3 days of missed review,समीक्षा की तारीख से पहले याद दिलाएं; स्लॉट बुक करने में मदद करें; समीक्षा मिस होने के 3 दिनों के भीतर फॉलो-अप करें।,TELECALL_OVERFLOW,https://api.carejourney.example.com/status-update?episode=E0003807
E0001898,P001221,P4_OVERFLOW,advised care components with limited follow-up history,सीमित फॉलो-अप इतिहास,Reminder before review due date; help book review slot; home visit if unreachable; follow up within 3 days of missed review,समीक्षा की तारीख से पहले याद दिलाएं; स्लॉट बुक करने में मदद करें; समीक्षा मिस होने के 3 दिनों के भीतर फॉलो-अप करें।,TELECALL_OVERFLOW,https://api.carejourney.example.com/status-update?episode=E0001898
E0002901,P001847,P4_OVERFLOW,previous missed reviews,पहले समीक्षा मिस करने का इतिहास,Reminder before review due date; help book review slot; home visit if unreachable; follow up within 3 days of missed review,समीक्षा की तारीख से पहले याद दिलाएं; स्लॉट बुक करने में मदद करें; समीक्षा मिस होने के 3 दिनों के भीतर फॉलो-अप करें।,TELECALL_OVERFLOW,https://api.carejourney.example.com/status-update?episode=E0002901
E0005077,P003216,P4_OVERFLOW,previous low medicine collection; previous missed reviews,पहले दवा कम लेने का इतिहास; पहले समीक्षा मिस करने का इतिहास,Reminder before review due date; help book review slot; home visit if unreachable; follow up within 3 days of missed review,समीक्षा की तारीख से पहले याद दिलाएं; स्लॉट बुक करने में मदद करें; समीक्षा मिस होने के 3 दिनों के भीतर फॉलो-अप करें।,TELECALL_OVERFLOW,https://api.carejourney.example.com/status-update?episode=E0005077
E0000257,P000145,P4_OVERFLOW,previous missed reviews,पहले समीक्षा मिस करने का इतिहास,Reminder before review due date; help book review slot; home visit if unreachable; follow up within 3 days of missed review,समीक्षा की तारीख से पहले याद दिलाएं; स्लॉट बुक करने में मदद करें; समीक्षा मिस होने के 3 दिनों के भीतर फॉलो-अप करें।,TELECALL_OVERFLOW,https://api.carejourney.example.com/status-update?episode=E0000257
E0005088,P003224,P4_OVERFLOW,previous missed reviews; previous incomplete tests,पहले समीक्षा मिस करने का इतिहास; पहले अधूरे टेस्ट,Reminder before review due date; help book review slot; home visit if unreachable; follow up within 3 days of missed review,समीक्षा की तारीख से पहले याद दिलाएं; स्लॉट बुक करने में मदद करें; समीक्षा मिस होने के 3 दिनों के भीतर फॉलो-अप करें।,TELECALL_OVERFLOW,https://api.carejourney.example.com/status-update?episode=E0005088
E0004476,P002819,P4_OVERFLOW,previous missed reviews; previously unreachable on outreach,पहले समीक्षा मिस करने का इतिहास; पहले आउटरीच पर संपर्क नहीं हो पाया,Reminder before review due date; help book review slot; home visit if unreachable; follow up within 3 days of missed review,समीक्षा की तारीख से पहले याद दिलाएं; स्लॉट बुक करने में मदद करें; समीक्षा मिस होने के 3 दिनों के भीतर फॉलो-अप करें।,TELECALL_OVERFLOW,https://api.carejourney.example.com/status-update?episode=E0004476
E0001631,P001056,P4_OVERFLOW,advised care components with limited follow-up history,सीमित फॉलो-अप इतिहास,Call with test details and where to go; assist scheduling; arrange transport guidance; re-check completion after 7 days,टेस्ट के विवरण और स्थान की जानकारी के लिए कॉल करें; शेड्यूलिंग में सहायता करें; 7 दिनों के बाद पुनः जांच करें।,TELECALL_OVERFLOW,https://api.carejourney.example.com/status-update?episode=E0001631
E0002989,P001902,P4_OVERFLOW,previous missed reviews,पहले समीक्षा मिस करने का इतिहास,Reminder before review due date; help book review slot; home visit if unreachable; follow up within 3 days of missed review,समीक्षा की तारीख से पहले याद दिलाएं; स्लॉट बुक करने में मदद करें; समीक्षा मिस होने के 3 दिनों के भीतर फॉलो-अप करें।,TELECALL_OVERFLOW,https://api.carejourney.example.com/status-update?episode=E0002989
E0003096,P001951,P4_OVERFLOW,previous low medicine collection; previous missed reviews,पहले दवा कम लेने का इतिहास; पहले समीक्षा मिस करने का इतिहास,Reminder before review due date; help book review slot; home visit if unreachable; follow up within 3 days of missed review,समीक्षा की तारीख से पहले याद दिलाएं; स्लॉट बुक करने में मदद करें; समीक्षा मिस होने के 3 दिनों के भीतर फॉलो-अप करें।,TELECALL_OVERFLOW,https://api.carejourney.example.com/status-update?episode=E0003096
E0001014,P000619,P4_OVERFLOW,advised care components with limited follow-up history,सीमित फॉलो-अप इतिहास,Reminder before review due date; help book review slot; home visit if unreachable; follow up within 3 days of missed review,समीक्षा की तारीख से पहले याद दिलाएं; स्लॉट बुक करने में मदद करें; समीक्षा मिस होने के 3 दिनों के भीतर फॉलो-अप करें।,TELECALL_OVERFLOW,https://api.carejourney.example.com/status-update?episode=E0001014
E0003748,P002362,P1,advised care components with limited follow-up history,सीमित फॉलो-अप इतिहास,"Contact patient within 48h; confirm medicine availability at facility; facilitate pickup/home delivery; if stock-out confirmed, escalate to facility in-charge (system barrier, not patient non-adherence)","48 घंटे के भीतर मरीज से संपर्क करें; अस्पताल में दवा की उपलब्धता की पुष्टि करें; दवा लेने में सहायता करें; यदि दवा नहीं है, तो सुविधा प्रभारी को सूचित करें (सिस्टम बाधा)।",ASHA,https://api.carejourney.example.com/status-update?episode=E0003748
E0000351,P000197,P1,previous low medicine collection; previous missed reviews; previously unreachable on outreach,पहले दवा कम लेने का इतिहास; पहले समीक्षा मिस करने का इतिहास; पहले आउटरीच पर संपर्क नहीं हो पाया,"Contact patient within 48h; confirm medicine availability at facility; facilitate pickup/home delivery; if stock-out confirmed, escalate to facility in-charge (system barrier, not patient non-adherence)","48 घंटे के भीतर मरीज से संपर्क करें; अस्पताल में दवा की उपलब्धता की पुष्टि करें; दवा लेने में सहायता करें; यदि दवा नहीं है, तो सुविधा प्रभारी को सूचित करें (सिस्टम बाधा)।",ASHA,https://api.carejourney.example.com/status-update?episode=E0000351
E0000165,P000097,P1,previously unreachable on outreach,पहले आउटरीच पर संपर्क नहीं हो पाया,"Contact patient within 48h; confirm medicine availability at facility; facilitate pickup/home delivery; if stock-out confirmed, escalate to facility in-charge (system barrier, not patient non-adherence)","48 घंटे के भीतर मरीज से संपर्क करें; अस्पताल में दवा की उपलब्धता की पुष्टि करें; दवा लेने में सहायता करें; यदि दवा नहीं है, तो सुविधा प्रभारी को सूचित करें (सिस्टम बाधा)।",ASHA,https://api.carejourney.example.com/status-update?episode=E0000165
E0005091,P003225,P1,previous low medicine collection,पहले दवा कम लेने का इतिहास,"Contact patient within 48h; confirm medicine availability at facility; facilitate pickup/home delivery; if stock-out confirmed, escalate to facility in-charge (system barrier, not patient non-adherence)","48 घंटे के भीतर मरीज से संपर्क करें; अस्पताल में दवा की उपलब्धता की पुष्टि करें; दवा लेने में सहायता करें; यदि दवा नहीं है, तो सुविधा प्रभारी को सूचित करें (सिस्टम बाधा)।",ASHA,https://api.carejourney.example.com/status-update?episode=E0005091
E0000987,P000601,P1,advised care components with limited follow-up history,सीमित फॉलो-अप इतिहास,"Contact patient within 48h; confirm medicine availability at facility; facilitate pickup/home delivery; if stock-out confirmed, escalate to facility in-charge (system barrier, not patient non-adherence)","48 घंटे के भीतर मरीज से संपर्क करें; अस्पताल में दवा की उपलब्धता की पुष्टि करें; दवा लेने में सहायता करें; यदि दवा नहीं है, तो सुविधा प्रभारी को सूचित करें (सिस्टम बाधा)।",ASHA,https://api.carejourney.example.com/status-update?episode=E0000987
E0005299,P003363,P1,previous low medicine collection; previous missed reviews,पहले दवा कम लेने का इतिहास; पहले समीक्षा मिस करने का इतिहास,"Contact patient within 48h; confirm medicine availability at facility; facilitate pickup/home delivery; if stock-out confirmed, escalate to facility in-charge (system barrier, not patient non-adherence)","48 घंटे के भीतर मरीज से संपर्क करें; अस्पताल में दवा की उपलब्धता की पुष्टि करें; दवा लेने में सहायता करें; यदि दवा नहीं है, तो सुविधा प्रभारी को सूचित करें (सिस्टम बाधा)।",ASHA,https://api.carejourney.example.com/status-update?episode=E0005299
E0003877,P002435,P1,advised care components with limited follow-up history,सीमित फॉलो-अप इतिहास,"Contact patient within 48h; confirm medicine availability at facility; facilitate pickup/home delivery; if stock-out confirmed, escalate to facility in-charge (system barrier, not patient non-adherence)","48 घंटे के भीतर मरीज से संपर्क करें; अस्पताल में दवा की उपलब्धता की पुष्टि करें; दवा लेने में सहायता करें; यदि दवा नहीं है, तो सुविधा प्रभारी को सूचित करें (सिस्टम बाधा)।",ASHA,https://api.carejourney.example.com/status-update?episode=E0003877
E0002221,P001421,P1,advised care components with limited follow-up history,सीमित फॉलो-अप इतिहास,"Contact patient within 48h; confirm medicine availability at facility; facilitate pickup/home delivery; if stock-out confirmed, escalate to facility in-charge (system barrier, not patient non-adherence)","48 घंटे के भीतर मरीज से संपर्क करें; अस्पताल में दवा की उपलब्धता की पुष्टि करें; दवा लेने में सहायता करें; यदि दवा नहीं है, तो सुविधा प्रभारी को सूचित करें (सिस्टम बाधा)।",ASHA,https://api.carejourney.example.com/status-update?episode=E0002221
E0005259,P003335,P2,previous missed reviews,पहले समीक्षा मिस करने का इतिहास,"Contact patient within 48h; confirm medicine availability at facility; facilitate pickup/home delivery; if stock-out confirmed, escalate to facility in-charge (system barrier, not patient non-adherence)","48 घंटे के भीतर मरीज से संपर्क करें; अस्पताल में दवा की उपलब्धता की पुष्टि करें; दवा लेने में सहायता करें; यदि दवा नहीं है, तो सुविधा प्रभारी को सूचित करें (सिस्टम बाधा)।",ASHA,https://api.carejourney.example.com/status-update?episode=E0005259
E0004150,P002611,P2,advised care components with limited follow-up history,सीमित फॉलो-अप इतिहास,"Contact patient within 48h; confirm medicine availability at facility; facilitate pickup/home delivery; if stock-out confirmed, escalate to facility in-charge (system barrier, not patient non-adherence)","48 घंटे के भीतर मरीज से संपर्क करें; अस्पताल में दवा की उपलब्धता की पुष्टि करें; दवा लेने में सहायता करें; यदि दवा नहीं है, तो सुविधा प्रभारी को सूचित करें (सिस्टम बाधा)।",ASHA,https://api.carejourney.example.com/status-update?episode=E0004150
E0003532,P002240,P4_OVERFLOW,advised care components with limited follow-up history,सीमित फॉलो-अप इतिहास,"Contact patient within 48h; confirm medicine availability at facility; facilitate pickup/home delivery; if stock-out confirmed, escalate to facility in-charge (system barrier, not patient non-adherence)","48 घंटे के भीतर मरीज से संपर्क करें; अस्पताल में दवा की उपलब्धता की पुष्टि करें; दवा लेने में सहायता करें; यदि दवा नहीं है, तो सुविधा प्रभारी को सूचित करें (सिस्टम बाधा)।",TELECALL_OVERFLOW,https://api.carejourney.example.com/status-update?episode=E0003532
E0000412,P000235,P4_OVERFLOW,previous low medicine collection; previous missed reviews,पहले दवा कम लेने का इतिहास; पहले समीक्षा मिस करने का इतिहास,"Contact patient within 48h; confirm medicine availability at facility; facilitate pickup/home delivery; if stock-out confirmed, escalate to facility in-charge (system barrier, not patient non-adherence)","48 घंटे के भीतर मरीज से संपर्क करें; अस्पताल में दवा की उपलब्धता की पुष्टि करें; दवा लेने में सहायता करें; यदि दवा नहीं है, तो सुविधा प्रभारी को सूचित करें (सिस्टम बाधा)।",TELECALL_OVERFLOW,https://api.carejourney.example.com/status-update?episode=E0000412
E0003632,P002291,P4_OVERFLOW,previous low medicine collection; previous missed reviews; previously unreachable on outreach,पहले दवा कम लेने का इतिहास; पहले समीक्षा मिस करने का इतिहास; पहले आउटरीच पर संपर्क नहीं हो पाया,"Contact patient within 48h; confirm medicine availability at facility; facilitate pickup/home delivery; if stock-out confirmed, escalate to facility in-charge (system barrier, not patient non-adherence)","48 घंटे के भीतर मरीज से संपर्क करें; अस्पताल में दवा की उपलब्धता की पुष्टि करें; दवा लेने में सहायता करें; यदि दवा नहीं है, तो सुविधा प्रभारी को सूचित करें (सिस्टम बाधा)।",TELECALL_OVERFLOW,https://api.carejourney.example.com/status-update?episode=E0003632
E0000438,P000250,P4_OVERFLOW,previous missed reviews,पहले समीक्षा मिस करने का इतिहास,"Contact patient within 48h; confirm medicine availability at facility; facilitate pickup/home delivery; if stock-out confirmed, escalate to facility in-charge (system barrier, not patient non-adherence)","48 घंटे के भीतर मरीज से संपर्क करें; अस्पताल में दवा की उपलब्धता की पुष्टि करें; दवा लेने में सहायता करें; यदि दवा नहीं है, तो सुविधा प्रभारी को सूचित करें (सिस्टम बाधा)।",TELECALL_OVERFLOW,https://api.carejourney.example.com/status-update?episode=E0000438
E0001687,P001084,P4_OVERFLOW,previous low medicine collection; previous missed reviews,पहले दवा कम लेने का इतिहास; पहले समीक्षा मिस करने का इतिहास,"Contact patient within 48h; confirm medicine availability at facility; facilitate pickup/home delivery; if stock-out confirmed, escalate to facility in-charge (system barrier, not patient non-adherence)","48 घंटे के भीतर मरीज से संपर्क करें; अस्पताल में दवा की उपलब्धता की पुष्टि करें; दवा लेने में सहायता करें; यदि दवा नहीं है, तो सुविधा प्रभारी को सूचित करें (सिस्टम बाधा)।",TELECALL_OVERFLOW,https://api.carejourney.example.com/status-update?episode=E0001687
E0000923,P000556,P4_OVERFLOW,previous low medicine collection,पहले दवा कम लेने का इतिहास,"Contact patient within 48h; confirm medicine availability at facility; facilitate pickup/home delivery; if stock-out confirmed, escalate to facility in-charge (system barrier, not patient non-adherence)","48 घंटे के भीतर मरीज से संपर्क करें; अस्पताल में दवा की उपलब्धता की पुष्टि करें; दवा लेने में सहायता करें; यदि दवा नहीं है, तो सुविधा प्रभारी को सूचित करें (सिस्टम बाधा)।",TELECALL_OVERFLOW,https://api.carejourney.example.com/status-update?episode=E0000923
E0005078,P003217,P4_OVERFLOW,advised care components with limited follow-up history,सीमित फॉलो-अप इतिहास,"Contact patient within 48h; confirm medicine availability at facility; facilitate pickup/home delivery; if stock-out confirmed, escalate to facility in-charge (system barrier, not patient non-adherence)","48 घंटे के भीतर मरीज से संपर्क करें; अस्पताल में दवा की उपलब्धता की पुष्टि करें; दवा लेने में सहायता करें; यदि दवा नहीं है, तो सुविधा प्रभारी को सूचित करें (सिस्टम बाधा)।",TELECALL_OVERFLOW,https://api.carejourney.example.com/status-update?episode=E0005078
E0001047,P000642,P4_OVERFLOW,previous low medicine collection; previous missed reviews,पहले दवा कम लेने का इतिहास; पहले समीक्षा मिस करने का इतिहास,"Contact patient within 48h; confirm medicine availability at facility; facilitate pickup/home delivery; if stock-out confirmed, escalate to facility in-charge (system barrier, not patient non-adherence)","48 घंटे के भीतर मरीज से संपर्क करें; अस्पताल में दवा की उपलब्धता की पुष्टि करें; दवा लेने में सहायता करें; यदि दवा नहीं है, तो सुविधा प्रभारी को सूचित करें (सिस्टम बाधा)।",TELECALL_OVERFLOW,https://api.carejourney.example.com/status-update?episode=E0001047
E0002552,P001623,P4_OVERFLOW,previous low medicine collection; previous missed reviews; previously unreachable on outreach,पहले दवा कम लेने का इतिहास; पहले समीक्षा मिस करने का इतिहास; पहले आउटरीच पर संपर्क नहीं हो पाया,"Contact patient within 48h; confirm medicine availability at facility; facilitate pickup/home delivery; if stock-out confirmed, escalate to facility in-charge (system barrier, not patient non-adherence)","48 घंटे के भीतर मरीज से संपर्क करें; अस्पताल में दवा की उपलब्धता की पुष्टि करें; दवा लेने में सहायता करें; यदि दवा नहीं है, तो सुविधा प्रभारी को सूचित करें (सिस्टम बाधा)।",TELECALL_OVERFLOW,https://api.carejourney.example.com/status-update?episode=E0002552
E0005130,P003253,P4_OVERFLOW,advised care components with limited follow-up history,सीमित फॉलो-अप इतिहास,Call with test details and where to go; assist scheduling; arrange transport guidance; re-check completion after 7 days,टेस्ट के विवरण और स्थान की जानकारी के लिए कॉल करें; शेड्यूलिंग में सहायता करें; 7 दिनों के बाद पुनः जांच करें।,TELECALL_OVERFLOW,https://api.carejourney.example.com/status-update?episode=E0005130
E0001653,P001065,P4_OVERFLOW,advised care components with limited follow-up history,सीमित फॉलो-अप इतिहास,Reminder before review due date; help book review slot; home visit if unreachable; follow up within 3 days of missed review,समीक्षा की तारीख से पहले याद दिलाएं; स्लॉट बुक करने में मदद करें; समीक्षा मिस होने के 3 दिनों के भीतर फॉलो-अप करें।,TELECALL_OVERFLOW,https://api.carejourney.example.com/status-update?episode=E0001653
E0004042,P002547,P4_OVERFLOW,previously unreachable on outreach,पहले आउटरीच पर संपर्क नहीं हो पाया,Reminder before review due date; help book review slot; home visit if unreachable; follow up within 3 days of missed review,समीक्षा की तारीख से पहले याद दिलाएं; स्लॉट बुक करने में मदद करें; समीक्षा मिस होने के 3 दिनों के भीतर फॉलो-अप करें।,TELECALL_OVERFLOW,https://api.carejourney.example.com/status-update?episode=E0004042
E0005329,P003388,P1,advised care components with limited follow-up history,सीमित फॉलो-अप इतिहास,"Contact patient within 48h; confirm medicine availability at facility; facilitate pickup/home delivery; if stock-out confirmed, escalate to facility in-charge (system barrier, not patient non-adherence)","48 घंटे के भीतर मरीज से संपर्क करें; अस्पताल में दवा की उपलब्धता की पुष्टि करें; दवा लेने में सहायता करें; यदि दवा नहीं है, तो सुविधा प्रभारी को सूचित करें (सिस्टम बाधा)।",ASHA,https://api.carejourney.example.com/status-update?episode=E0005329
E0003099,P001952,P1,long facility distance (27 km),अस्पताल की अधिक दूरी (27 किमी),"Contact patient within 48h; confirm medicine availability at facility; facilitate pickup/home delivery; if stock-out confirmed, escalate to facility in-charge (system barrier, not patient non-adherence)","48 घंटे के भीतर मरीज से संपर्क करें; अस्पताल में दवा की उपलब्धता की पुष्टि करें; दवा लेने में सहायता करें; यदि दवा नहीं है, तो सुविधा प्रभारी को सूचित करें (सिस्टम बाधा)।",ASHA,https://api.carejourney.example.com/status-update?episode=E0003099
E0000083,P000045,P1,long facility distance (30 km); previous missed reviews,अस्पताल की अधिक दूरी (30 किमी); पहले समीक्षा मिस करने का इतिहास,"Contact patient within 48h; confirm medicine availability at facility; facilitate pickup/home delivery; if stock-out confirmed, escalate to facility in-charge (system barrier, not patient non-adherence)","48 घंटे के भीतर मरीज से संपर्क करें; अस्पताल में दवा की उपलब्धता की पुष्टि करें; दवा लेने में सहायता करें; यदि दवा नहीं है, तो सुविधा प्रभारी को सूचित करें (सिस्टम बाधा)।",ASHA,https://api.carejourney.example.com/status-update?episode=E0000083
E0000166,P000097,P1,long facility distance (30 km); previously unreachable on outreach,अस्पताल की अधिक दूरी (30 किमी); पहले आउटरीच पर संपर्क नहीं हो पाया,"Contact patient within 48h; confirm medicine availability at facility; facilitate pickup/home delivery; if stock-out confirmed, escalate to facility in-charge (system barrier, not patient non-adherence)","48 घंटे के भीतर मरीज से संपर्क करें; अस्पताल में दवा की उपलब्धता की पुष्टि करें; दवा लेने में सहायता करें; यदि दवा नहीं है, तो सुविधा प्रभारी को सूचित करें (सिस्टम बाधा)।",ASHA,https://api.carejourney.example.com/status-update?episode=E0000166
E0003857,P002422,P1,previous missed reviews,पहले समीक्षा मिस करने का इतिहास,"Contact patient within 48h; confirm medicine availability at facility; facilitate pickup/home delivery; if stock-out confirmed, escalate to facility in-charge (system barrier, not patient non-adherence)","48 घंटे के भीतर मरीज से संपर्क करें; अस्पताल में दवा की उपलब्धता की पुष्टि करें; दवा लेने में सहायता करें; यदि दवा नहीं है, तो सुविधा प्रभारी को सूचित करें (सिस्टम बाधा)।",ASHA,https://api.carejourney.example.com/status-update?episode=E0003857
E0003780,P002383,P1,long facility distance (27 km),अस्पताल की अधिक दूरी (27 किमी),"Contact patient within 48h; confirm medicine availability at facility; facilitate pickup/home delivery; if stock-out confirmed, escalate to facility in-charge (system barrier, not patient non-adherence)","48 घंटे के भीतर मरीज से संपर्क करें; अस्पताल में दवा की उपलब्धता की पुष्टि करें; दवा लेने में सहायता करें; यदि दवा नहीं है, तो सुविधा प्रभारी को सूचित करें (सिस्टम बाधा)।",ASHA,https://api.carejourney.example.com/status-update?episode=E0003780
E0005418,P003453,P1,long facility distance (27 km),अस्पताल की अधिक दूरी (27 किमी),"Contact patient within 48h; confirm medicine availability at facility; facilitate pickup/home delivery; if stock-out confirmed, escalate to facility in-charge (system barrier, not patient non-adherence)","48 घंटे के भीतर मरीज से संपर्क करें; अस्पताल में दवा की उपलब्धता की पुष्टि करें; दवा लेने में सहायता करें; यदि दवा नहीं है, तो सुविधा प्रभारी को सूचित करें (सिस्टम बाधा)।",ASHA,https://api.carejourney.example.com/status-update?episode=E0005418
E0002200,P001409,P2,previous low medicine collection; previous missed reviews; previously unreachable on outreach,पहले दवा कम लेने का इतिहास; पहले समीक्षा मिस करने का इतिहास; पहले आउटरीच पर संपर्क नहीं हो पाया,"Contact patient within 48h; confirm medicine availability at facility; facilitate pickup/home delivery; if stock-out confirmed, escalate to facility in-charge (system barrier, not patient non-adherence)","48 घंटे के भीतर मरीज से संपर्क करें; अस्पताल में दवा की उपलब्धता की पुष्टि करें; दवा लेने में सहायता करें; यदि दवा नहीं है, तो सुविधा प्रभारी को सूचित करें (सिस्टम बाधा)।",ASHA,https://api.carejourney.example.com/status-update?episode=E0002200
E0003441,P002188,P2,long facility distance (27 km),अस्पताल की अधिक दूरी (27 किमी),"Contact patient within 48h; confirm medicine availability at facility; facilitate pickup/home delivery; if stock-out confirmed, escalate to facility in-charge (system barrier, not patient non-adherence)","48 घंटे के भीतर मरीज से संपर्क करें; अस्पताल में दवा की उपलब्धता की पुष्टि करें; दवा लेने में सहायता करें; यदि दवा नहीं है, तो सुविधा प्रभारी को सूचित करें (सिस्टम बाधा)।",ASHA,https://api.carejourney.example.com/status-update?episode=E0003441
E0003777,P002381,P2,previous missed reviews; previously unreachable on outreach,पहले समीक्षा मिस करने का इतिहास; पहले आउटरीच पर संपर्क नहीं हो पाया,"Contact patient within 48h; confirm medicine availability at facility; facilitate pickup/home delivery; if stock-out confirmed, escalate to facility in-charge (system barrier, not patient non-adherence)","48 घंटे के भीतर मरीज से संपर्क करें; अस्पताल में दवा की उपलब्धता की पुष्टि करें; दवा लेने में सहायता करें; यदि दवा नहीं है, तो सुविधा प्रभारी को सूचित करें (सिस्टम बाधा)।",ASHA,https://api.carejourney.example.com/status-update?episode=E0003777
E0003040,P001923,P4_OVERFLOW,long facility distance (27 km),अस्पताल की अधिक दूरी (27 किमी),"Contact patient within 48h; confirm medicine availability at facility; facilitate pickup/home delivery; if stock-out confirmed, escalate to facility in-charge (system barrier, not patient non-adherence)","48 घंटे के भीतर मरीज से संपर्क करें; अस्पताल में दवा की उपलब्धता की पुष्टि करें; दवा लेने में सहायता करें; यदि दवा नहीं है, तो सुविधा प्रभारी को सूचित करें (सिस्टम बाधा)।",TELECALL_OVERFLOW,https://api.carejourney.example.com/status-update?episode=E0003040
E0001474,P000953,P4_OVERFLOW,long facility distance (27 km),अस्पताल की अधिक दूरी (27 किमी),"Contact patient within 48h; confirm medicine availability at facility; facilitate pickup/home delivery; if stock-out confirmed, escalate to facility in-charge (system barrier, not patient non-adherence)","48 घंटे के भीतर मरीज से संपर्क करें; अस्पताल में दवा की उपलब्धता की पुष्टि करें; दवा लेने में सहायता करें; यदि दवा नहीं है, तो सुविधा प्रभारी को सूचित करें (सिस्टम बाधा)।",TELECALL_OVERFLOW,https://api.carejourney.example.com/status-update?episode=E0001474
E0003986,P002512,P4_OVERFLOW,previous low medicine collection,पहले दवा कम लेने का इतिहास,"Contact patient within 48h; confirm medicine availability at facility; facilitate pickup/home delivery; if stock-out confirmed, escalate to facility in-charge (system barrier, not patient non-adherence)","48 घंटे के भीतर मरीज से संपर्क करें; अस्पताल में दवा की उपलब्धता की पुष्टि करें; दवा लेने में सहायता करें; यदि दवा नहीं है, तो सुविधा प्रभारी को सूचित करें (सिस्टम बाधा)।",TELECALL_OVERFLOW,https://api.carejourney.example.com/status-update?episode=E0003986
E0001708,P001096,P4_OVERFLOW,advised care components with limited follow-up history,सीमित फॉलो-अप इतिहास,"Contact patient within 48h; confirm medicine availability at facility; facilitate pickup/home delivery; if stock-out confirmed, escalate to facility in-charge (system barrier, not patient non-adherence)","48 घंटे के भीतर मरीज से संपर्क करें; अस्पताल में दवा की उपलब्धता की पुष्टि करें; दवा लेने में सहायता करें; यदि दवा नहीं है, तो सुविधा प्रभारी को सूचित करें (सिस्टम बाधा)।",TELECALL_OVERFLOW,https://api.carejourney.example.com/status-update?episode=E0001708
E0002493,P001589,P4_OVERFLOW,long facility distance (27 km),अस्पताल की अधिक दूरी (27 किमी),"Contact patient within 48h; confirm medicine availability at facility; facilitate pickup/home delivery; if stock-out confirmed, escalate to facility in-charge (system barrier, not patient non-adherence)","48 घंटे के भीतर मरीज से संपर्क करें; अस्पताल में दवा की उपलब्धता की पुष्टि करें; दवा लेने में सहायता करें; यदि दवा नहीं है, तो सुविधा प्रभारी को सूचित करें (सिस्टम बाधा)।",TELECALL_OVERFLOW,https://api.carejourney.example.com/status-update?episode=E0002493
E0001667,P001074,P4_OVERFLOW,advised care components with limited follow-up history,सीमित फॉलो-अप इतिहास,"Contact patient within 48h; confirm medicine availability at facility; facilitate pickup/home delivery; if stock-out confirmed, escalate to facility in-charge (system barrier, not patient non-adherence)","48 घंटे के भीतर मरीज से संपर्क करें; अस्पताल में दवा की उपलब्धता की पुष्टि करें; दवा लेने में सहायता करें; यदि दवा नहीं है, तो सुविधा प्रभारी को सूचित करें (सिस्टम बाधा)।",TELECALL_OVERFLOW,https://api.carejourney.example.com/status-update?episode=E0001667
E0004041,P002547,P4_OVERFLOW,long facility distance (27 km); previous missed reviews,अस्पताल की अधिक दूरी (27 किमी); पहले समीक्षा मिस करने का इतिहास,"Contact patient within 48h; confirm medicine availability at facility; facilitate pickup/home delivery; if stock-out confirmed, escalate to facility in-charge (system barrier, not patient non-adherence)","48 घंटे के भीतर मरीज से संपर्क करें; अस्पताल में दवा की उपलब्धता की पुष्टि करें; दवा लेने में सहायता करें; यदि दवा नहीं है, तो सुविधा प्रभारी को सूचित करें (सिस्टम बाधा)।",TELECALL_OVERFLOW,https://api.carejourney.example.com/status-update?episode=E0004041
E0003806,P002396,P4_OVERFLOW,advised care components with limited follow-up history,सीमित फॉलो-अप इतिहास,"Contact patient within 48h; confirm medicine availability at facility; facilitate pickup/home delivery; if stock-out confirmed, escalate to facility in-charge (system barrier, not patient non-adherence)","48 घंटे के भीतर मरीज से संपर्क करें; अस्पताल में दवा की उपलब्धता की पुष्टि करें; दवा लेने में सहायता करें; यदि दवा नहीं है, तो सुविधा प्रभारी को सूचित करें (सिस्टम बाधा)।",TELECALL_OVERFLOW,https://api.carejourney.example.com/status-update?episode=E0003806
E0000182,P000104,P4_OVERFLOW,long facility distance (30 km); previous missed reviews,अस्पताल की अधिक दूरी (30 किमी); पहले समीक्षा मिस करने का इतिहास,Reminder before review due date; help book review slot; home visit if unreachable; follow up within 3 days of missed review,समीक्षा की तारीख से पहले याद दिलाएं; स्लॉट बुक करने में मदद करें; समीक्षा मिस होने के 3 दिनों के भीतर फॉलो-अप करें।,TELECALL_OVERFLOW,https://api.carejourney.example.com/status-update?episode=E0000182
E0003614,P002285,P4_OVERFLOW,long facility distance (30 km),अस्पताल की अधिक दूरी (30 किमी),Reminder before review due date; help book review slot; home visit if unreachable; follow up within 3 days of missed review,समीक्षा की तारीख से पहले याद दिलाएं; स्लॉट बुक करने में मदद करें; समीक्षा मिस होने के 3 दिनों के भीतर फॉलो-अप करें।,TELECALL_OVERFLOW,https://api.carejourney.example.com/status-update?episode=E0003614
E0005060,P003204,P4_OVERFLOW,long facility distance (30 km); previous low medicine collection; previous incomplete tests,अस्पताल की अधिक दूरी (30 किमी); पहले दवा कम लेने का इतिहास; पहले अधूरे टेस्ट,Reminder before review due date; help book review slot; home visit if unreachable; follow up within 3 days of missed review,समीक्षा की तारीख से पहले याद दिलाएं; स्लॉट बुक करने में मदद करें; समीक्षा मिस होने के 3 दिनों के भीतर फॉलो-अप करें।,TELECALL_OVERFLOW,https://api.carejourney.example.com/status-update?episode=E0005060
E0003775,P002381,P4_OVERFLOW,long facility distance (30 km); previous missed reviews; previously unreachable on outreach,अस्पताल की अधिक दूरी (30 किमी); पहले समीक्षा मिस करने का इतिहास; पहले आउटरीच पर संपर्क नहीं हो पाया,Reminder before review due date; help book review slot; home visit if unreachable; follow up within 3 days of missed review,समीक्षा की तारीख से पहले याद दिलाएं; स्लॉट बुक करने में मदद करें; समीक्षा मिस होने के 3 दिनों के भीतर फॉलो-अप करें।,TELECALL_OVERFLOW,https://api.carejourney.example.com/status-update?episode=E0003775
E0001454,P000938,P4_OVERFLOW,previous low medicine collection; previous missed reviews,पहले दवा कम लेने का इतिहास; पहले समीक्षा मिस करने का इतिहास,Call with test details and where to go; assist scheduling; arrange transport guidance; re-check completion after 7 days,टेस्ट के विवरण और स्थान की जानकारी के लिए कॉल करें; शेड्यूलिंग में सहायता करें; 7 दिनों के बाद पुनः जांच करें।,TELECALL_OVERFLOW,https://api.carejourney.example.com/status-update?episode=E0001454
E0002988,P001901,P4_OVERFLOW,long facility distance (30 km); previously unreachable on outreach,अस्पताल की अधिक दूरी (30 किमी); पहले आउटरीच पर संपर्क नहीं हो पाया,Reminder before review due date; help book review slot; home visit if unreachable; follow up within 3 days of missed review,समीक्षा की तारीख से पहले याद दिलाएं; स्लॉट बुक करने में मदद करें; समीक्षा मिस होने के 3 दिनों के भीतर फॉलो-अप करें।,TELECALL_OVERFLOW,https://api.carejourney.example.com/status-update?episode=E0002988
E0004277,,P4_OVERFLOW,advised care components with limited follow-up history,सीमित फॉलो-अप इतिहास,Call with test details and where to go; assist scheduling; arrange transport guidance; re-check completion after 7 days,टेस्ट के विवरण और स्थान की जानकारी के लिए कॉल करें; शेड्यूलिंग में सहायता करें; 7 दिनों के बाद पुनः जांच करें।,TELECALL_OVERFLOW,https://api.carejourney.example.com/status-update?episode=E0004277
E0002611,P001656,P4_OVERFLOW,long facility distance (27 km); previous low medicine collection; previous missed reviews,अस्पताल की अधिक दूरी (27 किमी); पहले दवा कम लेने का इतिहास; पहले समीक्षा मिस करने का इतिहास,Reminder before review due date; help book review slot; home visit if unreachable; follow up within 3 days of missed review,समीक्षा की तारीख से पहले याद दिलाएं; स्लॉट बुक करने में मदद करें; समीक्षा मिस होने के 3 दिनों के भीतर फॉलो-अप करें।,TELECALL_OVERFLOW,https://api.carejourney.example.com/status-update?episode=E0002611
E0000599,P000345,P4_OVERFLOW,long facility distance (27 km),अस्पताल की अधिक दूरी (27 किमी),Reminder before review due date; help book review slot; home visit if unreachable; follow up within 3 days of missed review,समीक्षा की तारीख से पहले याद दिलाएं; स्लॉट बुक करने में मदद करें; समीक्षा मिस होने के 3 दिनों के भीतर फॉलो-अप करें।,TELECALL_OVERFLOW,https://api.carejourney.example.com/status-update?episode=E0000599
E0001760,P001130,P4_OVERFLOW,long facility distance (27 km),अस्पताल की अधिक दूरी (27 किमी),Reminder before review due date; help book review slot; home visit if unreachable; follow up within 3 days of missed review,समीक्षा की तारीख से पहले याद दिलाएं; स्लॉट बुक करने में मदद करें; समीक्षा मिस होने के 3 दिनों के भीतर फॉलो-अप करें।,TELECALL_OVERFLOW,https://api.carejourney.example.com/status-update?episode=E0001760
E0000539,P000313,P1,long facility distance (36 km); previous missed reviews,अस्पताल की अधिक दूरी (36 किमी); पहले समीक्षा मिस करने का इतिहास,"Contact patient within 48h; confirm medicine availability at facility; facilitate pickup/home delivery; if stock-out confirmed, escalate to facility in-charge (system barrier, not patient non-adherence)","48 घंटे के भीतर मरीज से संपर्क करें; अस्पताल में दवा की उपलब्धता की पुष्टि करें; दवा लेने में सहायता करें; यदि दवा नहीं है, तो सुविधा प्रभारी को सूचित करें (सिस्टम बाधा)।",ASHA,https://api.carejourney.example.com/status-update?episode=E0000539
E0005085,P003222,P1,long facility distance (36 km),अस्पताल की अधिक दूरी (36 किमी),"Contact patient within 48h; confirm medicine availability at facility; facilitate pickup/home delivery; if stock-out confirmed, escalate to facility in-charge (system barrier, not patient non-adherence)","48 घंटे के भीतर मरीज से संपर्क करें; अस्पताल में दवा की उपलब्धता की पुष्टि करें; दवा लेने में सहायता करें; यदि दवा नहीं है, तो सुविधा प्रभारी को सूचित करें (सिस्टम बाधा)।",ASHA,https://api.carejourney.example.com/status-update?episode=E0005085
E0005182,P003296,P1,long facility distance (36 km); previous missed reviews,अस्पताल की अधिक दूरी (36 किमी); पहले समीक्षा मिस करने का इतिहास,"Contact patient within 48h; confirm medicine availability at facility; facilitate pickup/home delivery; if stock-out confirmed, escalate to facility in-charge (system barrier, not patient non-adherence)","48 घंटे के भीतर मरीज से संपर्क करें; अस्पताल में दवा की उपलब्धता की पुष्टि करें; दवा लेने में सहायता करें; यदि दवा नहीं है, तो सुविधा प्रभारी को सूचित करें (सिस्टम बाधा)।",ASHA,https://api.carejourney.example.com/status-update?episode=E0005182
E0000422,P000245,P1,long facility distance (36 km); previous low medicine collection; previous missed reviews,अस्पताल की अधिक दूरी (36 किमी); पहले दवा कम लेने का इतिहास; पहले समीक्षा मिस करने का इतिहास,"Contact patient within 48h; confirm medicine availability at facility; facilitate pickup/home delivery; if stock-out confirmed, escalate to facility in-charge (system barrier, not patient non-adherence)","48 घंटे के भीतर मरीज से संपर्क करें; अस्पताल में दवा की उपलब्धता की पुष्टि करें; दवा लेने में सहायता करें; यदि दवा नहीं है, तो सुविधा प्रभारी को सूचित करें (सिस्टम बाधा)।",ASHA,https://api.carejourney.example.com/status-update?episode=E0000422
E0002009,P001289,P1,long facility distance (36 km); previous low medicine collection,अस्पताल की अधिक दूरी (36 किमी); पहले दवा कम लेने का इतिहास,"Contact patient within 48h; confirm medicine availability at facility; facilitate pickup/home delivery; if stock-out confirmed, escalate to facility in-charge (system barrier, not patient non-adherence)","48 घंटे के भीतर मरीज से संपर्क करें; अस्पताल में दवा की उपलब्धता की पुष्टि करें; दवा लेने में सहायता करें; यदि दवा नहीं है, तो सुविधा प्रभारी को सूचित करें (सिस्टम बाधा)।",ASHA,https://api.carejourney.example.com/status-update?episode=E0002009
E0001530,P000995,P1,long facility distance (36 km),अस्पताल की अधिक दूरी (36 किमी),"Contact patient within 48h; confirm medicine availability at facility; facilitate pickup/home delivery; if stock-out confirmed, escalate to facility in-charge (system barrier, not patient non-adherence)","48 घंटे के भीतर मरीज से संपर्क करें; अस्पताल में दवा की उपलब्धता की पुष्टि करें; दवा लेने में सहायता करें; यदि दवा नहीं है, तो सुविधा प्रभारी को सूचित करें (सिस्टम बाधा)।",ASHA,https://api.carejourney.example.com/status-update?episode=E0001530
E0003133,P001974,P1,long facility distance (36 km); previous low medicine collection; previous missed reviews,अस्पताल की अधिक दूरी (36 किमी); पहले दवा कम लेने का इतिहास; पहले समीक्षा मिस करने का इतिहास,"Contact patient within 48h; confirm medicine availability at facility; facilitate pickup/home delivery; if stock-out confirmed, escalate to facility in-charge (system barrier, not patient non-adherence)","48 घंटे के भीतर मरीज से संपर्क करें; अस्पताल में दवा की उपलब्धता की पुष्टि करें; दवा लेने में सहायता करें; यदि दवा नहीं है, तो सुविधा प्रभारी को सूचित करें (सिस्टम बाधा)।",ASHA,https://api.carejourney.example.com/status-update?episode=E0003133
E0002761,P001754,P1,long facility distance (36 km),अस्पताल की अधिक दूरी (36 किमी),"Contact patient within 48h; confirm medicine availability at facility; facilitate pickup/home delivery; if stock-out confirmed, escalate to facility in-charge (system barrier, not patient non-adherence)","48 घंटे के भीतर मरीज से संपर्क करें; अस्पताल में दवा की उपलब्धता की पुष्टि करें; दवा लेने में सहायता करें; यदि दवा नहीं है, तो सुविधा प्रभारी को सूचित करें (सिस्टम बाधा)।",ASHA,https://api.carejourney.example.com/status-update?episode=E0002761
E0004627,P002917,P1,long facility distance (36 km); previous missed reviews,अस्पताल की अधिक दूरी (36 किमी); पहले समीक्षा मिस करने का इतिहास,"Contact patient within 48h; confirm medicine availability at facility; facilitate pickup/home delivery; if stock-out confirmed, escalate to facility in-charge (system barrier, not patient non-adherence)","48 घंटे के भीतर मरीज से संपर्क करें; अस्पताल में दवा की उपलब्धता की पुष्टि करें; दवा लेने में सहायता करें; यदि दवा नहीं है, तो सुविधा प्रभारी को सूचित करें (सिस्टम बाधा)।",ASHA,https://api.carejourney.example.com/status-update?episode=E0004627
E0002174,P001393,P1,long facility distance (36 km),अस्पताल की अधिक दूरी (36 किमी),"Contact patient within 48h; confirm medicine availability at facility; facilitate pickup/home delivery; if stock-out confirmed, escalate to facility in-charge (system barrier, not patient non-adherence)","48 घंटे के भीतर मरीज से संपर्क करें; अस्पताल में दवा की उपलब्धता की पुष्टि करें; दवा लेने में सहायता करें; यदि दवा नहीं है, तो सुविधा प्रभारी को सूचित करें (सिस्टम बाधा)।",ASHA,https://api.carejourney.example.com/status-update?episode=E0002174
E0003788,P002392,P4_OVERFLOW,long facility distance (36 km); previous low medicine collection,अस्पताल की अधिक दूरी (36 किमी); पहले दवा कम लेने का इतिहास,"Contact patient within 48h; confirm medicine availability at facility; facilitate pickup/home delivery; if stock-out confirmed, escalate to facility in-charge (system barrier, not patient non-adherence)","48 घंटे के भीतर मरीज से संपर्क करें; अस्पताल में दवा की उपलब्धता की पुष्टि करें; दवा लेने में सहायता करें; यदि दवा नहीं है, तो सुविधा प्रभारी को सूचित करें (सिस्टम बाधा)।",TELECALL_OVERFLOW,https://api.carejourney.example.com/status-update?episode=E0003788
E0003942,P002481,P4_OVERFLOW,long facility distance (36 km),अस्पताल की अधिक दूरी (36 किमी),"Contact patient within 48h; confirm medicine availability at facility; facilitate pickup/home delivery; if stock-out confirmed, escalate to facility in-charge (system barrier, not patient non-adherence)","48 घंटे के भीतर मरीज से संपर्क करें; अस्पताल में दवा की उपलब्धता की पुष्टि करें; दवा लेने में सहायता करें; यदि दवा नहीं है, तो सुविधा प्रभारी को सूचित करें (सिस्टम बाधा)।",TELECALL_OVERFLOW,https://api.carejourney.example.com/status-update?episode=E0003942
E0005122,P003245,P4_OVERFLOW,long facility distance (36 km),अस्पताल की अधिक दूरी (36 किमी),"Contact patient within 48h; confirm medicine availability at facility; facilitate pickup/home delivery; if stock-out confirmed, escalate to facility in-charge (system barrier, not patient non-adherence)","48 घंटे के भीतर मरीज से संपर्क करें; अस्पताल में दवा की उपलब्धता की पुष्टि करें; दवा लेने में सहायता करें; यदि दवा नहीं है, तो सुविधा प्रभारी को सूचित करें (सिस्टम बाधा)।",TELECALL_OVERFLOW,https://api.carejourney.example.com/status-update?episode=E0005122
E0004182,P002631,P4_OVERFLOW,long facility distance (36 km); previous missed reviews,अस्पताल की अधिक दूरी (36 किमी); पहले समीक्षा मिस करने का इतिहास,"Contact patient within 48h; confirm medicine availability at facility; facilitate pickup/home delivery; if stock-out confirmed, escalate to facility in-charge (system barrier, not patient non-adherence)","48 घंटे के भीतर मरीज से संपर्क करें; अस्पताल में दवा की उपलब्धता की पुष्टि करें; दवा लेने में सहायता करें; यदि दवा नहीं है, तो सुविधा प्रभारी को सूचित करें (सिस्टम बाधा)।",TELECALL_OVERFLOW,https://api.carejourney.example.com/status-update?episode=E0004182
E0003984,P002512,P4_OVERFLOW,long facility distance (36 km); previous low medicine collection,अस्पताल की अधिक दूरी (36 किमी); पहले दवा कम लेने का इतिहास,"Contact patient within 48h; confirm medicine availability at facility; facilitate pickup/home delivery; if stock-out confirmed, escalate to facility in-charge (system barrier, not patient non-adherence)","48 घंटे के भीतर मरीज से संपर्क करें; अस्पताल में दवा की उपलब्धता की पुष्टि करें; दवा लेने में सहायता करें; यदि दवा नहीं है, तो सुविधा प्रभारी को सूचित करें (सिस्टम बाधा)।",TELECALL_OVERFLOW,https://api.carejourney.example.com/status-update?episode=E0003984
E0004593,P002884,P4_OVERFLOW,long facility distance (36 km); previous low medicine collection; previously unreachable on outreach,अस्पताल की अधिक दूरी (36 किमी); पहले दवा कम लेने का इतिहास; पहले आउटरीच पर संपर्क नहीं हो पाया,"Contact patient within 48h; confirm medicine availability at facility; facilitate pickup/home delivery; if stock-out confirmed, escalate to facility in-charge (system barrier, not patient non-adherence)","48 घंटे के भीतर मरीज से संपर्क करें; अस्पताल में दवा की उपलब्धता की पुष्टि करें; दवा लेने में सहायता करें; यदि दवा नहीं है, तो सुविधा प्रभारी को सूचित करें (सिस्टम बाधा)।",TELECALL_OVERFLOW,https://api.carejourney.example.com/status-update?episode=E0004593
E0001204,P000746,P4_OVERFLOW,long facility distance (36 km),अस्पताल की अधिक दूरी (36 किमी),"Contact patient within 48h; confirm medicine availability at facility; facilitate pickup/home delivery; if stock-out confirmed, escalate to facility in-charge (system barrier, not patient non-adherence)","48 घंटे के भीतर मरीज से संपर्क करें; अस्पताल में दवा की उपलब्धता की पुष्टि करें; दवा लेने में सहायता करें; यदि दवा नहीं है, तो सुविधा प्रभारी को सूचित करें (सिस्टम बाधा)।",TELECALL_OVERFLOW,https://api.carejourney.example.com/status-update?episode=E0001204
E0002260,P001433,P4_OVERFLOW,long facility distance (36 km),अस्पताल की अधिक दूरी (36 किमी),"Contact patient within 48h; confirm medicine availability at facility; facilitate pickup/home delivery; if stock-out confirmed, escalate to facility in-charge (system barrier, not patient non-adherence)","48 घंटे के भीतर मरीज से संपर्क करें; अस्पताल में दवा की उपलब्धता की पुष्टि करें; दवा लेने में सहायता करें; यदि दवा नहीं है, तो सुविधा प्रभारी को सूचित करें (सिस्टम बाधा)।",TELECALL_OVERFLOW,https://api.carejourney.example.com/status-update?episode=E0002260
E0003677,P002311,P4_OVERFLOW,long facility distance (36 km); previous low medicine collection; previous missed reviews,अस्पताल की अधिक दूरी (36 किमी); पहले दवा कम लेने का इतिहास; पहले समीक्षा मिस करने का इतिहास,"Contact patient within 48h; confirm medicine availability at facility; facilitate pickup/home delivery; if stock-out confirmed, escalate to facility in-charge (system barrier, not patient non-adherence)","48 घंटे के भीतर मरीज से संपर्क करें; अस्पताल में दवा की उपलब्धता की पुष्टि करें; दवा लेने में सहायता करें; यदि दवा नहीं है, तो सुविधा प्रभारी को सूचित करें (सिस्टम बाधा)।",TELECALL_OVERFLOW,https://api.carejourney.example.com/status-update?episode=E0003677
E0000095,P000052,P4_OVERFLOW,long facility distance (36 km); previous low medicine collection,अस्पताल की अधिक दूरी (36 किमी); पहले दवा कम लेने का इतिहास,"Contact patient within 48h; confirm medicine availability at facility; facilitate pickup/home delivery; if stock-out confirmed, escalate to facility in-charge (system barrier, not patient non-adherence)","48 घंटे के भीतर मरीज से संपर्क करें; अस्पताल में दवा की उपलब्धता की पुष्टि करें; दवा लेने में सहायता करें; यदि दवा नहीं है, तो सुविधा प्रभारी को सूचित करें (सिस्टम बाधा)।",TELECALL_OVERFLOW,https://api.carejourney.example.com/status-update?episode=E0000095
E0000108,P000062,P4_OVERFLOW,long facility distance (36 km); previous missed reviews,अस्पताल की अधिक दूरी (36 किमी); पहले समीक्षा मिस करने का इतिहास,"Contact patient within 48h; confirm medicine availability at facility; facilitate pickup/home delivery; if stock-out confirmed, escalate to facility in-charge (system barrier, not patient non-adherence)","48 घंटे के भीतर मरीज से संपर्क करें; अस्पताल में दवा की उपलब्धता की पुष्टि करें; दवा लेने में सहायता करें; यदि दवा नहीं है, तो सुविधा प्रभारी को सूचित करें (सिस्टम बाधा)।",TELECALL_OVERFLOW,https://api.carejourney.example.com/status-update?episode=E0000108
E0005035,P003188,P4_OVERFLOW,long facility distance (36 km),अस्पताल की अधिक दूरी (36 किमी),"Contact patient within 48h; confirm medicine availability at facility; facilitate pickup/home delivery; if stock-out confirmed, escalate to facility in-charge (system barrier, not patient non-adherence)","48 घंटे के भीतर मरीज से संपर्क करें; अस्पताल में दवा की उपलब्धता की पुष्टि करें; दवा लेने में सहायता करें; यदि दवा नहीं है, तो सुविधा प्रभारी को सूचित करें (सिस्टम बाधा)।",TELECALL_OVERFLOW,https://api.carejourney.example.com/status-update?episode=E0005035
E0003377,P002142,P4_OVERFLOW,long facility distance (36 km); previous low medicine collection; previous missed reviews,अस्पताल की अधिक दूरी (36 किमी); पहले दवा कम लेने का इतिहास; पहले समीक्षा मिस करने का इतिहास,"Contact patient within 48h; confirm medicine availability at facility; facilitate pickup/home delivery; if stock-out confirmed, escalate to facility in-charge (system barrier, not patient non-adherence)","48 घंटे के भीतर मरीज से संपर्क करें; अस्पताल में दवा की उपलब्धता की पुष्टि करें; दवा लेने में सहायता करें; यदि दवा नहीं है, तो सुविधा प्रभारी को सूचित करें (सिस्टम बाधा)।",TELECALL_OVERFLOW,https://api.carejourney.example.com/status-update?episode=E0003377
E0001784,,P4_OVERFLOW,long facility distance (36 km),अस्पताल की अधिक दूरी (36 किमी),"Contact patient within 48h; confirm medicine availability at facility; facilitate pickup/home delivery; if stock-out confirmed, escalate to facility in-charge (system barrier, not patient non-adherence)","48 घंटे के भीतर मरीज से संपर्क करें; अस्पताल में दवा की उपलब्धता की पुष्टि करें; दवा लेने में सहायता करें; यदि दवा नहीं है, तो सुविधा प्रभारी को सूचित करें (सिस्टम बाधा)।",TELECALL_OVERFLOW,https://api.carejourney.example.com/status-update?episode=E0001784
E0000355,P000201,P4_OVERFLOW,long facility distance (36 km),अस्पताल की अधिक दूरी (36 किमी),"Contact patient within 48h; confirm medicine availability at facility; facilitate pickup/home delivery; if stock-out confirmed, escalate to facility in-charge (system barrier, not patient non-adherence)","48 घंटे के भीतर मरीज से संपर्क करें; अस्पताल में दवा की उपलब्धता की पुष्टि करें; दवा लेने में सहायता करें; यदि दवा नहीं है, तो सुविधा प्रभारी को सूचित करें (सिस्टम बाधा)।",TELECALL_OVERFLOW,https://api.carejourney.example.com/status-update?episode=E0000355
E0001021,P000625,P4_OVERFLOW,long facility distance (36 km); previous low medicine collection; previous missed reviews,अस्पताल की अधिक दूरी (36 किमी); पहले दवा कम लेने का इतिहास; पहले समीक्षा मिस करने का इतिहास,"Contact patient within 48h; confirm medicine availability at facility; facilitate pickup/home delivery; if stock-out confirmed, escalate to facility in-charge (system barrier, not patient non-adherence)","48 घंटे के भीतर मरीज से संपर्क करें; अस्पताल में दवा की उपलब्धता की पुष्टि करें; दवा लेने में सहायता करें; यदि दवा नहीं है, तो सुविधा प्रभारी को सूचित करें (सिस्टम बाधा)।",TELECALL_OVERFLOW,https://api.carejourney.example.com/status-update?episode=E0001021
E0003228,P002036,P4_OVERFLOW,long facility distance (36 km); previous missed reviews,अस्पताल की अधिक दूरी (36 किमी); पहले समीक्षा मिस करने का इतिहास,"Contact patient within 48h; confirm medicine availability at facility; facilitate pickup/home delivery; if stock-out confirmed, escalate to facility in-charge (system barrier, not patient non-adherence)","48 घंटे के भीतर मरीज से संपर्क करें; अस्पताल में दवा की उपलब्धता की पुष्टि करें; दवा लेने में सहायता करें; यदि दवा नहीं है, तो सुविधा प्रभारी को सूचित करें (सिस्टम बाधा)।",TELECALL_OVERFLOW,https://api.carejourney.example.com/status-update?episode=E0003228
E0002747,P001745,P4_OVERFLOW,long facility distance (36 km),अस्पताल की अधिक दूरी (36 किमी),"Contact patient within 48h; confirm medicine availability at facility; facilitate pickup/home delivery; if stock-out confirmed, escalate to facility in-charge (system barrier, not patient non-adherence)","48 घंटे के भीतर मरीज से संपर्क करें; अस्पताल में दवा की उपलब्धता की पुष्टि करें; दवा लेने में सहायता करें; यदि दवा नहीं है, तो सुविधा प्रभारी को सूचित करें (सिस्टम बाधा)।",TELECALL_OVERFLOW,https://api.carejourney.example.com/status-update?episode=E0002747
E0001696,P001088,P4_OVERFLOW,long facility distance (36 km),अस्पताल की अधिक दूरी (36 किमी),"Contact patient within 48h; confirm medicine availability at facility; facilitate pickup/home delivery; if stock-out confirmed, escalate to facility in-charge (system barrier, not patient non-adherence)","48 घंटे के भीतर मरीज से संपर्क करें; अस्पताल में दवा की उपलब्धता की पुष्टि करें; दवा लेने में सहायता करें; यदि दवा नहीं है, तो सुविधा प्रभारी को सूचित करें (सिस्टम बाधा)।",TELECALL_OVERFLOW,https://api.carejourney.example.com/status-update?episode=E0001696
E0004794,P003034,P4_OVERFLOW,long facility distance (36 km),अस्पताल की अधिक दूरी (36 किमी),Call with test details and where to go; assist scheduling; arrange transport guidance; re-check completion after 7 days,टेस्ट के विवरण और स्थान की जानकारी के लिए कॉल करें; शेड्यूलिंग में सहायता करें; 7 दिनों के बाद पुनः जांच करें।,TELECALL_OVERFLOW,https://api.carejourney.example.com/status-update?episode=E0004794
E0003847,P002417,P4_OVERFLOW,long facility distance (36 km); previous missed reviews,अस्पताल की अधिक दूरी (36 किमी); पहले समीक्षा मिस करने का इतिहास,Call with test details and where to go; assist scheduling; arrange transport guidance; re-check completion after 7 days,टेस्ट के विवरण और स्थान की जानकारी के लिए कॉल करें; शेड्यूलिंग में सहायता करें; 7 दिनों के बाद पुनः जांच करें।,TELECALL_OVERFLOW,https://api.carejourney.example.com/status-update?episode=E0003847
E0001591,P001031,P4_OVERFLOW,previous low medicine collection; previous missed reviews; previously unreachable on outreach,पहले दवा कम लेने का इतिहास; पहले समीक्षा मिस करने का इतिहास; पहले आउटरीच पर संपर्क नहीं हो पाया,Call with test details and where to go; assist scheduling; arrange transport guidance; re-check completion after 7 days,टेस्ट के विवरण और स्थान की जानकारी के लिए कॉल करें; शेड्यूलिंग में सहायता करें; 7 दिनों के बाद पुनः जांच करें।,TELECALL_OVERFLOW,https://api.carejourney.example.com/status-update?episode=E0001591
E0002533,P001612,P4_OVERFLOW,long facility distance (36 km); previous missed reviews,अस्पताल की अधिक दूरी (36 किमी); पहले समीक्षा मिस करने का इतिहास,Reminder before review due date; help book review slot; home visit if unreachable; follow up within 3 days of missed review,समीक्षा की तारीख से पहले याद दिलाएं; स्लॉट बुक करने में मदद करें; समीक्षा मिस होने के 3 दिनों के भीतर फॉलो-अप करें।,TELECALL_OVERFLOW,https://api.carejourney.example.com/status-update?episode=E0002533
E0004557,P002861,P1,long facility distance (36 km); previous missed reviews,अस्पताल की अधिक दूरी (36 किमी); पहले समीक्षा मिस करने का इतिहास,"Contact patient within 48h; confirm medicine availability at facility; facilitate pickup/home delivery; if stock-out confirmed, escalate to facility in-charge (system barrier, not patient non-adherence)","48 घंटे के भीतर मरीज से संपर्क करें; अस्पताल में दवा की उपलब्धता की पुष्टि करें; दवा लेने में सहायता करें; यदि दवा नहीं है, तो सुविधा प्रभारी को सूचित करें (सिस्टम बाधा)।",ASHA,https://api.carejourney.example.com/status-update?episode=E0004557
E0000365,P000207,P1,long facility distance (36 km),अस्पताल की अधिक दूरी (36 किमी),"Contact patient within 48h; confirm medicine availability at facility; facilitate pickup/home delivery; if stock-out confirmed, escalate to facility in-charge (system barrier, not patient non-adherence)","48 घंटे के भीतर मरीज से संपर्क करें; अस्पताल में दवा की उपलब्धता की पुष्टि करें; दवा लेने में सहायता करें; यदि दवा नहीं है, तो सुविधा प्रभारी को सूचित करें (सिस्टम बाधा)।",ASHA,https://api.carejourney.example.com/status-update?episode=E0000365
E0002760,P001752,P1,long facility distance (36 km); previous low medicine collection,अस्पताल की अधिक दूरी (36 किमी); पहले दवा कम लेने का इतिहास,"Contact patient within 48h; confirm medicine availability at facility; facilitate pickup/home delivery; if stock-out confirmed, escalate to facility in-charge (system barrier, not patient non-adherence)","48 घंटे के भीतर मरीज से संपर्क करें; अस्पताल में दवा की उपलब्धता की पुष्टि करें; दवा लेने में सहायता करें; यदि दवा नहीं है, तो सुविधा प्रभारी को सूचित करें (सिस्टम बाधा)।",ASHA,https://api.carejourney.example.com/status-update?episode=E0002760
E0003572,P002263,P1,long facility distance (36 km); previous low medicine collection,अस्पताल की अधिक दूरी (36 किमी); पहले दवा कम लेने का इतिहास,"Contact patient within 48h; confirm medicine availability at facility; facilitate pickup/home delivery; if stock-out confirmed, escalate to facility in-charge (system barrier, not patient non-adherence)","48 घंटे के भीतर मरीज से संपर्क करें; अस्पताल में दवा की उपलब्धता की पुष्टि करें; दवा लेने में सहायता करें; यदि दवा नहीं है, तो सुविधा प्रभारी को सूचित करें (सिस्टम बाधा)।",ASHA,https://api.carejourney.example.com/status-update?episode=E0003572
E0000961,P000582,P1,long facility distance (36 km); previous missed reviews,अस्पताल की अधिक दूरी (36 किमी); पहले समीक्षा मिस करने का इतिहास,"Contact patient within 48h; confirm medicine availability at facility; facilitate pickup/home delivery; if stock-out confirmed, escalate to facility in-charge (system barrier, not patient non-adherence)","48 घंटे के भीतर मरीज से संपर्क करें; अस्पताल में दवा की उपलब्धता की पुष्टि करें; दवा लेने में सहायता करें; यदि दवा नहीं है, तो सुविधा प्रभारी को सूचित करें (सिस्टम बाधा)।",ASHA,https://api.carejourney.example.com/status-update?episode=E0000961
E0001012,P000618,P1,long facility distance (36 km); previous low medicine collection; previous missed reviews,अस्पताल की अधिक दूरी (36 किमी); पहले दवा कम लेने का इतिहास; पहले समीक्षा मिस करने का इतिहास,"Contact patient within 48h; confirm medicine availability at facility; facilitate pickup/home delivery; if stock-out confirmed, escalate to facility in-charge (system barrier, not patient non-adherence)","48 घंटे के भीतर मरीज से संपर्क करें; अस्पताल में दवा की उपलब्धता की पुष्टि करें; दवा लेने में सहायता करें; यदि दवा नहीं है, तो सुविधा प्रभारी को सूचित करें (सिस्टम बाधा)।",ASHA,https://api.carejourney.example.com/status-update?episode=E0001012
E0003797,P002395,P1,long facility distance (26 km); previous low medicine collection,अस्पताल की अधिक दूरी (26 किमी); पहले दवा कम लेने का इतिहास,"Contact patient within 48h; confirm medicine availability at facility; facilitate pickup/home delivery; if stock-out confirmed, escalate to facility in-charge (system barrier, not patient non-adherence)","48 घंटे के भीतर मरीज से संपर्क करें; अस्पताल में दवा की उपलब्धता की पुष्टि करें; दवा लेने में सहायता करें; यदि दवा नहीं है, तो सुविधा प्रभारी को सूचित करें (सिस्टम बाधा)।",ASHA,https://api.carejourney.example.com/status-update?episode=E0003797
E0002603,P001654,P1,long facility distance (30 km); previous low medicine collection; previous missed reviews,अस्पताल की अधिक दूरी (30 किमी); पहले दवा कम लेने का इतिहास; पहले समीक्षा मिस करने का इतिहास,"Contact patient within 48h; confirm medicine availability at facility; facilitate pickup/home delivery; if stock-out confirmed, escalate to facility in-charge (system barrier, not patient non-adherence)","48 घंटे के भीतर मरीज से संपर्क करें; अस्पताल में दवा की उपलब्धता की पुष्टि करें; दवा लेने में सहायता करें; यदि दवा नहीं है, तो सुविधा प्रभारी को सूचित करें (सिस्टम बाधा)।",ASHA,https://api.carejourney.example.com/status-update?episode=E0002603
E0002141,P001373,P1,long facility distance (30 km),अस्पताल की अधिक दूरी (30 किमी),"Contact patient within 48h; confirm medicine availability at facility; facilitate pickup/home delivery; if stock-out confirmed, escalate to facility in-charge (system barrier, not patient non-adherence)","48 घंटे के भीतर मरीज से संपर्क करें; अस्पताल में दवा की उपलब्धता की पुष्टि करें; दवा लेने में सहायता करें; यदि दवा नहीं है, तो सुविधा प्रभारी को सूचित करें (सिस्टम बाधा)।",ASHA,https://api.carejourney.example.com/status-update?episode=E0002141
E0003703,P002335,P1,previous low medicine collection; previous missed reviews,पहले दवा कम लेने का इतिहास; पहले समीक्षा मिस करने का इतिहास,"Contact patient within 48h; confirm medicine availability at facility; facilitate pickup/home delivery; if stock-out confirmed, escalate to facility in-charge (system barrier, not patient non-adherence)","48 घंटे के भीतर मरीज से संपर्क करें; अस्पताल में दवा की उपलब्धता की पुष्टि करें; दवा लेने में सहायता करें; यदि दवा नहीं है, तो सुविधा प्रभारी को सूचित करें (सिस्टम बाधा)।",ASHA,https://api.carejourney.example.com/status-update?episode=E0003703
E0005205,P003315,P4_OVERFLOW,previous low medicine collection; previous missed reviews,पहले दवा कम लेने का इतिहास; पहले समीक्षा मिस करने का इतिहास,"Contact patient within 48h; confirm medicine availability at facility; facilitate pickup/home delivery; if stock-out confirmed, escalate to facility in-charge (system barrier, not patient non-adherence)","48 घंटे के भीतर मरीज से संपर्क करें; अस्पताल में दवा की उपलब्धता की पुष्टि करें; दवा लेने में सहायता करें; यदि दवा नहीं है, तो सुविधा प्रभारी को सूचित करें (सिस्टम बाधा)।",TELECALL_OVERFLOW,https://api.carejourney.example.com/status-update?episode=E0005205
E0003135,P001975,P4_OVERFLOW,long facility distance (36 km); previous missed reviews; previously unreachable on outreach,अस्पताल की अधिक दूरी (36 किमी); पहले समीक्षा मिस करने का इतिहास; पहले आउटरीच पर संपर्क नहीं हो पाया,"Contact patient within 48h; confirm medicine availability at facility; facilitate pickup/home delivery; if stock-out confirmed, escalate to facility in-charge (system barrier, not patient non-adherence)","48 घंटे के भीतर मरीज से संपर्क करें; अस्पताल में दवा की उपलब्धता की पुष्टि करें; दवा लेने में सहायता करें; यदि दवा नहीं है, तो सुविधा प्रभारी को सूचित करें (सिस्टम बाधा)।",TELECALL_OVERFLOW,https://api.carejourney.example.com/status-update?episode=E0003135
E0001825,P001182,P4_OVERFLOW,long facility distance (30 km),अस्पताल की अधिक दूरी (30 किमी),"Contact patient within 48h; confirm medicine availability at facility; facilitate pickup/home delivery; if stock-out confirmed, escalate to facility in-charge (system barrier, not patient non-adherence)","48 घंटे के भीतर मरीज से संपर्क करें; अस्पताल में दवा की उपलब्धता की पुष्टि करें; दवा लेने में सहायता करें; यदि दवा नहीं है, तो सुविधा प्रभारी को सूचित करें (सिस्टम बाधा)।",TELECALL_OVERFLOW,https://api.carejourney.example.com/status-update?episode=E0001825
E0002583,P001641,P4_OVERFLOW,long facility distance (26 km),अस्पताल की अधिक दूरी (26 किमी),"Contact patient within 48h; confirm medicine availability at facility; facilitate pickup/home delivery; if stock-out confirmed, escalate to facility in-charge (system barrier, not patient non-adherence)","48 घंटे के भीतर मरीज से संपर्क करें; अस्पताल में दवा की उपलब्धता की पुष्टि करें; दवा लेने में सहायता करें; यदि दवा नहीं है, तो सुविधा प्रभारी को सूचित करें (सिस्टम बाधा)।",TELECALL_OVERFLOW,https://api.carejourney.example.com/status-update?episode=E0002583
E0002111,P001355,P4_OVERFLOW,long facility distance (30 km),अस्पताल की अधिक दूरी (30 किमी),"Contact patient within 48h; confirm medicine availability at facility; facilitate pickup/home delivery; if stock-out confirmed, escalate to facility in-charge (system barrier, not patient non-adherence)","48 घंटे के भीतर मरीज से संपर्क करें; अस्पताल में दवा की उपलब्धता की पुष्टि करें; दवा लेने में सहायता करें; यदि दवा नहीं है, तो सुविधा प्रभारी को सूचित करें (सिस्टम बाधा)।",TELECALL_OVERFLOW,https://api.carejourney.example.com/status-update?episode=E0002111
E0003975,P002505,P4_OVERFLOW,previous low medicine collection; previous missed reviews; previously unreachable on outreach,पहले दवा कम लेने का इतिहास; पहले समीक्षा मिस करने का इतिहास; पहले आउटरीच पर संपर्क नहीं हो पाया,"Contact patient within 48h; confirm medicine availability at facility; facilitate pickup/home delivery; if stock-out confirmed, escalate to facility in-charge (system barrier, not patient non-adherence)","48 घंटे के भीतर मरीज से संपर्क करें; अस्पताल में दवा की उपलब्धता की पुष्टि करें; दवा लेने में सहायता करें; यदि दवा नहीं है, तो सुविधा प्रभारी को सूचित करें (सिस्टम बाधा)।",TELECALL_OVERFLOW,https://api.carejourney.example.com/status-update?episode=E0003975
E0004033,P002543,P4_OVERFLOW,previous missed reviews,पहले समीक्षा मिस करने का इतिहास,"Contact patient within 48h; confirm medicine availability at facility; facilitate pickup/home delivery; if stock-out confirmed, escalate to facility in-charge (system barrier, not patient non-adherence)","48 घंटे के भीतर मरीज से संपर्क करें; अस्पताल में दवा की उपलब्धता की पुष्टि करें; दवा लेने में सहायता करें; यदि दवा नहीं है, तो सुविधा प्रभारी को सूचित करें (सिस्टम बाधा)।",TELECALL_OVERFLOW,https://api.carejourney.example.com/status-update?episode=E0004033
E0002085,P001344,P4_OVERFLOW,long facility distance (36 km),अस्पताल की अधिक दूरी (36 किमी),"Contact patient within 48h; confirm medicine availability at facility; facilitate pickup/home delivery; if stock-out confirmed, escalate to facility in-charge (system barrier, not patient non-adherence)","48 घंटे के भीतर मरीज से संपर्क करें; अस्पताल में दवा की उपलब्धता की पुष्टि करें; दवा लेने में सहायता करें; यदि दवा नहीं है, तो सुविधा प्रभारी को सूचित करें (सिस्टम बाधा)।",TELECALL_OVERFLOW,https://api.carejourney.example.com/status-update?episode=E0002085
E0002949,P001873,P4_OVERFLOW,long facility distance (30 km); previous missed reviews; previously unreachable on outreach,अस्पताल की अधिक दूरी (30 किमी); पहले समीक्षा मिस करने का इतिहास; पहले आउटरीच पर संपर्क नहीं हो पाया,"Contact patient within 48h; confirm medicine availability at facility; facilitate pickup/home delivery; if stock-out confirmed, escalate to facility in-charge (system barrier, not patient non-adherence)","48 घंटे के भीतर मरीज से संपर्क करें; अस्पताल में दवा की उपलब्धता की पुष्टि करें; दवा लेने में सहायता करें; यदि दवा नहीं है, तो सुविधा प्रभारी को सूचित करें (सिस्टम बाधा)।",TELECALL_OVERFLOW,https://api.carejourney.example.com/status-update?episode=E0002949
E0005457,P003489,P4_OVERFLOW,long facility distance (30 km),अस्पताल की अधिक दूरी (30 किमी),"Contact patient within 48h; confirm medicine availability at facility; facilitate pickup/home delivery; if stock-out confirmed, escalate to facility in-charge (system barrier, not patient non-adherence)","48 घंटे के भीतर मरीज से संपर्क करें; अस्पताल में दवा की उपलब्धता की पुष्टि करें; दवा लेने में सहायता करें; यदि दवा नहीं है, तो सुविधा प्रभारी को सूचित करें (सिस्टम बाधा)।",TELECALL_OVERFLOW,https://api.carejourney.example.com/status-update?episode=E0005457
E0005467,P003495,P4_OVERFLOW,long facility distance (36 km),अस्पताल की अधिक दूरी (36 किमी),"Contact patient within 48h; confirm medicine availability at facility; facilitate pickup/home delivery; if stock-out confirmed, escalate to facility in-charge (system barrier, not patient non-adherence)","48 घंटे के भीतर मरीज से संपर्क करें; अस्पताल में दवा की उपलब्धता की पुष्टि करें; दवा लेने में सहायता करें; यदि दवा नहीं है, तो सुविधा प्रभारी को सूचित करें (सिस्टम बाधा)।",TELECALL_OVERFLOW,https://api.carejourney.example.com/status-update?episode=E0005467
E0004017,P002534,P4_OVERFLOW,long facility distance (36 km); previous missed reviews,अस्पताल की अधिक दूरी (36 किमी); पहले समीक्षा मिस करने का इतिहास,"Contact patient within 48h; confirm medicine availability at facility; facilitate pickup/home delivery; if stock-out confirmed, escalate to facility in-charge (system barrier, not patient non-adherence)","48 घंटे के भीतर मरीज से संपर्क करें; अस्पताल में दवा की उपलब्धता की पुष्टि करें; दवा लेने में सहायता करें; यदि दवा नहीं है, तो सुविधा प्रभारी को सूचित करें (सिस्टम बाधा)।",TELECALL_OVERFLOW,https://api.carejourney.example.com/status-update?episode=E0004017
E0001293,P000819,P4_OVERFLOW,long facility distance (26 km); previous low medicine collection,अस्पताल की अधिक दूरी (26 किमी); पहले दवा कम लेने का इतिहास,"Contact patient within 48h; confirm medicine availability at facility; facilitate pickup/home delivery; if stock-out confirmed, escalate to facility in-charge (system barrier, not patient non-adherence)","48 घंटे के भीतर मरीज से संपर्क करें; अस्पताल में दवा की उपलब्धता की पुष्टि करें; दवा लेने में सहायता करें; यदि दवा नहीं है, तो सुविधा प्रभारी को सूचित करें (सिस्टम बाधा)।",TELECALL_OVERFLOW,https://api.carejourney.example.com/status-update?episode=E0001293
E0002582,P001640,P4_OVERFLOW,long facility distance (26 km); previous low medicine collection,अस्पताल की अधिक दूरी (26 किमी); पहले दवा कम लेने का इतिहास,Reminder before review due date; help book review slot; home visit if unreachable; follow up within 3 days of missed review,समीक्षा की तारीख से पहले याद दिलाएं; स्लॉट बुक करने में मदद करें; समीक्षा मिस होने के 3 दिनों के भीतर फॉलो-अप करें।,TELECALL_OVERFLOW,https://api.carejourney.example.com/status-update?episode=E0002582
E0003313,P002099,P4_OVERFLOW,long facility distance (26 km); previous low medicine collection,अस्पताल की अधिक दूरी (26 किमी); पहले दवा कम लेने का इतिहास,Reminder before review due date; help book review slot; home visit if unreachable; follow up within 3 days of missed review,समीक्षा की तारीख से पहले याद दिलाएं; स्लॉट बुक करने में मदद करें; समीक्षा मिस होने के 3 दिनों के भीतर फॉलो-अप करें।,TELECALL_OVERFLOW,https://api.carejourney.example.com/status-update?episode=E0003313
E0000829,P000489,P4_OVERFLOW,long facility distance (30 km); previous missed reviews; previous incomplete tests,अस्पताल की अधिक दूरी (30 किमी); पहले समीक्षा मिस करने का इतिहास; पहले अधूरे टेस्ट,Call with test details and where to go; assist scheduling; arrange transport guidance; re-check completion after 7 days,टेस्ट के विवरण और स्थान की जानकारी के लिए कॉल करें; शेड्यूलिंग में सहायता करें; 7 दिनों के बाद पुनः जांच करें।,TELECALL_OVERFLOW,https://api.carejourney.example.com/status-update?episode=E0000829
E0004657,P002935,P1,long facility distance (35 km); previous missed reviews,अस्पताल की अधिक दूरी (35 किमी); पहले समीक्षा मिस करने का इतिहास,"Contact patient within 48h; confirm medicine availability at facility; facilitate pickup/home delivery; if stock-out confirmed, escalate to facility in-charge (system barrier, not patient non-adherence)","48 घंटे के भीतर मरीज से संपर्क करें; अस्पताल में दवा की उपलब्धता की पुष्टि करें; दवा लेने में सहायता करें; यदि दवा नहीं है, तो सुविधा प्रभारी को सूचित करें (सिस्टम बाधा)।",ASHA,https://api.carejourney.example.com/status-update?episode=E0004657
E0000302,P000172,P1,advised care components with limited follow-up history,सीमित फॉलो-अप इतिहास,"Contact patient within 48h; confirm medicine availability at facility; facilitate pickup/home delivery; if stock-out confirmed, escalate to facility in-charge (system barrier, not patient non-adherence)","48 घंटे के भीतर मरीज से संपर्क करें; अस्पताल में दवा की उपलब्धता की पुष्टि करें; दवा लेने में सहायता करें; यदि दवा नहीं है, तो सुविधा प्रभारी को सूचित करें (सिस्टम बाधा)।",ASHA,https://api.carejourney.example.com/status-update?episode=E0000302
E0003287,P002077,P1,long facility distance (35 km); previous low medicine collection; previous missed reviews,अस्पताल की अधिक दूरी (35 किमी); पहले दवा कम लेने का इतिहास; पहले समीक्षा मिस करने का इतिहास,"Contact patient within 48h; confirm medicine availability at facility; facilitate pickup/home delivery; if stock-out confirmed, escalate to facility in-charge (system barrier, not patient non-adherence)","48 घंटे के भीतर मरीज से संपर्क करें; अस्पताल में दवा की उपलब्धता की पुष्टि करें; दवा लेने में सहायता करें; यदि दवा नहीं है, तो सुविधा प्रभारी को सूचित करें (सिस्टम बाधा)।",ASHA,https://api.carejourney.example.com/status-update?episode=E0003287
E0002053,P001323,P1,long facility distance (35 km); previous missed reviews,अस्पताल की अधिक दूरी (35 किमी); पहले समीक्षा मिस करने का इतिहास,"Contact patient within 48h; confirm medicine availability at facility; facilitate pickup/home delivery; if stock-out confirmed, escalate to facility in-charge (system barrier, not patient non-adherence)","48 घंटे के भीतर मरीज से संपर्क करें; अस्पताल में दवा की उपलब्धता की पुष्टि करें; दवा लेने में सहायता करें; यदि दवा नहीं है, तो सुविधा प्रभारी को सूचित करें (सिस्टम बाधा)।",ASHA,https://api.carejourney.example.com/status-update?episode=E0002053
E0000280,P000158,P1,long facility distance (35 km); previous low medicine collection,अस्पताल की अधिक दूरी (35 किमी); पहले दवा कम लेने का इतिहास,"Contact patient within 48h; confirm medicine availability at facility; facilitate pickup/home delivery; if stock-out confirmed, escalate to facility in-charge (system barrier, not patient non-adherence)","48 घंटे के भीतर मरीज से संपर्क करें; अस्पताल में दवा की उपलब्धता की पुष्टि करें; दवा लेने में सहायता करें; यदि दवा नहीं है, तो सुविधा प्रभारी को सूचित करें (सिस्टम बाधा)।",ASHA,https://api.carejourney.example.com/status-update?episode=E0000280
E0004079,P002566,P1,long facility distance (35 km),अस्पताल की अधिक दूरी (35 किमी),"Contact patient within 48h; confirm medicine availability at facility; facilitate pickup/home delivery; if stock-out confirmed, escalate to facility in-charge (system barrier, not patient non-adherence)","48 घंटे के भीतर मरीज से संपर्क करें; अस्पताल में दवा की उपलब्धता की पुष्टि करें; दवा लेने में सहायता करें; यदि दवा नहीं है, तो सुविधा प्रभारी को सूचित करें (सिस्टम बाधा)।",ASHA,https://api.carejourney.example.com/status-update?episode=E0004079
E0005355,P003404,P2,previous missed reviews,पहले समीक्षा मिस करने का इतिहास,"Contact patient within 48h; confirm medicine availability at facility; facilitate pickup/home delivery; if stock-out confirmed, escalate to facility in-charge (system barrier, not patient non-adherence)","48 घंटे के भीतर मरीज से संपर्क करें; अस्पताल में दवा की उपलब्धता की पुष्टि करें; दवा लेने में सहायता करें; यदि दवा नहीं है, तो सुविधा प्रभारी को सूचित करें (सिस्टम बाधा)।",ASHA,https://api.carejourney.example.com/status-update?episode=E0005355
E0000430,P000245,P2,previous low medicine collection; previous missed reviews,पहले दवा कम लेने का इतिहास; पहले समीक्षा मिस करने का इतिहास,"Contact patient within 48h; confirm medicine availability at facility; facilitate pickup/home delivery; if stock-out confirmed, escalate to facility in-charge (system barrier, not patient non-adherence)","48 घंटे के भीतर मरीज से संपर्क करें; अस्पताल में दवा की उपलब्धता की पुष्टि करें; दवा लेने में सहायता करें; यदि दवा नहीं है, तो सुविधा प्रभारी को सूचित करें (सिस्टम बाधा)।",ASHA,https://api.carejourney.example.com/status-update?episode=E0000430
E0003882,P002443,P3,previous low medicine collection; previous missed reviews; previous incomplete tests,पहले दवा कम लेने का इतिहास; पहले समीक्षा मिस करने का इतिहास; पहले अधूरे टेस्ट,"Contact patient within 48h; confirm medicine availability at facility; facilitate pickup/home delivery; if stock-out confirmed, escalate to facility in-charge (system barrier, not patient non-adherence)","48 घंटे के भीतर मरीज से संपर्क करें; अस्पताल में दवा की उपलब्धता की पुष्टि करें; दवा लेने में सहायता करें; यदि दवा नहीं है, तो सुविधा प्रभारी को सूचित करें (सिस्टम बाधा)।",ASHA,https://api.carejourney.example.com/status-update?episode=E0003882
E0004412,P002783,P3,previous missed reviews,पहले समीक्षा मिस करने का इतिहास,"Contact patient within 48h; confirm medicine availability at facility; facilitate pickup/home delivery; if stock-out confirmed, escalate to facility in-charge (system barrier, not patient non-adherence)","48 घंटे के भीतर मरीज से संपर्क करें; अस्पताल में दवा की उपलब्धता की पुष्टि करें; दवा लेने में सहायता करें; यदि दवा नहीं है, तो सुविधा प्रभारी को सूचित करें (सिस्टम बाधा)।",ASHA,https://api.carejourney.example.com/status-update?episode=E0004412
E0004601,P002896,P4_OVERFLOW,long facility distance (35 km),अस्पताल की अधिक दूरी (35 किमी),Reminder before review due date; help book review slot; home visit if unreachable; follow up within 3 days of missed review,समीक्षा की तारीख से पहले याद दिलाएं; स्लॉट बुक करने में मदद करें; समीक्षा मिस होने के 3 दिनों के भीतर फॉलो-अप करें।,TELECALL_OVERFLOW,https://api.carejourney.example.com/status-update?episode=E0004601
E0002714,P001718,P4_OVERFLOW,previous low medicine collection; previous missed reviews,पहले दवा कम लेने का इतिहास; पहले समीक्षा मिस करने का इतिहास,Reminder before review due date; help book review slot; home visit if unreachable; follow up within 3 days of missed review,समीक्षा की तारीख से पहले याद दिलाएं; स्लॉट बुक करने में मदद करें; समीक्षा मिस होने के 3 दिनों के भीतर फॉलो-अप करें।,TELECALL_OVERFLOW,https://api.carejourney.example.com/status-update?episode=E0002714
E0000170,P000099,P4_OVERFLOW,advised care components with limited follow-up history,सीमित फॉलो-अप इतिहास,Reminder before review due date; help book review slot; home visit if unreachable; follow up within 3 days of missed review,समीक्षा की तारीख से पहले याद दिलाएं; स्लॉट बुक करने में मदद करें; समीक्षा मिस होने के 3 दिनों के भीतर फॉलो-अप करें।,TELECALL_OVERFLOW,https://api.carejourney.example.com/status-update?episode=E0000170
E0003327,P002105,P1,long facility distance (33 km); previous missed reviews,अस्पताल की अधिक दूरी (33 किमी); पहले समीक्षा मिस करने का इतिहास,"Contact patient within 48h; confirm medicine availability at facility; facilitate pickup/home delivery; if stock-out confirmed, escalate to facility in-charge (system barrier, not patient non-adherence)","48 घंटे के भीतर मरीज से संपर्क करें; अस्पताल में दवा की उपलब्धता की पुष्टि करें; दवा लेने में सहायता करें; यदि दवा नहीं है, तो सुविधा प्रभारी को सूचित करें (सिस्टम बाधा)।",ASHA,https://api.carejourney.example.com/status-update?episode=E0003327
E0003858,P002422,P1,previous missed reviews,पहले समीक्षा मिस करने का इतिहास,"Contact patient within 48h; confirm medicine availability at facility; facilitate pickup/home delivery; if stock-out confirmed, escalate to facility in-charge (system barrier, not patient non-adherence)","48 घंटे के भीतर मरीज से संपर्क करें; अस्पताल में दवा की उपलब्धता की पुष्टि करें; दवा लेने में सहायता करें; यदि दवा नहीं है, तो सुविधा प्रभारी को सूचित करें (सिस्टम बाधा)।",ASHA,https://api.carejourney.example.com/status-update?episode=E0003858
E0001408,P000901,P1,long facility distance (33 km),अस्पताल की अधिक दूरी (33 किमी),"Contact patient within 48h; confirm medicine availability at facility; facilitate pickup/home delivery; if stock-out confirmed, escalate to facility in-charge (system barrier, not patient non-adherence)","48 घंटे के भीतर मरीज से संपर्क करें; अस्पताल में दवा की उपलब्धता की पुष्टि करें; दवा लेने में सहायता करें; यदि दवा नहीं है, तो सुविधा प्रभारी को सूचित करें (सिस्टम बाधा)।",ASHA,https://api.carejourney.example.com/status-update?episode=E0001408
E0003176,P001999,P1,long facility distance (33 km),अस्पताल की अधिक दूरी (33 किमी),"Contact patient within 48h; confirm medicine availability at facility; facilitate pickup/home delivery; if stock-out confirmed, escalate to facility in-charge (system barrier, not patient non-adherence)","48 घंटे के भीतर मरीज से संपर्क करें; अस्पताल में दवा की उपलब्धता की पुष्टि करें; दवा लेने में सहायता करें; यदि दवा नहीं है, तो सुविधा प्रभारी को सूचित करें (सिस्टम बाधा)।",ASHA,https://api.carejourney.example.com/status-update?episode=E0003176
E0004081,P002567,P1,long facility distance (28 km); previous low medicine collection,अस्पताल की अधिक दूरी (28 किमी); पहले दवा कम लेने का इतिहास,"Contact patient within 48h; confirm medicine availability at facility; facilitate pickup/home delivery; if stock-out confirmed, escalate to facility in-charge (system barrier, not patient non-adherence)","48 घंटे के भीतर मरीज से संपर्क करें; अस्पताल में दवा की उपलब्धता की पुष्टि करें; दवा लेने में सहायता करें; यदि दवा नहीं है, तो सुविधा प्रभारी को सूचित करें (सिस्टम बाधा)।",ASHA,https://api.carejourney.example.com/status-update?episode=E0004081
E0004896,P003100,P1,long facility distance (33 km); previous low medicine collection,अस्पताल की अधिक दूरी (33 किमी); पहले दवा कम लेने का इतिहास,"Contact patient within 48h; confirm medicine availability at facility; facilitate pickup/home delivery; if stock-out confirmed, escalate to facility in-charge (system barrier, not patient non-adherence)","48 घंटे के भीतर मरीज से संपर्क करें; अस्पताल में दवा की उपलब्धता की पुष्टि करें; दवा लेने में सहायता करें; यदि दवा नहीं है, तो सुविधा प्रभारी को सूचित करें (सिस्टम बाधा)।",ASHA,https://api.carejourney.example.com/status-update?episode=E0004896
E0004168,P002622,P1,long facility distance (28 km),अस्पताल की अधिक दूरी (28 किमी),"Contact patient within 48h; confirm medicine availability at facility; facilitate pickup/home delivery; if stock-out confirmed, escalate to facility in-charge (system barrier, not patient non-adherence)","48 घंटे के भीतर मरीज से संपर्क करें; अस्पताल में दवा की उपलब्धता की पुष्टि करें; दवा लेने में सहायता करें; यदि दवा नहीं है, तो सुविधा प्रभारी को सूचित करें (सिस्टम बाधा)।",ASHA,https://api.carejourney.example.com/status-update?episode=E0004168
E0004690,P002960,P1,long facility distance (33 km); previously unreachable on outreach,अस्पताल की अधिक दूरी (33 किमी); पहले आउटरीच पर संपर्क नहीं हो पाया,"Contact patient within 48h; confirm medicine availability at facility; facilitate pickup/home delivery; if stock-out confirmed, escalate to facility in-charge (system barrier, not patient non-adherence)","48 घंटे के भीतर मरीज से संपर्क करें; अस्पताल में दवा की उपलब्धता की पुष्टि करें; दवा लेने में सहायता करें; यदि दवा नहीं है, तो सुविधा प्रभारी को सूचित करें (सिस्टम बाधा)।",ASHA,https://api.carejourney.example.com/status-update?episode=E0004690
E0001363,P000870,P1,long facility distance (28 km),अस्पताल की अधिक दूरी (28 किमी),"Contact patient within 48h; confirm medicine availability at facility; facilitate pickup/home delivery; if stock-out confirmed, escalate to facility in-charge (system barrier, not patient non-adherence)","48 घंटे के भीतर मरीज से संपर्क करें; अस्पताल में दवा की उपलब्धता की पुष्टि करें; दवा लेने में सहायता करें; यदि दवा नहीं है, तो सुविधा प्रभारी को सूचित करें (सिस्टम बाधा)।",ASHA,https://api.carejourney.example.com/status-update?episode=E0001363
E0003385,P002150,P1,advised care components with limited follow-up history,सीमित फॉलो-अप इतिहास,"Contact patient within 48h; confirm medicine availability at facility; facilitate pickup/home delivery; if stock-out confirmed, escalate to facility in-charge (system barrier, not patient non-adherence)","48 घंटे के भीतर मरीज से संपर्क करें; अस्पताल में दवा की उपलब्धता की पुष्टि करें; दवा लेने में सहायता करें; यदि दवा नहीं है, तो सुविधा प्रभारी को सूचित करें (सिस्टम बाधा)।",ASHA,https://api.carejourney.example.com/status-update?episode=E0003385
E0003659,P002302,P4_OVERFLOW,previous missed reviews; previously unreachable on outreach,पहले समीक्षा मिस करने का इतिहास; पहले आउटरीच पर संपर्क नहीं हो पाया,"Contact patient within 48h; confirm medicine availability at facility; facilitate pickup/home delivery; if stock-out confirmed, escalate to facility in-charge (system barrier, not patient non-adherence)","48 घंटे के भीतर मरीज से संपर्क करें; अस्पताल में दवा की उपलब्धता की पुष्टि करें; दवा लेने में सहायता करें; यदि दवा नहीं है, तो सुविधा प्रभारी को सूचित करें (सिस्टम बाधा)।",TELECALL_OVERFLOW,https://api.carejourney.example.com/status-update?episode=E0003659
E0003824,P002406,P4_OVERFLOW,long facility distance (28 km),अस्पताल की अधिक दूरी (28 किमी),"Contact patient within 48h; confirm medicine availability at facility; facilitate pickup/home delivery; if stock-out confirmed, escalate to facility in-charge (system barrier, not patient non-adherence)","48 घंटे के भीतर मरीज से संपर्क करें; अस्पताल में दवा की उपलब्धता की पुष्टि करें; दवा लेने में सहायता करें; यदि दवा नहीं है, तो सुविधा प्रभारी को सूचित करें (सिस्टम बाधा)।",TELECALL_OVERFLOW,https://api.carejourney.example.com/status-update?episode=E0003824
E0000454,P000262,P4_OVERFLOW,previous missed reviews,पहले समीक्षा मिस करने का इतिहास,"Contact patient within 48h; confirm medicine availability at facility; facilitate pickup/home delivery; if stock-out confirmed, escalate to facility in-charge (system barrier, not patient non-adherence)","48 घंटे के भीतर मरीज से संपर्क करें; अस्पताल में दवा की उपलब्धता की पुष्टि करें; दवा लेने में सहायता करें; यदि दवा नहीं है, तो सुविधा प्रभारी को सूचित करें (सिस्टम बाधा)।",TELECALL_OVERFLOW,https://api.carejourney.example.com/status-update?episode=E0000454
E0004533,P002843,P4_OVERFLOW,advised care components with limited follow-up history,सीमित फॉलो-अप इतिहास,"Contact patient within 48h; confirm medicine availability at facility; facilitate pickup/home delivery; if stock-out confirmed, escalate to facility in-charge (system barrier, not patient non-adherence)","48 घंटे के भीतर मरीज से संपर्क करें; अस्पताल में दवा की उपलब्धता की पुष्टि करें; दवा लेने में सहायता करें; यदि दवा नहीं है, तो सुविधा प्रभारी को सूचित करें (सिस्टम बाधा)।",TELECALL_OVERFLOW,https://api.carejourney.example.com/status-update?episode=E0004533
E0003620,P002287,P4_OVERFLOW,advised care components with limited follow-up history,सीमित फॉलो-अप इतिहास,"Contact patient within 48h; confirm medicine availability at facility; facilitate pickup/home delivery; if stock-out confirmed, escalate to facility in-charge (system barrier, not patient non-adherence)","48 घंटे के भीतर मरीज से संपर्क करें; अस्पताल में दवा की उपलब्धता की पुष्टि करें; दवा लेने में सहायता करें; यदि दवा नहीं है, तो सुविधा प्रभारी को सूचित करें (सिस्टम बाधा)।",TELECALL_OVERFLOW,https://api.carejourney.example.com/status-update?episode=E0003620
E0002919,P001856,P4_OVERFLOW,advised care components with limited follow-up history,सीमित फॉलो-अप इतिहास,"Contact patient within 48h; confirm medicine availability at facility; facilitate pickup/home delivery; if stock-out confirmed, escalate to facility in-charge (system barrier, not patient non-adherence)","48 घंटे के भीतर मरीज से संपर्क करें; अस्पताल में दवा की उपलब्धता की पुष्टि करें; दवा लेने में सहायता करें; यदि दवा नहीं है, तो सुविधा प्रभारी को सूचित करें (सिस्टम बाधा)।",TELECALL_OVERFLOW,https://api.carejourney.example.com/status-update?episode=E0002919
E0000914,P000548,P4_OVERFLOW,advised care components with limited follow-up history,सीमित फॉलो-अप इतिहास,"Contact patient within 48h; confirm medicine availability at facility; facilitate pickup/home delivery; if stock-out confirmed, escalate to facility in-charge (system barrier, not patient non-adherence)","48 घंटे के भीतर मरीज से संपर्क करें; अस्पताल में दवा की उपलब्धता की पुष्टि करें; दवा लेने में सहायता करें; यदि दवा नहीं है, तो सुविधा प्रभारी को सूचित करें (सिस्टम बाधा)।",TELECALL_OVERFLOW,https://api.carejourney.example.com/status-update?episode=E0000914
E0001502,P000974,P4_OVERFLOW,advised care components with limited follow-up history,सीमित फॉलो-अप इतिहास,"Contact patient within 48h; confirm medicine availability at facility; facilitate pickup/home delivery; if stock-out confirmed, escalate to facility in-charge (system barrier, not patient non-adherence)","48 घंटे के भीतर मरीज से संपर्क करें; अस्पताल में दवा की उपलब्धता की पुष्टि करें; दवा लेने में सहायता करें; यदि दवा नहीं है, तो सुविधा प्रभारी को सूचित करें (सिस्टम बाधा)।",TELECALL_OVERFLOW,https://api.carejourney.example.com/status-update?episode=E0001502
E0001340,P000854,P4_OVERFLOW,long facility distance (28 km); previously unreachable on outreach,अस्पताल की अधिक दूरी (28 किमी); पहले आउटरीच पर संपर्क नहीं हो पाया,"Contact patient within 48h; confirm medicine availability at facility; facilitate pickup/home delivery; if stock-out confirmed, escalate to facility in-charge (system barrier, not patient non-adherence)","48 घंटे के भीतर मरीज से संपर्क करें; अस्पताल में दवा की उपलब्धता की पुष्टि करें; दवा लेने में सहायता करें; यदि दवा नहीं है, तो सुविधा प्रभारी को सूचित करें (सिस्टम बाधा)।",TELECALL_OVERFLOW,https://api.carejourney.example.com/status-update?episode=E0001340
E0001262,P000789,P4_OVERFLOW,previous low medicine collection; previous missed reviews,पहले दवा कम लेने का इतिहास; पहले समीक्षा मिस करने का इतिहास,"Contact patient within 48h; confirm medicine availability at facility; facilitate pickup/home delivery; if stock-out confirmed, escalate to facility in-charge (system barrier, not patient non-adherence)","48 घंटे के भीतर मरीज से संपर्क करें; अस्पताल में दवा की उपलब्धता की पुष्टि करें; दवा लेने में सहायता करें; यदि दवा नहीं है, तो सुविधा प्रभारी को सूचित करें (सिस्टम बाधा)।",TELECALL_OVERFLOW,https://api.carejourney.example.com/status-update?episode=E0001262
E0002109,P001355,P4_OVERFLOW,advised care components with limited follow-up history,सीमित फॉलो-अप इतिहास,"Contact patient within 48h; confirm medicine availability at facility; facilitate pickup/home delivery; if stock-out confirmed, escalate to facility in-charge (system barrier, not patient non-adherence)","48 घंटे के भीतर मरीज से संपर्क करें; अस्पताल में दवा की उपलब्धता की पुष्टि करें; दवा लेने में सहायता करें; यदि दवा नहीं है, तो सुविधा प्रभारी को सूचित करें (सिस्टम बाधा)।",TELECALL_OVERFLOW,https://api.carejourney.example.com/status-update?episode=E0002109
E0004895,P003099,P4_OVERFLOW,advised care components with limited follow-up history,सीमित फॉलो-अप इतिहास,"Contact patient within 48h; confirm medicine availability at facility; facilitate pickup/home delivery; if stock-out confirmed, escalate to facility in-charge (system barrier, not patient non-adherence)","48 घंटे के भीतर मरीज से संपर्क करें; अस्पताल में दवा की उपलब्धता की पुष्टि करें; दवा लेने में सहायता करें; यदि दवा नहीं है, तो सुविधा प्रभारी को सूचित करें (सिस्टम बाधा)।",TELECALL_OVERFLOW,https://api.carejourney.example.com/status-update?episode=E0004895
E0004595,P002886,P4_OVERFLOW,long facility distance (33 km),अस्पताल की अधिक दूरी (33 किमी),"Contact patient within 48h; confirm medicine availability at facility; facilitate pickup/home delivery; if stock-out confirmed, escalate to facility in-charge (system barrier, not patient non-adherence)","48 घंटे के भीतर मरीज से संपर्क करें; अस्पताल में दवा की उपलब्धता की पुष्टि करें; दवा लेने में सहायता करें; यदि दवा नहीं है, तो सुविधा प्रभारी को सूचित करें (सिस्टम बाधा)।",TELECALL_OVERFLOW,https://api.carejourney.example.com/status-update?episode=E0004595
E0003647,P002300,P4_OVERFLOW,long facility distance (28 km),अस्पताल की अधिक दूरी (28 किमी),"Contact patient within 48h; confirm medicine availability at facility; facilitate pickup/home delivery; if stock-out confirmed, escalate to facility in-charge (system barrier, not patient non-adherence)","48 घंटे के भीतर मरीज से संपर्क करें; अस्पताल में दवा की उपलब्धता की पुष्टि करें; दवा लेने में सहायता करें; यदि दवा नहीं है, तो सुविधा प्रभारी को सूचित करें (सिस्टम बाधा)।",TELECALL_OVERFLOW,https://api.carejourney.example.com/status-update?episode=E0003647
E0005428,P003463,P4_OVERFLOW,previous missed reviews,पहले समीक्षा मिस करने का इतिहास,Call with test details and where to go; assist scheduling; arrange transport guidance; re-check completion after 7 days,टेस्ट के विवरण और स्थान की जानकारी के लिए कॉल करें; शेड्यूलिंग में सहायता करें; 7 दिनों के बाद पुनः जांच करें।,TELECALL_OVERFLOW,https://api.carejourney.example.com/status-update?episode=E0005428
E0004494,P002823,P4_OVERFLOW,long facility distance (33 km); previous low medicine collection; previous missed reviews,अस्पताल की अधिक दूरी (33 किमी); पहले दवा कम लेने का इतिहास; पहले समीक्षा मिस करने का इतिहास,"Contact patient within 48h; confirm medicine availability at facility; facilitate pickup/home delivery; if stock-out confirmed, escalate to facility in-charge (system barrier, not patient non-adherence)","48 घंटे के भीतर मरीज से संपर्क करें; अस्पताल में दवा की उपलब्धता की पुष्टि करें; दवा लेने में सहायता करें; यदि दवा नहीं है, तो सुविधा प्रभारी को सूचित करें (सिस्टम बाधा)।",TELECALL_OVERFLOW,https://api.carejourney.example.com/status-update?episode=E0004494
E0004693,P002961,P4_OVERFLOW,long facility distance (33 km),अस्पताल की अधिक दूरी (33 किमी),"Contact patient within 48h; confirm medicine availability at facility; facilitate pickup/home delivery; if stock-out confirmed, escalate to facility in-charge (system barrier, not patient non-adherence)","48 घंटे के भीतर मरीज से संपर्क करें; अस्पताल में दवा की उपलब्धता की पुष्टि करें; दवा लेने में सहायता करें; यदि दवा नहीं है, तो सुविधा प्रभारी को सूचित करें (सिस्टम बाधा)।",TELECALL_OVERFLOW,https://api.carejourney.example.com/status-update?episode=E0004693
E0000368,P000207,P4_OVERFLOW,advised care components with limited follow-up history,सीमित फॉलो-अप इतिहास,"Contact patient within 48h; confirm medicine availability at facility; facilitate pickup/home delivery; if stock-out confirmed, escalate to facility in-charge (system barrier, not patient non-adherence)","48 घंटे के भीतर मरीज से संपर्क करें; अस्पताल में दवा की उपलब्धता की पुष्टि करें; दवा लेने में सहायता करें; यदि दवा नहीं है, तो सुविधा प्रभारी को सूचित करें (सिस्टम बाधा)।",TELECALL_OVERFLOW,https://api.carejourney.example.com/status-update?episode=E0000368
E0001200,P000746,P4_OVERFLOW,advised care components with limited follow-up history,सीमित फॉलो-अप इतिहास,"Contact patient within 48h; confirm medicine availability at facility; facilitate pickup/home delivery; if stock-out confirmed, escalate to facility in-charge (system barrier, not patient non-adherence)","48 घंटे के भीतर मरीज से संपर्क करें; अस्पताल में दवा की उपलब्धता की पुष्टि करें; दवा लेने में सहायता करें; यदि दवा नहीं है, तो सुविधा प्रभारी को सूचित करें (सिस्टम बाधा)।",TELECALL_OVERFLOW,https://api.carejourney.example.com/status-update?episode=E0001200
E0003916,P002460,P4_OVERFLOW,long facility distance (33 km); previous missed reviews,अस्पताल की अधिक दूरी (33 किमी); पहले समीक्षा मिस करने का इतिहास,"Contact patient within 48h; confirm medicine availability at facility; facilitate pickup/home delivery; if stock-out confirmed, escalate to facility in-charge (system barrier, not patient non-adherence)","48 घंटे के भीतर मरीज से संपर्क करें; अस्पताल में दवा की उपलब्धता की पुष्टि करें; दवा लेने में सहायता करें; यदि दवा नहीं है, तो सुविधा प्रभारी को सूचित करें (सिस्टम बाधा)।",TELECALL_OVERFLOW,https://api.carejourney.example.com/status-update?episode=E0003916
E0002362,P001505,P4_OVERFLOW,long facility distance (33 km); previous missed reviews,अस्पताल की अधिक दूरी (33 किमी); पहले समीक्षा मिस करने का इतिहास,"Contact patient within 48h; confirm medicine availability at facility; facilitate pickup/home delivery; if stock-out confirmed, escalate to facility in-charge (system barrier, not patient non-adherence)","48 घंटे के भीतर मरीज से संपर्क करें; अस्पताल में दवा की उपलब्धता की पुष्टि करें; दवा लेने में सहायता करें; यदि दवा नहीं है, तो सुविधा प्रभारी को सूचित करें (सिस्टम बाधा)।",TELECALL_OVERFLOW,https://api.carejourney.example.com/status-update?episode=E0002362
E0003392,P002153,P4_OVERFLOW,advised care components with limited follow-up history,सीमित फॉलो-अप इतिहास,Call with test details and where to go; assist scheduling; arrange transport guidance; re-check completion after 7 days,टेस्ट के विवरण और स्थान की जानकारी के लिए कॉल करें; शेड्यूलिंग में सहायता करें; 7 दिनों के बाद पुनः जांच करें।,TELECALL_OVERFLOW,https://api.carejourney.example.com/status-update?episode=E0003392
E0004227,P002658,P4_OVERFLOW,long facility distance (33 km); previous missed reviews,अस्पताल की अधिक दूरी (33 किमी); पहले समीक्षा मिस करने का इतिहास,Call with test details and where to go; assist scheduling; arrange transport guidance; re-check completion after 7 days,टेस्ट के विवरण और स्थान की जानकारी के लिए कॉल करें; शेड्यूलिंग में सहायता करें; 7 दिनों के बाद पुनः जांच करें।,TELECALL_OVERFLOW,https://api.carejourney.example.com/status-update?episode=E0004227
E0000009,P000007,P4_OVERFLOW,advised care components with limited follow-up history,सीमित फॉलो-अप इतिहास,Reminder before review due date; help book review slot; home visit if unreachable; follow up within 3 days of missed review,समीक्षा की तारीख से पहले याद दिलाएं; स्लॉट बुक करने में मदद करें; समीक्षा मिस होने के 3 दिनों के भीतर फॉलो-अप करें।,TELECALL_OVERFLOW,https://api.carejourney.example.com/status-update?episode=E0000009
E0003239,P002043,P1,advised care components with limited follow-up history,सीमित फॉलो-अप इतिहास,"Contact patient within 48h; confirm medicine availability at facility; facilitate pickup/home delivery; if stock-out confirmed, escalate to facility in-charge (system barrier, not patient non-adherence)","48 घंटे के भीतर मरीज से संपर्क करें; अस्पताल में दवा की उपलब्धता की पुष्टि करें; दवा लेने में सहायता करें; यदि दवा नहीं है, तो सुविधा प्रभारी को सूचित करें (सिस्टम बाधा)।",ASHA,https://api.carejourney.example.com/status-update?episode=E0003239
E0000421,P000244,P1,long facility distance (30 km),अस्पताल की अधिक दूरी (30 किमी),"Contact patient within 48h; confirm medicine availability at facility; facilitate pickup/home delivery; if stock-out confirmed, escalate to facility in-charge (system barrier, not patient non-adherence)","48 घंटे के भीतर मरीज से संपर्क करें; अस्पताल में दवा की उपलब्धता की पुष्टि करें; दवा लेने में सहायता करें; यदि दवा नहीं है, तो सुविधा प्रभारी को सूचित करें (सिस्टम बाधा)।",ASHA,https://api.carejourney.example.com/status-update?episode=E0000421
E0003431,P002180,P1,previous missed reviews,पहले समीक्षा मिस करने का इतिहास,"Contact patient within 48h; confirm medicine availability at facility; facilitate pickup/home delivery; if stock-out confirmed, escalate to facility in-charge (system barrier, not patient non-adherence)","48 घंटे के भीतर मरीज से संपर्क करें; अस्पताल में दवा की उपलब्धता की पुष्टि करें; दवा लेने में सहायता करें; यदि दवा नहीं है, तो सुविधा प्रभारी को सूचित करें (सिस्टम बाधा)।",ASHA,https://api.carejourney.example.com/status-update?episode=E0003431
E0001314,P000842,P1,long facility distance (30 km); previous missed reviews,अस्पताल की अधिक दूरी (30 किमी); पहले समीक्षा मिस करने का इतिहास,"Contact patient within 48h; confirm medicine availability at facility; facilitate pickup/home delivery; if stock-out confirmed, escalate to facility in-charge (system barrier, not patient non-adherence)","48 घंटे के भीतर मरीज से संपर्क करें; अस्पताल में दवा की उपलब्धता की पुष्टि करें; दवा लेने में सहायता करें; यदि दवा नहीं है, तो सुविधा प्रभारी को सूचित करें (सिस्टम बाधा)।",ASHA,https://api.carejourney.example.com/status-update?episode=E0001314
E0000172,P000100,P1,long facility distance (30 km); previous low medicine collection; previous missed reviews,अस्पताल की अधिक दूरी (30 किमी); पहले दवा कम लेने का इतिहास; पहले समीक्षा मिस करने का इतिहास,"Contact patient within 48h; confirm medicine availability at facility; facilitate pickup/home delivery; if stock-out confirmed, escalate to facility in-charge (system barrier, not patient non-adherence)","48 घंटे के भीतर मरीज से संपर्क करें; अस्पताल में दवा की उपलब्धता की पुष्टि करें; दवा लेने में सहायता करें; यदि दवा नहीं है, तो सुविधा प्रभारी को सूचित करें (सिस्टम बाधा)।",ASHA,https://api.carejourney.example.com/status-update?episode=E0000172
E0001792,P001156,P1,long facility distance (30 km),अस्पताल की अधिक दूरी (30 किमी),"Contact patient within 48h; confirm medicine availability at facility; facilitate pickup/home delivery; if stock-out confirmed, escalate to facility in-charge (system barrier, not patient non-adherence)","48 घंटे के भीतर मरीज से संपर्क करें; अस्पताल में दवा की उपलब्धता की पुष्टि करें; दवा लेने में सहायता करें; यदि दवा नहीं है, तो सुविधा प्रभारी को सूचित करें (सिस्टम बाधा)।",ASHA,https://api.carejourney.example.com/status-update?episode=E0001792
E0002482,P001585,P2,long facility distance (30 km); previous low medicine collection; previous missed reviews,अस्पताल की अधिक दूरी (30 किमी); पहले दवा कम लेने का इतिहास; पहले समीक्षा मिस करने का इतिहास,"Contact patient within 48h; confirm medicine availability at facility; facilitate pickup/home delivery; if stock-out confirmed, escalate to facility in-charge (system barrier, not patient non-adherence)","48 घंटे के भीतर मरीज से संपर्क करें; अस्पताल में दवा की उपलब्धता की पुष्टि करें; दवा लेने में सहायता करें; यदि दवा नहीं है, तो सुविधा प्रभारी को सूचित करें (सिस्टम बाधा)।",ASHA,https://api.carejourney.example.com/status-update?episode=E0002482
E0001413,P000907,P2,previous missed reviews,पहले समीक्षा मिस करने का इतिहास,"Contact patient within 48h; confirm medicine availability at facility; facilitate pickup/home delivery; if stock-out confirmed, escalate to facility in-charge (system barrier, not patient non-adherence)","48 घंटे के भीतर मरीज से संपर्क करें; अस्पताल में दवा की उपलब्धता की पुष्टि करें; दवा लेने में सहायता करें; यदि दवा नहीं है, तो सुविधा प्रभारी को सूचित करें (सिस्टम बाधा)।",ASHA,https://api.carejourney.example.com/status-update?episode=E0001413
E0001233,P000770,P2,previous missed reviews,पहले समीक्षा मिस करने का इतिहास,"Contact patient within 48h; confirm medicine availability at facility; facilitate pickup/home delivery; if stock-out confirmed, escalate to facility in-charge (system barrier, not patient non-adherence)","48 घंटे के भीतर मरीज से संपर्क करें; अस्पताल में दवा की उपलब्धता की पुष्टि करें; दवा लेने में सहायता करें; यदि दवा नहीं है, तो सुविधा प्रभारी को सूचित करें (सिस्टम बाधा)।",ASHA,https://api.carejourney.example.com/status-update?episode=E0001233
E0003908,P002455,P2,previous low medicine collection; previous missed reviews,पहले दवा कम लेने का इतिहास; पहले समीक्षा मिस करने का इतिहास,"Contact patient within 48h; confirm medicine availability at facility; facilitate pickup/home delivery; if stock-out confirmed, escalate to facility in-charge (system barrier, not patient non-adherence)","48 घंटे के भीतर मरीज से संपर्क करें; अस्पताल में दवा की उपलब्धता की पुष्टि करें; दवा लेने में सहायता करें; यदि दवा नहीं है, तो सुविधा प्रभारी को सूचित करें (सिस्टम बाधा)।",ASHA,https://api.carejourney.example.com/status-update?episode=E0003908
E0000018,P000010,P4_OVERFLOW,advised care components with limited follow-up history,सीमित फॉलो-अप इतिहास,"Contact patient within 48h; confirm medicine availability at facility; facilitate pickup/home delivery; if stock-out confirmed, escalate to facility in-charge (system barrier, not patient non-adherence)","48 घंटे के भीतर मरीज से संपर्क करें; अस्पताल में दवा की उपलब्धता की पुष्टि करें; दवा लेने में सहायता करें; यदि दवा नहीं है, तो सुविधा प्रभारी को सूचित करें (सिस्टम बाधा)।",TELECALL_OVERFLOW,https://api.carejourney.example.com/status-update?episode=E0000018
E0003463,P002200,P4_OVERFLOW,long facility distance (30 km); previous missed reviews,अस्पताल की अधिक दूरी (30 किमी); पहले समीक्षा मिस करने का इतिहास,"Contact patient within 48h; confirm medicine availability at facility; facilitate pickup/home delivery; if stock-out confirmed, escalate to facility in-charge (system barrier, not patient non-adherence)","48 घंटे के भीतर मरीज से संपर्क करें; अस्पताल में दवा की उपलब्धता की पुष्टि करें; दवा लेने में सहायता करें; यदि दवा नहीं है, तो सुविधा प्रभारी को सूचित करें (सिस्टम बाधा)।",TELECALL_OVERFLOW,https://api.carejourney.example.com/status-update?episode=E0003463
E0002128,P001363,P4_OVERFLOW,previous incomplete tests,पहले अधूरे टेस्ट,"Contact patient within 48h; confirm medicine availability at facility; facilitate pickup/home delivery; if stock-out confirmed, escalate to facility in-charge (system barrier, not patient non-adherence)","48 घंटे के भीतर मरीज से संपर्क करें; अस्पताल में दवा की उपलब्धता की पुष्टि करें; दवा लेने में सहायता करें; यदि दवा नहीं है, तो सुविधा प्रभारी को सूचित करें (सिस्टम बाधा)।",TELECALL_OVERFLOW,https://api.carejourney.example.com/status-update?episode=E0002128
E0002600,P001654,P4_OVERFLOW,previous low medicine collection; previous missed reviews,पहले दवा कम लेने का इतिहास; पहले समीक्षा मिस करने का इतिहास,"Contact patient within 48h; confirm medicine availability at facility; facilitate pickup/home delivery; if stock-out confirmed, escalate to facility in-charge (system barrier, not patient non-adherence)","48 घंटे के भीतर मरीज से संपर्क करें; अस्पताल में दवा की उपलब्धता की पुष्टि करें; दवा लेने में सहायता करें; यदि दवा नहीं है, तो सुविधा प्रभारी को सूचित करें (सिस्टम बाधा)।",TELECALL_OVERFLOW,https://api.carejourney.example.com/status-update?episode=E0002600
E0004298,P002709,P4_OVERFLOW,long facility distance (30 km); previous low medicine collection; previous missed reviews,अस्पताल की अधिक दूरी (30 किमी); पहले दवा कम लेने का इतिहास; पहले समीक्षा मिस करने का इतिहास,"Contact patient within 48h; confirm medicine availability at facility; facilitate pickup/home delivery; if stock-out confirmed, escalate to facility in-charge (system barrier, not patient non-adherence)","48 घंटे के भीतर मरीज से संपर्क करें; अस्पताल में दवा की उपलब्धता की पुष्टि करें; दवा लेने में सहायता करें; यदि दवा नहीं है, तो सुविधा प्रभारी को सूचित करें (सिस्टम बाधा)।",TELECALL_OVERFLOW,https://api.carejourney.example.com/status-update?episode=E0004298
E0005412,P003447,P4_OVERFLOW,previous low medicine collection; previous missed reviews,पहले दवा कम लेने का इतिहास; पहले समीक्षा मिस करने का इतिहास,"Contact patient within 48h; confirm medicine availability at facility; facilitate pickup/home delivery; if stock-out confirmed, escalate to facility in-charge (system barrier, not patient non-adherence)","48 घंटे के भीतर मरीज से संपर्क करें; अस्पताल में दवा की उपलब्धता की पुष्टि करें; दवा लेने में सहायता करें; यदि दवा नहीं है, तो सुविधा प्रभारी को सूचित करें (सिस्टम बाधा)।",TELECALL_OVERFLOW,https://api.carejourney.example.com/status-update?episode=E0005412
E0002751,P001745,P4_OVERFLOW,advised care components with limited follow-up history,सीमित फॉलो-अप इतिहास,"Contact patient within 48h; confirm medicine availability at facility; facilitate pickup/home delivery; if stock-out confirmed, escalate to facility in-charge (system barrier, not patient non-adherence)","48 घंटे के भीतर मरीज से संपर्क करें; अस्पताल में दवा की उपलब्धता की पुष्टि करें; दवा लेने में सहायता करें; यदि दवा नहीं है, तो सुविधा प्रभारी को सूचित करें (सिस्टम बाधा)।",TELECALL_OVERFLOW,https://api.carejourney.example.com/status-update?episode=E0002751
E0003524,P002234,P4_OVERFLOW,long facility distance (30 km); previous low medicine collection; previous missed reviews,अस्पताल की अधिक दूरी (30 किमी); पहले दवा कम लेने का इतिहास; पहले समीक्षा मिस करने का इतिहास,Call with test details and where to go; assist scheduling; arrange transport guidance; re-check completion after 7 days,टेस्ट के विवरण और स्थान की जानकारी के लिए कॉल करें; शेड्यूलिंग में सहायता करें; 7 दिनों के बाद पुनः जांच करें।,TELECALL_OVERFLOW,https://api.carejourney.example.com/status-update?episode=E0003524
E0004934,P003124,P4_OVERFLOW,long facility distance (30 km); previously unreachable on outreach,अस्पताल की अधिक दूरी (30 किमी); पहले आउटरीच पर संपर्क नहीं हो पाया,Reminder before review due date; help book review slot; home visit if unreachable; follow up within 3 days of missed review,समीक्षा की तारीख से पहले याद दिलाएं; स्लॉट बुक करने में मदद करें; समीक्षा मिस होने के 3 दिनों के भीतर फॉलो-अप करें।,TELECALL_OVERFLOW,https://api.carejourney.example.com/status-update?episode=E0004934
E0004309,P002717,P4_OVERFLOW,advised care components with limited follow-up history,सीमित फॉलो-अप इतिहास,Call with test details and where to go; assist scheduling; arrange transport guidance; re-check completion after 7 days,टेस्ट के विवरण और स्थान की जानकारी के लिए कॉल करें; शेड्यूलिंग में सहायता करें; 7 दिनों के बाद पुनः जांच करें।,TELECALL_OVERFLOW,https://api.carejourney.example.com/status-update?episode=E0004309
E0005276,P003343,P4_OVERFLOW,previous missed reviews,पहले समीक्षा मिस करने का इतिहास,Reminder before review due date; help book review slot; home visit if unreachable; follow up within 3 days of missed review,समीक्षा की तारीख से पहले याद दिलाएं; स्लॉट बुक करने में मदद करें; समीक्षा मिस होने के 3 दिनों के भीतर फॉलो-अप करें।,TELECALL_OVERFLOW,https://api.carejourney.example.com/status-update?episode=E0005276
E0001570,P001022,P4_OVERFLOW,previous low medicine collection; previous missed reviews,पहले दवा कम लेने का इतिहास; पहले समीक्षा मिस करने का इतिहास,Call with test details and where to go; assist scheduling; arrange transport guidance; re-check completion after 7 days,टेस्ट के विवरण और स्थान की जानकारी के लिए कॉल करें; शेड्यूलिंग में सहायता करें; 7 दिनों के बाद पुनः जांच करें।,TELECALL_OVERFLOW,https://api.carejourney.example.com/status-update?episode=E0001570
E0000523,P000302,P4_OVERFLOW,advised care components with limited follow-up history,सीमित फॉलो-अप इतिहास,Reminder before review due date; help book review slot; home visit if unreachable; follow up within 3 days of missed review,समीक्षा की तारीख से पहले याद दिलाएं; स्लॉट बुक करने में मदद करें; समीक्षा मिस होने के 3 दिनों के भीतर फॉलो-अप करें।,TELECALL_OVERFLOW,https://api.carejourney.example.com/status-update?episode=E0000523
E0001909,P001230,P4_OVERFLOW,previous missed reviews; previous incomplete tests,पहले समीक्षा मिस करने का इतिहास; पहले अधूरे टेस्ट,Call with test details and where to go; assist scheduling; arrange transport guidance; re-check completion after 7 days,टेस्ट के विवरण और स्थान की जानकारी के लिए कॉल करें; शेड्यूलिंग में सहायता करें; 7 दिनों के बाद पुनः जांच करें।,TELECALL_OVERFLOW,https://api.carejourney.example.com/status-update?episode=E0001909
E0002819,P001803,P4_OVERFLOW,previous missed reviews,पहले समीक्षा मिस करने का इतिहास,Call with test details and where to go; assist scheduling; arrange transport guidance; re-check completion after 7 days,टेस्ट के विवरण और स्थान की जानकारी के लिए कॉल करें; शेड्यूलिंग में सहायता करें; 7 दिनों के बाद पुनः जांच करें।,TELECALL_OVERFLOW,https://api.carejourney.example.com/status-update?episode=E0002819
E0000672,P000395,P4_OVERFLOW,advised care components with limited follow-up history,सीमित फॉलो-अप इतिहास,Reminder before review due date; help book review slot; home visit if unreachable; follow up within 3 days of missed review,समीक्षा की तारीख से पहले याद दिलाएं; स्लॉट बुक करने में मदद करें; समीक्षा मिस होने के 3 दिनों के भीतर फॉलो-अप करें।,TELECALL_OVERFLOW,https://api.carejourney.example.com/status-update?episode=E0000672
E0000634,P000367,P4_OVERFLOW,previous low medicine collection; previously unreachable on outreach,पहले दवा कम लेने का इतिहास; पहले आउटरीच पर संपर्क नहीं हो पाया,Reminder before review due date; help book review slot; home visit if unreachable; follow up within 3 days of missed review,समीक्षा की तारीख से पहले याद दिलाएं; स्लॉट बुक करने में मदद करें; समीक्षा मिस होने के 3 दिनों के भीतर फॉलो-अप करें।,TELECALL_OVERFLOW,https://api.carejourney.example.com/status-update?episode=E0000634
E0000773,P000452,P4_OVERFLOW,previous low medicine collection; previously unreachable on outreach,पहले दवा कम लेने का इतिहास; पहले आउटरीच पर संपर्क नहीं हो पाया,Call with test details and where to go; assist scheduling; arrange transport guidance; re-check completion after 7 days,टेस्ट के विवरण और स्थान की जानकारी के लिए कॉल करें; शेड्यूलिंग में सहायता करें; 7 दिनों के बाद पुनः जांच करें।,TELECALL_OVERFLOW,https://api.carejourney.example.com/status-update?episode=E0000773
E0004624,P002915,P4_OVERFLOW,previous low medicine collection; previous missed reviews,पहले दवा कम लेने का इतिहास; पहले समीक्षा मिस करने का इतिहास,Reminder before review due date; help book review slot; home visit if unreachable; follow up within 3 days of missed review,समीक्षा की तारीख से पहले याद दिलाएं; स्लॉट बुक करने में मदद करें; समीक्षा मिस होने के 3 दिनों के भीतर फॉलो-अप करें।,TELECALL_OVERFLOW,https://api.carejourney.example.com/status-update?episode=E0004624
E0001088,P000671,P4_OVERFLOW,long facility distance (30 km); previous low medicine collection,अस्पताल की अधिक दूरी (30 किमी); पहले दवा कम लेने का इतिहास,Call with test details and where to go; assist scheduling; arrange transport guidance; re-check completion after 7 days,टेस्ट के विवरण और स्थान की जानकारी के लिए कॉल करें; शेड्यूलिंग में सहायता करें; 7 दिनों के बाद पुनः जांच करें।,TELECALL_OVERFLOW,https://api.carejourney.example.com/status-update?episode=E0001088
E0004415,P002785,P1,long facility distance (28 km),अस्पताल की अधिक दूरी (28 किमी),"Contact patient within 48h; confirm medicine availability at facility; facilitate pickup/home delivery; if stock-out confirmed, escalate to facility in-charge (system barrier, not patient non-adherence)","48 घंटे के भीतर मरीज से संपर्क करें; अस्पताल में दवा की उपलब्धता की पुष्टि करें; दवा लेने में सहायता करें; यदि दवा नहीं है, तो सुविधा प्रभारी को सूचित करें (सिस्टम बाधा)।",ASHA,https://api.carejourney.example.com/status-update?episode=E0004415
E0004073,P002565,P1,advised care components with limited follow-up history,सीमित फॉलो-अप इतिहास,"Contact patient within 48h; confirm medicine availability at facility; facilitate pickup/home delivery; if stock-out confirmed, escalate to facility in-charge (system barrier, not patient non-adherence)","48 घंटे के भीतर मरीज से संपर्क करें; अस्पताल में दवा की उपलब्धता की पुष्टि करें; दवा लेने में सहायता करें; यदि दवा नहीं है, तो सुविधा प्रभारी को सूचित करें (सिस्टम बाधा)।",ASHA,https://api.carejourney.example.com/status-update?episode=E0004073
E0004994,P003158,P1,previous missed reviews,पहले समीक्षा मिस करने का इतिहास,"Contact patient within 48h; confirm medicine availability at facility; facilitate pickup/home delivery; if stock-out confirmed, escalate to facility in-charge (system barrier, not patient non-adherence)","48 घंटे के भीतर मरीज से संपर्क करें; अस्पताल में दवा की उपलब्धता की पुष्टि करें; दवा लेने में सहायता करें; यदि दवा नहीं है, तो सुविधा प्रभारी को सूचित करें (सिस्टम बाधा)।",ASHA,https://api.carejourney.example.com/status-update?episode=E0004994
E0000808,P000475,P1,previously unreachable on outreach,पहले आउटरीच पर संपर्क नहीं हो पाया,"Contact patient within 48h; confirm medicine availability at facility; facilitate pickup/home delivery; if stock-out confirmed, escalate to facility in-charge (system barrier, not patient non-adherence)","48 घंटे के भीतर मरीज से संपर्क करें; अस्पताल में दवा की उपलब्धता की पुष्टि करें; दवा लेने में सहायता करें; यदि दवा नहीं है, तो सुविधा प्रभारी को सूचित करें (सिस्टम बाधा)।",ASHA,https://api.carejourney.example.com/status-update?episode=E0000808
E0002380,P001511,P1,long facility distance (28 km); previously unreachable on outreach,अस्पताल की अधिक दूरी (28 किमी); पहले आउटरीच पर संपर्क नहीं हो पाया,"Contact patient within 48h; confirm medicine availability at facility; facilitate pickup/home delivery; if stock-out confirmed, escalate to facility in-charge (system barrier, not patient non-adherence)","48 घंटे के भीतर मरीज से संपर्क करें; अस्पताल में दवा की उपलब्धता की पुष्टि करें; दवा लेने में सहायता करें; यदि दवा नहीं है, तो सुविधा प्रभारी को सूचित करें (सिस्टम बाधा)।",ASHA,https://api.carejourney.example.com/status-update?episode=E0002380
E0001877,P001211,P1,advised care components with limited follow-up history,सीमित फॉलो-अप इतिहास,"Contact patient within 48h; confirm medicine availability at facility; facilitate pickup/home delivery; if stock-out confirmed, escalate to facility in-charge (system barrier, not patient non-adherence)","48 घंटे के भीतर मरीज से संपर्क करें; अस्पताल में दवा की उपलब्धता की पुष्टि करें; दवा लेने में सहायता करें; यदि दवा नहीं है, तो सुविधा प्रभारी को सूचित करें (सिस्टम बाधा)।",ASHA,https://api.carejourney.example.com/status-update?episode=E0001877
E0004045,P002549,P2,long facility distance (28 km); previous low medicine collection; previous missed reviews,अस्पताल की अधिक दूरी (28 किमी); पहले दवा कम लेने का इतिहास; पहले समीक्षा मिस करने का इतिहास,"Contact patient within 48h; confirm medicine availability at facility; facilitate pickup/home delivery; if stock-out confirmed, escalate to facility in-charge (system barrier, not patient non-adherence)","48 घंटे के भीतर मरीज से संपर्क करें; अस्पताल में दवा की उपलब्धता की पुष्टि करें; दवा लेने में सहायता करें; यदि दवा नहीं है, तो सुविधा प्रभारी को सूचित करें (सिस्टम बाधा)।",ASHA,https://api.carejourney.example.com/status-update?episode=E0004045
E0004844,P003068,P2,previously unreachable on outreach,पहले आउटरीच पर संपर्क नहीं हो पाया,"Contact patient within 48h; confirm medicine availability at facility; facilitate pickup/home delivery; if stock-out confirmed, escalate to facility in-charge (system barrier, not patient non-adherence)","48 घंटे के भीतर मरीज से संपर्क करें; अस्पताल में दवा की उपलब्धता की पुष्टि करें; दवा लेने में सहायता करें; यदि दवा नहीं है, तो सुविधा प्रभारी को सूचित करें (सिस्टम बाधा)।",ASHA,https://api.carejourney.example.com/status-update?episode=E0004844
E0004930,P003123,P2,previous missed reviews,पहले समीक्षा मिस करने का इतिहास,"Contact patient within 48h; confirm medicine availability at facility; facilitate pickup/home delivery; if stock-out confirmed, escalate to facility in-charge (system barrier, not patient non-adherence)","48 घंटे के भीतर मरीज से संपर्क करें; अस्पताल में दवा की उपलब्धता की पुष्टि करें; दवा लेने में सहायता करें; यदि दवा नहीं है, तो सुविधा प्रभारी को सूचित करें (सिस्टम बाधा)।",ASHA,https://api.carejourney.example.com/status-update?episode=E0004930
E0004517,P002832,P2,advised care components with limited follow-up history,सीमित फॉलो-अप इतिहास,"Contact patient within 48h; confirm medicine availability at facility; facilitate pickup/home delivery; if stock-out confirmed, escalate to facility in-charge (system barrier, not patient non-adherence)","48 घंटे के भीतर मरीज से संपर्क करें; अस्पताल में दवा की उपलब्धता की पुष्टि करें; दवा लेने में सहायता करें; यदि दवा नहीं है, तो सुविधा प्रभारी को सूचित करें (सिस्टम बाधा)।",ASHA,https://api.carejourney.example.com/status-update?episode=E0004517
E0000353,,P4_OVERFLOW,long facility distance (28 km),अस्पताल की अधिक दूरी (28 किमी),"Contact patient within 48h; confirm medicine availability at facility; facilitate pickup/home delivery; if stock-out confirmed, escalate to facility in-charge (system barrier, not patient non-adherence)","48 घंटे के भीतर मरीज से संपर्क करें; अस्पताल में दवा की उपलब्धता की पुष्टि करें; दवा लेने में सहायता करें; यदि दवा नहीं है, तो सुविधा प्रभारी को सूचित करें (सिस्टम बाधा)।",TELECALL_OVERFLOW,https://api.carejourney.example.com/status-update?episode=E0000353
E0002731,P001734,P4_OVERFLOW,previous low medicine collection; previous missed reviews,पहले दवा कम लेने का इतिहास; पहले समीक्षा मिस करने का इतिहास,"Contact patient within 48h; confirm medicine availability at facility; facilitate pickup/home delivery; if stock-out confirmed, escalate to facility in-charge (system barrier, not patient non-adherence)","48 घंटे के भीतर मरीज से संपर्क करें; अस्पताल में दवा की उपलब्धता की पुष्टि करें; दवा लेने में सहायता करें; यदि दवा नहीं है, तो सुविधा प्रभारी को सूचित करें (सिस्टम बाधा)।",TELECALL_OVERFLOW,https://api.carejourney.example.com/status-update?episode=E0002731
E0004836,P003064,P4_OVERFLOW,advised care components with limited follow-up history,सीमित फॉलो-अप इतिहास,"Contact patient within 48h; confirm medicine availability at facility; facilitate pickup/home delivery; if stock-out confirmed, escalate to facility in-charge (system barrier, not patient non-adherence)","48 घंटे के भीतर मरीज से संपर्क करें; अस्पताल में दवा की उपलब्धता की पुष्टि करें; दवा लेने में सहायता करें; यदि दवा नहीं है, तो सुविधा प्रभारी को सूचित करें (सिस्टम बाधा)।",TELECALL_OVERFLOW,https://api.carejourney.example.com/status-update?episode=E0004836
E0001918,P001234,P4_OVERFLOW,previous low medicine collection,पहले दवा कम लेने का इतिहास,"Contact patient within 48h; confirm medicine availability at facility; facilitate pickup/home delivery; if stock-out confirmed, escalate to facility in-charge (system barrier, not patient non-adherence)","48 घंटे के भीतर मरीज से संपर्क करें; अस्पताल में दवा की उपलब्धता की पुष्टि करें; दवा लेने में सहायता करें; यदि दवा नहीं है, तो सुविधा प्रभारी को सूचित करें (सिस्टम बाधा)।",TELECALL_OVERFLOW,https://api.carejourney.example.com/status-update?episode=E0001918
E0002017,P001295,P4_OVERFLOW,previous low medicine collection; previous missed reviews; previously unreachable on outreach,पहले दवा कम लेने का इतिहास; पहले समीक्षा मिस करने का इतिहास; पहले आउटरीच पर संपर्क नहीं हो पाया,"Contact patient within 48h; confirm medicine availability at facility; facilitate pickup/home delivery; if stock-out confirmed, escalate to facility in-charge (system barrier, not patient non-adherence)","48 घंटे के भीतर मरीज से संपर्क करें; अस्पताल में दवा की उपलब्धता की पुष्टि करें; दवा लेने में सहायता करें; यदि दवा नहीं है, तो सुविधा प्रभारी को सूचित करें (सिस्टम बाधा)।",TELECALL_OVERFLOW,https://api.carejourney.example.com/status-update?episode=E0002017
E0005274,P003341,P4_OVERFLOW,advised care components with limited follow-up history,सीमित फॉलो-अप इतिहास,"Contact patient within 48h; confirm medicine availability at facility; facilitate pickup/home delivery; if stock-out confirmed, escalate to facility in-charge (system barrier, not patient non-adherence)","48 घंटे के भीतर मरीज से संपर्क करें; अस्पताल में दवा की उपलब्धता की पुष्टि करें; दवा लेने में सहायता करें; यदि दवा नहीं है, तो सुविधा प्रभारी को सूचित करें (सिस्टम बाधा)।",TELECALL_OVERFLOW,https://api.carejourney.example.com/status-update?episode=E0005274
E0003179,P002002,P4_OVERFLOW,long facility distance (28 km),अस्पताल की अधिक दूरी (28 किमी),"Contact patient within 48h; confirm medicine availability at facility; facilitate pickup/home delivery; if stock-out confirmed, escalate to facility in-charge (system barrier, not patient non-adherence)","48 घंटे के भीतर मरीज से संपर्क करें; अस्पताल में दवा की उपलब्धता की पुष्टि करें; दवा लेने में सहायता करें; यदि दवा नहीं है, तो सुविधा प्रभारी को सूचित करें (सिस्टम बाधा)।",TELECALL_OVERFLOW,https://api.carejourney.example.com/status-update?episode=E0003179
E0004121,P002593,P4_OVERFLOW,long facility distance (28 km),अस्पताल की अधिक दूरी (28 किमी),Call with test details and where to go; assist scheduling; arrange transport guidance; re-check completion after 7 days,टेस्ट के विवरण और स्थान की जानकारी के लिए कॉल करें; शेड्यूलिंग में सहायता करें; 7 दिनों के बाद पुनः जांच करें।,TELECALL_OVERFLOW,https://api.carejourney.example.com/status-update?episode=E0004121
E0001453,P000938,P4_OVERFLOW,previous low medicine collection; previous missed reviews,पहले दवा कम लेने का इतिहास; पहले समीक्षा मिस करने का इतिहास,Reminder before review due date; help book review slot; home visit if unreachable; follow up within 3 days of missed review,समीक्षा की तारीख से पहले याद दिलाएं; स्लॉट बुक करने में मदद करें; समीक्षा मिस होने के 3 दिनों के भीतर फॉलो-अप करें।,TELECALL_OVERFLOW,https://api.carejourney.example.com/status-update?episode=E0001453
E0002344,P001490,P4_OVERFLOW,previous missed reviews,पहले समीक्षा मिस करने का इतिहास,Call with test details and where to go; assist scheduling; arrange transport guidance; re-check completion after 7 days,टेस्ट के विवरण और स्थान की जानकारी के लिए कॉल करें; शेड्यूलिंग में सहायता करें; 7 दिनों के बाद पुनः जांच करें।,TELECALL_OVERFLOW,https://api.carejourney.example.com/status-update?episode=E0002344
E0002900,P001846,P4_OVERFLOW,previous missed reviews,पहले समीक्षा मिस करने का इतिहास,Reminder before review due date; help book review slot; home visit if unreachable; follow up within 3 days of missed review,समीक्षा की तारीख से पहले याद दिलाएं; स्लॉट बुक करने में मदद करें; समीक्षा मिस होने के 3 दिनों के भीतर फॉलो-अप करें।,TELECALL_OVERFLOW,https://api.carejourney.example.com/status-update?episode=E0002900
E0000453,P000261,P4_OVERFLOW,advised care components with limited follow-up history,सीमित फॉलो-अप इतिहास,Reminder before review due date; help book review slot; home visit if unreachable; follow up within 3 days of missed review,समीक्षा की तारीख से पहले याद दिलाएं; स्लॉट बुक करने में मदद करें; समीक्षा मिस होने के 3 दिनों के भीतर फॉलो-अप करें।,TELECALL_OVERFLOW,https://api.carejourney.example.com/status-update?episode=E0000453
E0004044,P002548,P4_OVERFLOW,long facility distance (28 km); previous low medicine collection; previous missed reviews,अस्पताल की अधिक दूरी (28 किमी); पहले दवा कम लेने का इतिहास; पहले समीक्षा मिस करने का इतिहास,Reminder before review due date; help book review slot; home visit if unreachable; follow up within 3 days of missed review,समीक्षा की तारीख से पहले याद दिलाएं; स्लॉट बुक करने में मदद करें; समीक्षा मिस होने के 3 दिनों के भीतर फॉलो-अप करें।,TELECALL_OVERFLOW,https://api.carejourney.example.com/status-update?episode=E0004044
E0002100,P001352,P4_OVERFLOW,previous low medicine collection; previous missed reviews,पहले दवा कम लेने का इतिहास; पहले समीक्षा मिस करने का इतिहास,Call with test details and where to go; assist scheduling; arrange transport guidance; re-check completion after 7 days,टेस्ट के विवरण और स्थान की जानकारी के लिए कॉल करें; शेड्यूलिंग में सहायता करें; 7 दिनों के बाद पुनः जांच करें।,TELECALL_OVERFLOW,https://api.carejourney.example.com/status-update?episode=E0002100
E0004226,P002658,P4_OVERFLOW,previous missed reviews,पहले समीक्षा मिस करने का इतिहास,Reminder before review due date; help book review slot; home visit if unreachable; follow up within 3 days of missed review,समीक्षा की तारीख से पहले याद दिलाएं; स्लॉट बुक करने में मदद करें; समीक्षा मिस होने के 3 दिनों के भीतर फॉलो-अप करें।,TELECALL_OVERFLOW,https://api.carejourney.example.com/status-update?episode=E0004226
E0005222,P003319,P4_OVERFLOW,previous missed reviews,पहले समीक्षा मिस करने का इतिहास,Reminder before review due date; help book review slot; home visit if unreachable; follow up within 3 days of missed review,समीक्षा की तारीख से पहले याद दिलाएं; स्लॉट बुक करने में मदद करें; समीक्षा मिस होने के 3 दिनों के भीतर फॉलो-अप करें।,TELECALL_OVERFLOW,https://api.carejourney.example.com/status-update?episode=E0005222
E0004449,P002804,P1,advised care components with limited follow-up history,सीमित फॉलो-अप इतिहास,"Contact patient within 48h; confirm medicine availability at facility; facilitate pickup/home delivery; if stock-out confirmed, escalate to facility in-charge (system barrier, not patient non-adherence)","48 घंटे के भीतर मरीज से संपर्क करें; अस्पताल में दवा की उपलब्धता की पुष्टि करें; दवा लेने में सहायता करें; यदि दवा नहीं है, तो सुविधा प्रभारी को सूचित करें (सिस्टम बाधा)।",ASHA,https://api.carejourney.example.com/status-update?episode=E0004449
E0004569,P002870,P1,previously unreachable on outreach,पहले आउटरीच पर संपर्क नहीं हो पाया,"Contact patient within 48h; confirm medicine availability at facility; facilitate pickup/home delivery; if stock-out confirmed, escalate to facility in-charge (system barrier, not patient non-adherence)","48 घंटे के भीतर मरीज से संपर्क करें; अस्पताल में दवा की उपलब्धता की पुष्टि करें; दवा लेने में सहायता करें; यदि दवा नहीं है, तो सुविधा प्रभारी को सूचित करें (सिस्टम बाधा)।",ASHA,https://api.carejourney.example.com/status-update?episode=E0004569
E0001534,P001001,P1,previous missed reviews,पहले समीक्षा मिस करने का इतिहास,"Contact patient within 48h; confirm medicine availability at facility; facilitate pickup/home delivery; if stock-out confirmed, escalate to facility in-charge (system barrier, not patient non-adherence)","48 घंटे के भीतर मरीज से संपर्क करें; अस्पताल में दवा की उपलब्धता की पुष्टि करें; दवा लेने में सहायता करें; यदि दवा नहीं है, तो सुविधा प्रभारी को सूचित करें (सिस्टम बाधा)।",ASHA,https://api.carejourney.example.com/status-update?episode=E0001534
E0005150,,P1,advised care components with limited follow-up history,सीमित फॉलो-अप इतिहास,"Contact patient within 48h; confirm medicine availability at facility; facilitate pickup/home delivery; if stock-out confirmed, escalate to facility in-charge (system barrier, not patient non-adherence)","48 घंटे के भीतर मरीज से संपर्क करें; अस्पताल में दवा की उपलब्धता की पुष्टि करें; दवा लेने में सहायता करें; यदि दवा नहीं है, तो सुविधा प्रभारी को सूचित करें (सिस्टम बाधा)।",ASHA,https://api.carejourney.example.com/status-update?episode=E0005150
E0004544,P002853,P1,advised care components with limited follow-up history,सीमित फॉलो-अप इतिहास,"Contact patient within 48h; confirm medicine availability at facility; facilitate pickup/home delivery; if stock-out confirmed, escalate to facility in-charge (system barrier, not patient non-adherence)","48 घंटे के भीतर मरीज से संपर्क करें; अस्पताल में दवा की उपलब्धता की पुष्टि करें; दवा लेने में सहायता करें; यदि दवा नहीं है, तो सुविधा प्रभारी को सूचित करें (सिस्टम बाधा)।",ASHA,https://api.carejourney.example.com/status-update?episode=E0004544
E0002828,P001807,P2,advised care components with limited follow-up history,सीमित फॉलो-अप इतिहास,"Contact patient within 48h; confirm medicine availability at facility; facilitate pickup/home delivery; if stock-out confirmed, escalate to facility in-charge (system barrier, not patient non-adherence)","48 घंटे के भीतर मरीज से संपर्क करें; अस्पताल में दवा की उपलब्धता की पुष्टि करें; दवा लेने में सहायता करें; यदि दवा नहीं है, तो सुविधा प्रभारी को सूचित करें (सिस्टम बाधा)।",ASHA,https://api.carejourney.example.com/status-update?episode=E0002828
E0004737,P002990,P2,previous low medicine collection,पहले दवा कम लेने का इतिहास,"Contact patient within 48h; confirm medicine availability at facility; facilitate pickup/home delivery; if stock-out confirmed, escalate to facility in-charge (system barrier, not patient non-adherence)","48 घंटे के भीतर मरीज से संपर्क करें; अस्पताल में दवा की उपलब्धता की पुष्टि करें; दवा लेने में सहायता करें; यदि दवा नहीं है, तो सुविधा प्रभारी को सूचित करें (सिस्टम बाधा)।",ASHA,https://api.carejourney.example.com/status-update?episode=E0004737
E0002079,P001342,P2,previous incomplete tests,पहले अधूरे टेस्ट,"Contact patient within 48h; confirm medicine availability at facility; facilitate pickup/home delivery; if stock-out confirmed, escalate to facility in-charge (system barrier, not patient non-adherence)","48 घंटे के भीतर मरीज से संपर्क करें; अस्पताल में दवा की उपलब्धता की पुष्टि करें; दवा लेने में सहायता करें; यदि दवा नहीं है, तो सुविधा प्रभारी को सूचित करें (सिस्टम बाधा)।",ASHA,https://api.carejourney.example.com/status-update?episode=E0002079
E0005348,P003394,P2,advised care components with limited follow-up history,सीमित फॉलो-अप इतिहास,"Contact patient within 48h; confirm medicine availability at facility; facilitate pickup/home delivery; if stock-out confirmed, escalate to facility in-charge (system barrier, not patient non-adherence)","48 घंटे के भीतर मरीज से संपर्क करें; अस्पताल में दवा की उपलब्धता की पुष्टि करें; दवा लेने में सहायता करें; यदि दवा नहीं है, तो सुविधा प्रभारी को सूचित करें (सिस्टम बाधा)।",ASHA,https://api.carejourney.example.com/status-update?episode=E0005348
E0005151,P003269,P2,previous missed reviews,पहले समीक्षा मिस करने का इतिहास,"Contact patient within 48h; confirm medicine availability at facility; facilitate pickup/home delivery; if stock-out confirmed, escalate to facility in-charge (system barrier, not patient non-adherence)","48 घंटे के भीतर मरीज से संपर्क करें; अस्पताल में दवा की उपलब्धता की पुष्टि करें; दवा लेने में सहायता करें; यदि दवा नहीं है, तो सुविधा प्रभारी को सूचित करें (सिस्टम बाधा)।",ASHA,https://api.carejourney.example.com/status-update?episode=E0005151
E0000640,P000370,P4_OVERFLOW,advised care components with limited follow-up history,सीमित फॉलो-अप इतिहास,"Contact patient within 48h; confirm medicine availability at facility; facilitate pickup/home delivery; if stock-out confirmed, escalate to facility in-charge (system barrier, not patient non-adherence)","48 घंटे के भीतर मरीज से संपर्क करें; अस्पताल में दवा की उपलब्धता की पुष्टि करें; दवा लेने में सहायता करें; यदि दवा नहीं है, तो सुविधा प्रभारी को सूचित करें (सिस्टम बाधा)।",TELECALL_OVERFLOW,https://api.carejourney.example.com/status-update?episode=E0000640
E0001944,P001245,P4_OVERFLOW,previous low medicine collection,पहले दवा कम लेने का इतिहास,"Contact patient within 48h; confirm medicine availability at facility; facilitate pickup/home delivery; if stock-out confirmed, escalate to facility in-charge (system barrier, not patient non-adherence)","48 घंटे के भीतर मरीज से संपर्क करें; अस्पताल में दवा की उपलब्धता की पुष्टि करें; दवा लेने में सहायता करें; यदि दवा नहीं है, तो सुविधा प्रभारी को सूचित करें (सिस्टम बाधा)।",TELECALL_OVERFLOW,https://api.carejourney.example.com/status-update?episode=E0001944
E0001400,P000897,P4_OVERFLOW,previous missed reviews; previously unreachable on outreach,पहले समीक्षा मिस करने का इतिहास; पहले आउटरीच पर संपर्क नहीं हो पाया,"Contact patient within 48h; confirm medicine availability at facility; facilitate pickup/home delivery; if stock-out confirmed, escalate to facility in-charge (system barrier, not patient non-adherence)","48 घंटे के भीतर मरीज से संपर्क करें; अस्पताल में दवा की उपलब्धता की पुष्टि करें; दवा लेने में सहायता करें; यदि दवा नहीं है, तो सुविधा प्रभारी को सूचित करें (सिस्टम बाधा)।",TELECALL_OVERFLOW,https://api.carejourney.example.com/status-update?episode=E0001400
E0001691,P001085,P4_OVERFLOW,previous low medicine collection,पहले दवा कम लेने का इतिहास,Call with test details and where to go; assist scheduling; arrange transport guidance; re-check completion after 7 days,टेस्ट के विवरण और स्थान की जानकारी के लिए कॉल करें; शेड्यूलिंग में सहायता करें; 7 दिनों के बाद पुनः जांच करें।,TELECALL_OVERFLOW,https://api.carejourney.example.com/status-update?episode=E0001691
E0002485,P001585,P4_OVERFLOW,previous low medicine collection; previous missed reviews,पहले दवा कम लेने का इतिहास; पहले समीक्षा मिस करने का इतिहास,Call with test details and where to go; assist scheduling; arrange transport guidance; re-check completion after 7 days,टेस्ट के विवरण और स्थान की जानकारी के लिए कॉल करें; शेड्यूलिंग में सहायता करें; 7 दिनों के बाद पुनः जांच करें।,TELECALL_OVERFLOW,https://api.carejourney.example.com/status-update?episode=E0002485
E0001463,P000946,P4_OVERFLOW,previous missed reviews,पहले समीक्षा मिस करने का इतिहास,Reminder before review due date; help book review slot; home visit if unreachable; follow up within 3 days of missed review,समीक्षा की तारीख से पहले याद दिलाएं; स्लॉट बुक करने में मदद करें; समीक्षा मिस होने के 3 दिनों के भीतर फॉलो-अप करें।,TELECALL_OVERFLOW,https://api.carejourney.example.com/status-update?episode=E0001463
E0003126,P001974,P4_OVERFLOW,previous low medicine collection; previous missed reviews; previously unreachable on outreach,पहले दवा कम लेने का इतिहास; पहले समीक्षा मिस करने का इतिहास; पहले आउटरीच पर संपर्क नहीं हो पाया,Reminder before review due date; help book review slot; home visit if unreachable; follow up within 3 days of missed review,समीक्षा की तारीख से पहले याद दिलाएं; स्लॉट बुक करने में मदद करें; समीक्षा मिस होने के 3 दिनों के भीतर फॉलो-अप करें।,TELECALL_OVERFLOW,https://api.carejourney.example.com/status-update?episode=E0003126
E0002028,P001303,P4_OVERFLOW,advised care components with limited follow-up history,सीमित फॉलो-अप इतिहास,Reminder before review due date; help book review slot; home visit if unreachable; follow up within 3 days of missed review,समीक्षा की तारीख से पहले याद दिलाएं; स्लॉट बुक करने में मदद करें; समीक्षा मिस होने के 3 दिनों के भीतर फॉलो-अप करें।,TELECALL_OVERFLOW,https://api.carejourney.example.com/status-update?episode=E0002028
E0003243,P002047,P4_OVERFLOW,advised care components with limited follow-up history,सीमित फॉलो-अप इतिहास,Reminder before review due date; help book review slot; home visit if unreachable; follow up within 3 days of missed review,समीक्षा की तारीख से पहले याद दिलाएं; स्लॉट बुक करने में मदद करें; समीक्षा मिस होने के 3 दिनों के भीतर फॉलो-अप करें।,TELECALL_OVERFLOW,https://api.carejourney.example.com/status-update?episode=E0003243
E0004766,P003011,P4_OVERFLOW,previous missed reviews,पहले समीक्षा मिस करने का इतिहास,Reminder before review due date; help book review slot; home visit if unreachable; follow up within 3 days of missed review,समीक्षा की तारीख से पहले याद दिलाएं; स्लॉट बुक करने में मदद करें; समीक्षा मिस होने के 3 दिनों के भीतर फॉलो-अप करें।,TELECALL_OVERFLOW,https://api.carejourney.example.com/status-update?episode=E0004766
E0004828,P003060,P1,facility medicine availability pressure; previous low medicine collection; previous missed reviews,अस्पताल में दवा की कमी; पहले दवा कम लेने का इतिहास; पहले समीक्षा मिस करने का इतिहास,"Contact patient within 48h; confirm medicine availability at facility; facilitate pickup/home delivery; if stock-out confirmed, escalate to facility in-charge (system barrier, not patient non-adherence)","48 घंटे के भीतर मरीज से संपर्क करें; अस्पताल में दवा की उपलब्धता की पुष्टि करें; दवा लेने में सहायता करें; यदि दवा नहीं है, तो सुविधा प्रभारी को सूचित करें (सिस्टम बाधा)।",ASHA,https://api.carejourney.example.com/status-update?episode=E0004828
E0002619,P001662,P1,facility medicine availability pressure; previous missed reviews,अस्पताल में दवा की कमी; पहले समीक्षा मिस करने का इतिहास,"Contact patient within 48h; confirm medicine availability at facility; facilitate pickup/home delivery; if stock-out confirmed, escalate to facility in-charge (system barrier, not patient non-adherence)","48 घंटे के भीतर मरीज से संपर्क करें; अस्पताल में दवा की उपलब्धता की पुष्टि करें; दवा लेने में सहायता करें; यदि दवा नहीं है, तो सुविधा प्रभारी को सूचित करें (सिस्टम बाधा)।",ASHA,https://api.carejourney.example.com/status-update?episode=E0002619
E0000060,P000032,P1,facility medicine availability pressure,अस्पताल में दवा की कमी,"Contact patient within 48h; confirm medicine availability at facility; facilitate pickup/home delivery; if stock-out confirmed, escalate to facility in-charge (system barrier, not patient non-adherence)","48 घंटे के भीतर मरीज से संपर्क करें; अस्पताल में दवा की उपलब्धता की पुष्टि करें; दवा लेने में सहायता करें; यदि दवा नहीं है, तो सुविधा प्रभारी को सूचित करें (सिस्टम बाधा)।",ASHA,https://api.carejourney.example.com/status-update?episode=E0000060
E0002112,P001355,P1,facility medicine availability pressure,अस्पताल में दवा की कमी,"Contact patient within 48h; confirm medicine availability at facility; facilitate pickup/home delivery; if stock-out confirmed, escalate to facility in-charge (system barrier, not patient non-adherence)","48 घंटे के भीतर मरीज से संपर्क करें; अस्पताल में दवा की उपलब्धता की पुष्टि करें; दवा लेने में सहायता करें; यदि दवा नहीं है, तो सुविधा प्रभारी को सूचित करें (सिस्टम बाधा)।",ASHA,https://api.carejourney.example.com/status-update?episode=E0002112
E0004403,P002777,P1,facility medicine availability pressure,अस्पताल में दवा की कमी,"Contact patient within 48h; confirm medicine availability at facility; facilitate pickup/home delivery; if stock-out confirmed, escalate to facility in-charge (system barrier, not patient non-adherence)","48 घंटे के भीतर मरीज से संपर्क करें; अस्पताल में दवा की उपलब्धता की पुष्टि करें; दवा लेने में सहायता करें; यदि दवा नहीं है, तो सुविधा प्रभारी को सूचित करें (सिस्टम बाधा)।",ASHA,https://api.carejourney.example.com/status-update?episode=E0004403
E0004998,P003161,P1,facility medicine availability pressure,अस्पताल में दवा की कमी,"Contact patient within 48h; confirm medicine availability at facility; facilitate pickup/home delivery; if stock-out confirmed, escalate to facility in-charge (system barrier, not patient non-adherence)","48 घंटे के भीतर मरीज से संपर्क करें; अस्पताल में दवा की उपलब्धता की पुष्टि करें; दवा लेने में सहायता करें; यदि दवा नहीं है, तो सुविधा प्रभारी को सूचित करें (सिस्टम बाधा)।",ASHA,https://api.carejourney.example.com/status-update?episode=E0004998
E0002091,P001349,P1,facility medicine availability pressure,अस्पताल में दवा की कमी,"Contact patient within 48h; confirm medicine availability at facility; facilitate pickup/home delivery; if stock-out confirmed, escalate to facility in-charge (system barrier, not patient non-adherence)","48 घंटे के भीतर मरीज से संपर्क करें; अस्पताल में दवा की उपलब्धता की पुष्टि करें; दवा लेने में सहायता करें; यदि दवा नहीं है, तो सुविधा प्रभारी को सूचित करें (सिस्टम बाधा)।",ASHA,https://api.carejourney.example.com/status-update?episode=E0002091
E0002198,P001409,P1,facility medicine availability pressure; previous low medicine collection; previous missed reviews,अस्पताल में दवा की कमी; पहले दवा कम लेने का इतिहास; पहले समीक्षा मिस करने का इतिहास,"Contact patient within 48h; confirm medicine availability at facility; facilitate pickup/home delivery; if stock-out confirmed, escalate to facility in-charge (system barrier, not patient non-adherence)","48 घंटे के भीतर मरीज से संपर्क करें; अस्पताल में दवा की उपलब्धता की पुष्टि करें; दवा लेने में सहायता करें; यदि दवा नहीं है, तो सुविधा प्रभारी को सूचित करें (सिस्टम बाधा)।",ASHA,https://api.carejourney.example.com/status-update?episode=E0002198
E0001889,P001216,P1,advised care components with limited follow-up history,सीमित फॉलो-अप इतिहास,"Contact patient within 48h; confirm medicine availability at facility; facilitate pickup/home delivery; if stock-out confirmed, escalate to facility in-charge (system barrier, not patient non-adherence)","48 घंटे के भीतर मरीज से संपर्क करें; अस्पताल में दवा की उपलब्धता की पुष्टि करें; दवा लेने में सहायता करें; यदि दवा नहीं है, तो सुविधा प्रभारी को सूचित करें (सिस्टम बाधा)।",ASHA,https://api.carejourney.example.com/status-update?episode=E0001889
E0003791,P002394,P1,advised care components with limited follow-up history,सीमित फॉलो-अप इतिहास,"Contact patient within 48h; confirm medicine availability at facility; facilitate pickup/home delivery; if stock-out confirmed, escalate to facility in-charge (system barrier, not patient non-adherence)","48 घंटे के भीतर मरीज से संपर्क करें; अस्पताल में दवा की उपलब्धता की पुष्टि करें; दवा लेने में सहायता करें; यदि दवा नहीं है, तो सुविधा प्रभारी को सूचित करें (सिस्टम बाधा)।",ASHA,https://api.carejourney.example.com/status-update?episode=E0003791
E0002886,P001841,P4_OVERFLOW,advised care components with limited follow-up history,सीमित फॉलो-अप इतिहास,"Contact patient within 48h; confirm medicine availability at facility; facilitate pickup/home delivery; if stock-out confirmed, escalate to facility in-charge (system barrier, not patient non-adherence)","48 घंटे के भीतर मरीज से संपर्क करें; अस्पताल में दवा की उपलब्धता की पुष्टि करें; दवा लेने में सहायता करें; यदि दवा नहीं है, तो सुविधा प्रभारी को सूचित करें (सिस्टम बाधा)।",TELECALL_OVERFLOW,https://api.carejourney.example.com/status-update?episode=E0002886
E0000312,P000173,P4_OVERFLOW,facility medicine availability pressure,अस्पताल में दवा की कमी,"Contact patient within 48h; confirm medicine availability at facility; facilitate pickup/home delivery; if stock-out confirmed, escalate to facility in-charge (system barrier, not patient non-adherence)","48 घंटे के भीतर मरीज से संपर्क करें; अस्पताल में दवा की उपलब्धता की पुष्टि करें; दवा लेने में सहायता करें; यदि दवा नहीं है, तो सुविधा प्रभारी को सूचित करें (सिस्टम बाधा)।",TELECALL_OVERFLOW,https://api.carejourney.example.com/status-update?episode=E0000312
E0002724,P001728,P4_OVERFLOW,facility medicine availability pressure; previous missed reviews; previously unreachable on outreach,अस्पताल में दवा की कमी; पहले समीक्षा मिस करने का इतिहास; पहले आउटरीच पर संपर्क नहीं हो पाया,"Contact patient within 48h; confirm medicine availability at facility; facilitate pickup/home delivery; if stock-out confirmed, escalate to facility in-charge (system barrier, not patient non-adherence)","48 घंटे के भीतर मरीज से संपर्क करें; अस्पताल में दवा की उपलब्धता की पुष्टि करें; दवा लेने में सहायता करें; यदि दवा नहीं है, तो सुविधा प्रभारी को सूचित करें (सिस्टम बाधा)।",TELECALL_OVERFLOW,https://api.carejourney.example.com/status-update?episode=E0002724
E0003886,P002446,P4_OVERFLOW,previous missed reviews,पहले समीक्षा मिस करने का इतिहास,"Contact patient within 48h; confirm medicine availability at facility; facilitate pickup/home delivery; if stock-out confirmed, escalate to facility in-charge (system barrier, not patient non-adherence)","48 घंटे के भीतर मरीज से संपर्क करें; अस्पताल में दवा की उपलब्धता की पुष्टि करें; दवा लेने में सहायता करें; यदि दवा नहीं है, तो सुविधा प्रभारी को सूचित करें (सिस्टम बाधा)।",TELECALL_OVERFLOW,https://api.carejourney.example.com/status-update?episode=E0003886
E0004951,P003136,P4_OVERFLOW,advised care components with limited follow-up history,सीमित फॉलो-अप इतिहास,"Contact patient within 48h; confirm medicine availability at facility; facilitate pickup/home delivery; if stock-out confirmed, escalate to facility in-charge (system barrier, not patient non-adherence)","48 घंटे के भीतर मरीज से संपर्क करें; अस्पताल में दवा की उपलब्धता की पुष्टि करें; दवा लेने में सहायता करें; यदि दवा नहीं है, तो सुविधा प्रभारी को सूचित करें (सिस्टम बाधा)।",TELECALL_OVERFLOW,https://api.carejourney.example.com/status-update?episode=E0004951
E0004613,P002909,P4_OVERFLOW,facility medicine availability pressure,अस्पताल में दवा की कमी,"Contact patient within 48h; confirm medicine availability at facility; facilitate pickup/home delivery; if stock-out confirmed, escalate to facility in-charge (system barrier, not patient non-adherence)","48 घंटे के भीतर मरीज से संपर्क करें; अस्पताल में दवा की उपलब्धता की पुष्टि करें; दवा लेने में सहायता करें; यदि दवा नहीं है, तो सुविधा प्रभारी को सूचित करें (सिस्टम बाधा)।",TELECALL_OVERFLOW,https://api.carejourney.example.com/status-update?episode=E0004613
E0001945,P001245,P4_OVERFLOW,facility medicine availability pressure; previous low medicine collection,अस्पताल में दवा की कमी; पहले दवा कम लेने का इतिहास,"Contact patient within 48h; confirm medicine availability at facility; facilitate pickup/home delivery; if stock-out confirmed, escalate to facility in-charge (system barrier, not patient non-adherence)","48 घंटे के भीतर मरीज से संपर्क करें; अस्पताल में दवा की उपलब्धता की पुष्टि करें; दवा लेने में सहायता करें; यदि दवा नहीं है, तो सुविधा प्रभारी को सूचित करें (सिस्टम बाधा)।",TELECALL_OVERFLOW,https://api.carejourney.example.com/status-update?episode=E0001945
E0001751,P001127,P4_OVERFLOW,facility medicine availability pressure; previously unreachable on outreach,अस्पताल में दवा की कमी; पहले आउटरीच पर संपर्क नहीं हो पाया,"Contact patient within 48h; confirm medicine availability at facility; facilitate pickup/home delivery; if stock-out confirmed, escalate to facility in-charge (system barrier, not patient non-adherence)","48 घंटे के भीतर मरीज से संपर्क करें; अस्पताल में दवा की उपलब्धता की पुष्टि करें; दवा लेने में सहायता करें; यदि दवा नहीं है, तो सुविधा प्रभारी को सूचित करें (सिस्टम बाधा)।",TELECALL_OVERFLOW,https://api.carejourney.example.com/status-update?episode=E0001751
E0002558,P001626,P4_OVERFLOW,facility medicine availability pressure,अस्पताल में दवा की कमी,"Contact patient within 48h; confirm medicine availability at facility; facilitate pickup/home delivery; if stock-out confirmed, escalate to facility in-charge (system barrier, not patient non-adherence)","48 घंटे के भीतर मरीज से संपर्क करें; अस्पताल में दवा की उपलब्धता की पुष्टि करें; दवा लेने में सहायता करें; यदि दवा नहीं है, तो सुविधा प्रभारी को सूचित करें (सिस्टम बाधा)।",TELECALL_OVERFLOW,https://api.carejourney.example.com/status-update?episode=E0002558
E0002699,P001707,P4_OVERFLOW,facility medicine availability pressure,अस्पताल में दवा की कमी,"Contact patient within 48h; confirm medicine availability at facility; facilitate pickup/home delivery; if stock-out confirmed, escalate to facility in-charge (system barrier, not patient non-adherence)","48 घंटे के भीतर मरीज से संपर्क करें; अस्पताल में दवा की उपलब्धता की पुष्टि करें; दवा लेने में सहायता करें; यदि दवा नहीं है, तो सुविधा प्रभारी को सूचित करें (सिस्टम बाधा)।",TELECALL_OVERFLOW,https://api.carejourney.example.com/status-update?episode=E0002699
E0005420,P003455,P4_OVERFLOW,facility medicine availability pressure; previous low medicine collection; previous missed reviews,अस्पताल में दवा की कमी; पहले दवा कम लेने का इतिहास; पहले समीक्षा मिस करने का इतिहास,"Contact patient within 48h; confirm medicine availability at facility; facilitate pickup/home delivery; if stock-out confirmed, escalate to facility in-charge (system barrier, not patient non-adherence)","48 घंटे के भीतर मरीज से संपर्क करें; अस्पताल में दवा की उपलब्धता की पुष्टि करें; दवा लेने में सहायता करें; यदि दवा नहीं है, तो सुविधा प्रभारी को सूचित करें (सिस्टम बाधा)।",TELECALL_OVERFLOW,https://api.carejourney.example.com/status-update?episode=E0005420
E0005005,P003169,P4_OVERFLOW,facility medicine availability pressure,अस्पताल में दवा की कमी,"Contact patient within 48h; confirm medicine availability at facility; facilitate pickup/home delivery; if stock-out confirmed, escalate to facility in-charge (system barrier, not patient non-adherence)","48 घंटे के भीतर मरीज से संपर्क करें; अस्पताल में दवा की उपलब्धता की पुष्टि करें; दवा लेने में सहायता करें; यदि दवा नहीं है, तो सुविधा प्रभारी को सूचित करें (सिस्टम बाधा)।",TELECALL_OVERFLOW,https://api.carejourney.example.com/status-update?episode=E0005005
E0003876,P002434,P4_OVERFLOW,facility medicine availability pressure,अस्पताल में दवा की कमी,"Contact patient within 48h; confirm medicine availability at facility; facilitate pickup/home delivery; if stock-out confirmed, escalate to facility in-charge (system barrier, not patient non-adherence)","48 घंटे के भीतर मरीज से संपर्क करें; अस्पताल में दवा की उपलब्धता की पुष्टि करें; दवा लेने में सहायता करें; यदि दवा नहीं है, तो सुविधा प्रभारी को सूचित करें (सिस्टम बाधा)।",TELECALL_OVERFLOW,https://api.carejourney.example.com/status-update?episode=E0003876
E0005026,P003179,P4_OVERFLOW,previous low medicine collection,पहले दवा कम लेने का इतिहास,"Contact patient within 48h; confirm medicine availability at facility; facilitate pickup/home delivery; if stock-out confirmed, escalate to facility in-charge (system barrier, not patient non-adherence)","48 घंटे के भीतर मरीज से संपर्क करें; अस्पताल में दवा की उपलब्धता की पुष्टि करें; दवा लेने में सहायता करें; यदि दवा नहीं है, तो सुविधा प्रभारी को सूचित करें (सिस्टम बाधा)।",TELECALL_OVERFLOW,https://api.carejourney.example.com/status-update?episode=E0005026
E0000244,P000141,P4_OVERFLOW,advised care components with limited follow-up history,सीमित फॉलो-अप इतिहास,"Contact patient within 48h; confirm medicine availability at facility; facilitate pickup/home delivery; if stock-out confirmed, escalate to facility in-charge (system barrier, not patient non-adherence)","48 घंटे के भीतर मरीज से संपर्क करें; अस्पताल में दवा की उपलब्धता की पुष्टि करें; दवा लेने में सहायता करें; यदि दवा नहीं है, तो सुविधा प्रभारी को सूचित करें (सिस्टम बाधा)।",TELECALL_OVERFLOW,https://api.carejourney.example.com/status-update?episode=E0000244
E0004654,P002932,P4_OVERFLOW,facility medicine availability pressure; previous missed reviews,अस्पताल में दवा की कमी; पहले समीक्षा मिस करने का इतिहास,"Contact patient within 48h; confirm medicine availability at facility; facilitate pickup/home delivery; if stock-out confirmed, escalate to facility in-charge (system barrier, not patient non-adherence)","48 घंटे के भीतर मरीज से संपर्क करें; अस्पताल में दवा की उपलब्धता की पुष्टि करें; दवा लेने में सहायता करें; यदि दवा नहीं है, तो सुविधा प्रभारी को सूचित करें (सिस्टम बाधा)।",TELECALL_OVERFLOW,https://api.carejourney.example.com/status-update?episode=E0004654
E0000397,P000222,P4_OVERFLOW,facility medicine availability pressure; previous missed reviews,अस्पताल में दवा की कमी; पहले समीक्षा मिस करने का इतिहास,Call with test details and where to go; assist scheduling; arrange transport guidance; re-check completion after 7 days,टेस्ट के विवरण और स्थान की जानकारी के लिए कॉल करें; शेड्यूलिंग में सहायता करें; 7 दिनों के बाद पुनः जांच करें।,TELECALL_OVERFLOW,https://api.carejourney.example.com/status-update?episode=E0000397
E0003885,P002446,P4_OVERFLOW,facility medicine availability pressure; previous missed reviews,अस्पताल में दवा की कमी; पहले समीक्षा मिस करने का इतिहास,Call with test details and where to go; assist scheduling; arrange transport guidance; re-check completion after 7 days,टेस्ट के विवरण और स्थान की जानकारी के लिए कॉल करें; शेड्यूलिंग में सहायता करें; 7 दिनों के बाद पुनः जांच करें।,TELECALL_OVERFLOW,https://api.carejourney.example.com/status-update?episode=E0003885
E0001810,P001176,P4_OVERFLOW,advised care components with limited follow-up history,सीमित फॉलो-अप इतिहास,"Contact patient within 48h; confirm medicine availability at facility; facilitate pickup/home delivery; if stock-out confirmed, escalate to facility in-charge (system barrier, not patient non-adherence)","48 घंटे के भीतर मरीज से संपर्क करें; अस्पताल में दवा की उपलब्धता की पुष्टि करें; दवा लेने में सहायता करें; यदि दवा नहीं है, तो सुविधा प्रभारी को सूचित करें (सिस्टम बाधा)।",TELECALL_OVERFLOW,https://api.carejourney.example.com/status-update?episode=E0001810
E0000033,P000017,P4_OVERFLOW,facility medicine availability pressure,अस्पताल में दवा की कमी,Reminder before review due date; help book review slot; home visit if unreachable; follow up within 3 days of missed review,समीक्षा की तारीख से पहले याद दिलाएं; स्लॉट बुक करने में मदद करें; समीक्षा मिस होने के 3 दिनों के भीतर फॉलो-अप करें।,TELECALL_OVERFLOW,https://api.carejourney.example.com/status-update?episode=E0000033
E0003398,P002156,P4_OVERFLOW,facility medicine availability pressure,अस्पताल में दवा की कमी,Reminder before review due date; help book review slot; home visit if unreachable; follow up within 3 days of missed review,समीक्षा की तारीख से पहले याद दिलाएं; स्लॉट बुक करने में मदद करें; समीक्षा मिस होने के 3 दिनों के भीतर फॉलो-अप करें।,TELECALL_OVERFLOW,https://api.carejourney.example.com/status-update?episode=E0003398
E0003537,P002244,P4_OVERFLOW,facility medicine availability pressure; previous low medicine collection; previous missed reviews,अस्पताल में दवा की कमी; पहले दवा कम लेने का इतिहास; पहले समीक्षा मिस करने का इतिहास,Reminder before review due date; help book review slot; home visit if unreachable; follow up within 3 days of missed review,समीक्षा की तारीख से पहले याद दिलाएं; स्लॉट बुक करने में मदद करें; समीक्षा मिस होने के 3 दिनों के भीतर फॉलो-अप करें।,TELECALL_OVERFLOW,https://api.carejourney.example.com/status-update?episode=E0003537
E0001842,P001192,P4_OVERFLOW,advised care components with limited follow-up history,सीमित फॉलो-अप इतिहास,Reminder before review due date; help book review slot; home visit if unreachable; follow up within 3 days of missed review,समीक्षा की तारीख से पहले याद दिलाएं; स्लॉट बुक करने में मदद करें; समीक्षा मिस होने के 3 दिनों के भीतर फॉलो-अप करें।,TELECALL_OVERFLOW,https://api.carejourney.example.com/status-update?episode=E0001842
E0003852,P002419,P4_OVERFLOW,facility medicine availability pressure; previous missed reviews,अस्पताल में दवा की कमी; पहले समीक्षा मिस करने का इतिहास,Reminder before review due date; help book review slot; home visit if unreachable; follow up within 3 days of missed review,समीक्षा की तारीख से पहले याद दिलाएं; स्लॉट बुक करने में मदद करें; समीक्षा मिस होने के 3 दिनों के भीतर फॉलो-अप करें।,TELECALL_OVERFLOW,https://api.carejourney.example.com/status-update?episode=E0003852
E0001809,P001175,P1,long facility distance (28 km); previous missed reviews,अस्पताल की अधिक दूरी (28 किमी); पहले समीक्षा मिस करने का इतिहास,"Contact patient within 48h; confirm medicine availability at facility; facilitate pickup/home delivery; if stock-out confirmed, escalate to facility in-charge (system barrier, not patient non-adherence)","48 घंटे के भीतर मरीज से संपर्क करें; अस्पताल में दवा की उपलब्धता की पुष्टि करें; दवा लेने में सहायता करें; यदि दवा नहीं है, तो सुविधा प्रभारी को सूचित करें (सिस्टम बाधा)।",ASHA,https://api.carejourney.example.com/status-update?episode=E0001809
E0002334,P001484,P1,previously unreachable on outreach; previous incomplete tests,पहले आउटरीच पर संपर्क नहीं हो पाया; पहले अधूरे टेस्ट,"Contact patient within 48h; confirm medicine availability at facility; facilitate pickup/home delivery; if stock-out confirmed, escalate to facility in-charge (system barrier, not patient non-adherence)","48 घंटे के भीतर मरीज से संपर्क करें; अस्पताल में दवा की उपलब्धता की पुष्टि करें; दवा लेने में सहायता करें; यदि दवा नहीं है, तो सुविधा प्रभारी को सूचित करें (सिस्टम बाधा)।",ASHA,https://api.carejourney.example.com/status-update?episode=E0002334
E0005193,P003308,P1,long facility distance (28 km),अस्पताल की अधिक दूरी (28 किमी),"Contact patient within 48h; confirm medicine availability at facility; facilitate pickup/home delivery; if stock-out confirmed, escalate to facility in-charge (system barrier, not patient non-adherence)","48 घंटे के भीतर मरीज से संपर्क करें; अस्पताल में दवा की उपलब्धता की पुष्टि करें; दवा लेने में सहायता करें; यदि दवा नहीं है, तो सुविधा प्रभारी को सूचित करें (सिस्टम बाधा)।",ASHA,https://api.carejourney.example.com/status-update?episode=E0005193
E0003248,P002050,P1,long facility distance (28 km),अस्पताल की अधिक दूरी (28 किमी),"Contact patient within 48h; confirm medicine availability at facility; facilitate pickup/home delivery; if stock-out confirmed, escalate to facility in-charge (system barrier, not patient non-adherence)","48 घंटे के भीतर मरीज से संपर्क करें; अस्पताल में दवा की उपलब्धता की पुष्टि करें; दवा लेने में सहायता करें; यदि दवा नहीं है, तो सुविधा प्रभारी को सूचित करें (सिस्टम बाधा)।",ASHA,https://api.carejourney.example.com/status-update?episode=E0003248
E0001043,P000639,P2,advised care components with limited follow-up history,सीमित फॉलो-अप इतिहास,"Contact patient within 48h; confirm medicine availability at facility; facilitate pickup/home delivery; if stock-out confirmed, escalate to facility in-charge (system barrier, not patient non-adherence)","48 घंटे के भीतर मरीज से संपर्क करें; अस्पताल में दवा की उपलब्धता की पुष्टि करें; दवा लेने में सहायता करें; यदि दवा नहीं है, तो सुविधा प्रभारी को सूचित करें (सिस्टम बाधा)।",ASHA,https://api.carejourney.example.com/status-update?episode=E0001043
E0001347,P000854,P2,long facility distance (28 km); previously unreachable on outreach,अस्पताल की अधिक दूरी (28 किमी); पहले आउटरीच पर संपर्क नहीं हो पाया,"Contact patient within 48h; confirm medicine availability at facility; facilitate pickup/home delivery; if stock-out confirmed, escalate to facility in-charge (system barrier, not patient non-adherence)","48 घंटे के भीतर मरीज से संपर्क करें; अस्पताल में दवा की उपलब्धता की पुष्टि करें; दवा लेने में सहायता करें; यदि दवा नहीं है, तो सुविधा प्रभारी को सूचित करें (सिस्टम बाधा)।",ASHA,https://api.carejourney.example.com/status-update?episode=E0001347
E0002101,P001353,P2,advised care components with limited follow-up history,सीमित फॉलो-अप इतिहास,"Contact patient within 48h; confirm medicine availability at facility; facilitate pickup/home delivery; if stock-out confirmed, escalate to facility in-charge (system barrier, not patient non-adherence)","48 घंटे के भीतर मरीज से संपर्क करें; अस्पताल में दवा की उपलब्धता की पुष्टि करें; दवा लेने में सहायता करें; यदि दवा नहीं है, तो सुविधा प्रभारी को सूचित करें (सिस्टम बाधा)।",ASHA,https://api.carejourney.example.com/status-update?episode=E0002101
E0001594,P001032,P2,previous low medicine collection,पहले दवा कम लेने का इतिहास,"Contact patient within 48h; confirm medicine availability at facility; facilitate pickup/home delivery; if stock-out confirmed, escalate to facility in-charge (system barrier, not patient non-adherence)","48 घंटे के भीतर मरीज से संपर्क करें; अस्पताल में दवा की उपलब्धता की पुष्टि करें; दवा लेने में सहायता करें; यदि दवा नहीं है, तो सुविधा प्रभारी को सूचित करें (सिस्टम बाधा)।",ASHA,https://api.carejourney.example.com/status-update?episode=E0001594
E0004776,P003016,P3,long facility distance (28 km); previous low medicine collection,अस्पताल की अधिक दूरी (28 किमी); पहले दवा कम लेने का इतिहास,Call with test details and where to go; assist scheduling; arrange transport guidance; re-check completion after 7 days,टेस्ट के विवरण और स्थान की जानकारी के लिए कॉल करें; शेड्यूलिंग में सहायता करें; 7 दिनों के बाद पुनः जांच करें।,ASHA,https://api.carejourney.example.com/status-update?episode=E0004776
E0000227,P000129,P3,previous low medicine collection,पहले दवा कम लेने का इतिहास,"Contact patient within 48h; confirm medicine availability at facility; facilitate pickup/home delivery; if stock-out confirmed, escalate to facility in-charge (system barrier, not patient non-adherence)","48 घंटे के भीतर मरीज से संपर्क करें; अस्पताल में दवा की उपलब्धता की पुष्टि करें; दवा लेने में सहायता करें; यदि दवा नहीं है, तो सुविधा प्रभारी को सूचित करें (सिस्टम बाधा)।",ASHA,https://api.carejourney.example.com/status-update?episode=E0000227
E0004015,P002533,P4_OVERFLOW,advised care components with limited follow-up history,सीमित फॉलो-अप इतिहास,Call with test details and where to go; assist scheduling; arrange transport guidance; re-check completion after 7 days,टेस्ट के विवरण और स्थान की जानकारी के लिए कॉल करें; शेड्यूलिंग में सहायता करें; 7 दिनों के बाद पुनः जांच करें।,TELECALL_OVERFLOW,https://api.carejourney.example.com/status-update?episode=E0004015
E0004728,P002985,P4_OVERFLOW,long facility distance (28 km),अस्पताल की अधिक दूरी (28 किमी),Reminder before review due date; help book review slot; home visit if unreachable; follow up within 3 days of missed review,समीक्षा की तारीख से पहले याद दिलाएं; स्लॉट बुक करने में मदद करें; समीक्षा मिस होने के 3 दिनों के भीतर फॉलो-अप करें।,TELECALL_OVERFLOW,https://api.carejourney.example.com/status-update?episode=E0004728
E0001522,P000990,P4_OVERFLOW,long facility distance (28 km),अस्पताल की अधिक दूरी (28 किमी),Reminder before review due date; help book review slot; home visit if unreachable; follow up within 3 days of missed review,समीक्षा की तारीख से पहले याद दिलाएं; स्लॉट बुक करने में मदद करें; समीक्षा मिस होने के 3 दिनों के भीतर फॉलो-अप करें।,TELECALL_OVERFLOW,https://api.carejourney.example.com/status-update?episode=E0001522
E0005363,P003409,P4_OVERFLOW,advised care components with limited follow-up history,सीमित फॉलो-अप इतिहास,Reminder before review due date; help book review slot; home visit if unreachable; follow up within 3 days of missed review,समीक्षा की तारीख से पहले याद दिलाएं; स्लॉट बुक करने में मदद करें; समीक्षा मिस होने के 3 दिनों के भीतर फॉलो-अप करें।,TELECALL_OVERFLOW,https://api.carejourney.example.com/status-update?episode=E0005363
E0004488,P002820,P1,advised care components with limited follow-up history,सीमित फॉलो-अप इतिहास,"Contact patient within 48h; confirm medicine availability at facility; facilitate pickup/home delivery; if stock-out confirmed, escalate to facility in-charge (system barrier, not patient non-adherence)","48 घंटे के भीतर मरीज से संपर्क करें; अस्पताल में दवा की उपलब्धता की पुष्टि करें; दवा लेने में सहायता करें; यदि दवा नहीं है, तो सुविधा प्रभारी को सूचित करें (सिस्टम बाधा)।",ASHA,https://api.carejourney.example.com/status-update?episode=E0004488
E0002192,P001406,P1,previous incomplete tests,पहले अधूरे टेस्ट,"Contact patient within 48h; confirm medicine availability at facility; facilitate pickup/home delivery; if stock-out confirmed, escalate to facility in-charge (system barrier, not patient non-adherence)","48 घंटे के भीतर मरीज से संपर्क करें; अस्पताल में दवा की उपलब्धता की पुष्टि करें; दवा लेने में सहायता करें; यदि दवा नहीं है, तो सुविधा प्रभारी को सूचित करें (सिस्टम बाधा)।",ASHA,https://api.carejourney.example.com/status-update?episode=E0002192
E0002897,P001845,P1,advised care components with limited follow-up history,सीमित फॉलो-अप इतिहास,"Contact patient within 48h; confirm medicine availability at facility; facilitate pickup/home delivery; if stock-out confirmed, escalate to facility in-charge (system barrier, not patient non-adherence)","48 घंटे के भीतर मरीज से संपर्क करें; अस्पताल में दवा की उपलब्धता की पुष्टि करें; दवा लेने में सहायता करें; यदि दवा नहीं है, तो सुविधा प्रभारी को सूचित करें (सिस्टम बाधा)।",ASHA,https://api.carejourney.example.com/status-update?episode=E0002897
E0004385,P002761,P2,previous low medicine collection,पहले दवा कम लेने का इतिहास,"Contact patient within 48h; confirm medicine availability at facility; facilitate pickup/home delivery; if stock-out confirmed, escalate to facility in-charge (system barrier, not patient non-adherence)","48 घंटे के भीतर मरीज से संपर्क करें; अस्पताल में दवा की उपलब्धता की पुष्टि करें; दवा लेने में सहायता करें; यदि दवा नहीं है, तो सुविधा प्रभारी को सूचित करें (सिस्टम बाधा)।",ASHA,https://api.carejourney.example.com/status-update?episode=E0004385
E0004573,P002875,P2,previous low medicine collection; previous incomplete tests,पहले दवा कम लेने का इतिहास; पहले अधूरे टेस्ट,"Contact patient within 48h; confirm medicine availability at facility; facilitate pickup/home delivery; if stock-out confirmed, escalate to facility in-charge (system barrier, not patient non-adherence)","48 घंटे के भीतर मरीज से संपर्क करें; अस्पताल में दवा की उपलब्धता की पुष्टि करें; दवा लेने में सहायता करें; यदि दवा नहीं है, तो सुविधा प्रभारी को सूचित करें (सिस्टम बाधा)।",ASHA,https://api.carejourney.example.com/status-update?episode=E0004573
E0000231,P000133,P2,previous low medicine collection,पहले दवा कम लेने का इतिहास,"Contact patient within 48h; confirm medicine availability at facility; facilitate pickup/home delivery; if stock-out confirmed, escalate to facility in-charge (system barrier, not patient non-adherence)","48 घंटे के भीतर मरीज से संपर्क करें; अस्पताल में दवा की उपलब्धता की पुष्टि करें; दवा लेने में सहायता करें; यदि दवा नहीं है, तो सुविधा प्रभारी को सूचित करें (सिस्टम बाधा)।",ASHA,https://api.carejourney.example.com/status-update?episode=E0000231
E0001149,P000711,P2,advised care components with limited follow-up history,सीमित फॉलो-अप इतिहास,"Contact patient within 48h; confirm medicine availability at facility; facilitate pickup/home delivery; if stock-out confirmed, escalate to facility in-charge (system barrier, not patient non-adherence)","48 घंटे के भीतर मरीज से संपर्क करें; अस्पताल में दवा की उपलब्धता की पुष्टि करें; दवा लेने में सहायता करें; यदि दवा नहीं है, तो सुविधा प्रभारी को सूचित करें (सिस्टम बाधा)।",ASHA,https://api.carejourney.example.com/status-update?episode=E0001149
E0004400,P002773,P2,advised care components with limited follow-up history,सीमित फॉलो-अप इतिहास,"Contact patient within 48h; confirm medicine availability at facility; facilitate pickup/home delivery; if stock-out confirmed, escalate to facility in-charge (system barrier, not patient non-adherence)","48 घंटे के भीतर मरीज से संपर्क करें; अस्पताल में दवा की उपलब्धता की पुष्टि करें; दवा लेने में सहायता करें; यदि दवा नहीं है, तो सुविधा प्रभारी को सूचित करें (सिस्टम बाधा)।",ASHA,https://api.carejourney.example.com/status-update?episode=E0004400
E0002305,P001470,P2,previous low medicine collection,पहले दवा कम लेने का इतिहास,"Contact patient within 48h; confirm medicine availability at facility; facilitate pickup/home delivery; if stock-out confirmed, escalate to facility in-charge (system barrier, not patient non-adherence)","48 घंटे के भीतर मरीज से संपर्क करें; अस्पताल में दवा की उपलब्धता की पुष्टि करें; दवा लेने में सहायता करें; यदि दवा नहीं है, तो सुविधा प्रभारी को सूचित करें (सिस्टम बाधा)।",ASHA,https://api.carejourney.example.com/status-update?episode=E0002305
E0002425,P001547,P2,advised care components with limited follow-up history,सीमित फॉलो-अप इतिहास,"Contact patient within 48h; confirm medicine availability at facility; facilitate pickup/home delivery; if stock-out confirmed, escalate to facility in-charge (system barrier, not patient non-adherence)","48 घंटे के भीतर मरीज से संपर्क करें; अस्पताल में दवा की उपलब्धता की पुष्टि करें; दवा लेने में सहायता करें; यदि दवा नहीं है, तो सुविधा प्रभारी को सूचित करें (सिस्टम बाधा)।",ASHA,https://api.carejourney.example.com/status-update?episode=E0002425
E0003140,P001980,P4_OVERFLOW,advised care components with limited follow-up history,सीमित फॉलो-अप इतिहास,"Contact patient within 48h; confirm medicine availability at facility; facilitate pickup/home delivery; if stock-out confirmed, escalate to facility in-charge (system barrier, not patient non-adherence)","48 घंटे के भीतर मरीज से संपर्क करें; अस्पताल में दवा की उपलब्धता की पुष्टि करें; दवा लेने में सहायता करें; यदि दवा नहीं है, तो सुविधा प्रभारी को सूचित करें (सिस्टम बाधा)।",TELECALL_OVERFLOW,https://api.carejourney.example.com/status-update?episode=E0003140
E0002086,P001344,P4_OVERFLOW,advised care components with limited follow-up history,सीमित फॉलो-अप इतिहास,"Contact patient within 48h; confirm medicine availability at facility; facilitate pickup/home delivery; if stock-out confirmed, escalate to facility in-charge (system barrier, not patient non-adherence)","48 घंटे के भीतर मरीज से संपर्क करें; अस्पताल में दवा की उपलब्धता की पुष्टि करें; दवा लेने में सहायता करें; यदि दवा नहीं है, तो सुविधा प्रभारी को सूचित करें (सिस्टम बाधा)।",TELECALL_OVERFLOW,https://api.carejourney.example.com/status-update?episode=E0002086
E0003785,P002388,P4_OVERFLOW,previous missed reviews,पहले समीक्षा मिस करने का इतिहास,"Contact patient within 48h; confirm medicine availability at facility; facilitate pickup/home delivery; if stock-out confirmed, escalate to facility in-charge (system barrier, not patient non-adherence)","48 घंटे के भीतर मरीज से संपर्क करें; अस्पताल में दवा की उपलब्धता की पुष्टि करें; दवा लेने में सहायता करें; यदि दवा नहीं है, तो सुविधा प्रभारी को सूचित करें (सिस्टम बाधा)।",TELECALL_OVERFLOW,https://api.carejourney.example.com/status-update?episode=E0003785
E0003907,P002455,P4_OVERFLOW,previous low medicine collection; previous missed reviews,पहले दवा कम लेने का इतिहास; पहले समीक्षा मिस करने का इतिहास,"Contact patient within 48h; confirm medicine availability at facility; facilitate pickup/home delivery; if stock-out confirmed, escalate to facility in-charge (system barrier, not patient non-adherence)","48 घंटे के भीतर मरीज से संपर्क करें; अस्पताल में दवा की उपलब्धता की पुष्टि करें; दवा लेने में सहायता करें; यदि दवा नहीं है, तो सुविधा प्रभारी को सूचित करें (सिस्टम बाधा)।",TELECALL_OVERFLOW,https://api.carejourney.example.com/status-update?episode=E0003907
E0001406,P000898,P4_OVERFLOW,advised care components with limited follow-up history,सीमित फॉलो-अप इतिहास,Call with test details and where to go; assist scheduling; arrange transport guidance; re-check completion after 7 days,टेस्ट के विवरण और स्थान की जानकारी के लिए कॉल करें; शेड्यूलिंग में सहायता करें; 7 दिनों के बाद पुनः जांच करें।,TELECALL_OVERFLOW,https://api.carejourney.example.com/status-update?episode=E0001406
E0000728,P000430,P4_OVERFLOW,previous missed reviews,पहले समीक्षा मिस करने का इतिहास,Call with test details and where to go; assist scheduling; arrange transport guidance; re-check completion after 7 days,टेस्ट के विवरण और स्थान की जानकारी के लिए कॉल करें; शेड्यूलिंग में सहायता करें; 7 दिनों के बाद पुनः जांच करें।,TELECALL_OVERFLOW,https://api.carejourney.example.com/status-update?episode=E0000728
E0002631,P001667,P4_OVERFLOW,previous low medicine collection,पहले दवा कम लेने का इतिहास,"Contact patient within 48h; confirm medicine availability at facility; facilitate pickup/home delivery; if stock-out confirmed, escalate to facility in-charge (system barrier, not patient non-adherence)","48 घंटे के भीतर मरीज से संपर्क करें; अस्पताल में दवा की उपलब्धता की पुष्टि करें; दवा लेने में सहायता करें; यदि दवा नहीं है, तो सुविधा प्रभारी को सूचित करें (सिस्टम बाधा)।",TELECALL_OVERFLOW,https://api.carejourney.example.com/status-update?episode=E0002631
E0003335,P002109,P4_OVERFLOW,previous low medicine collection; previously unreachable on outreach,पहले दवा कम लेने का इतिहास; पहले आउटरीच पर संपर्क नहीं हो पाया,Call with test details and where to go; assist scheduling; arrange transport guidance; re-check completion after 7 days,टेस्ट के विवरण और स्थान की जानकारी के लिए कॉल करें; शेड्यूलिंग में सहायता करें; 7 दिनों के बाद पुनः जांच करें।,TELECALL_OVERFLOW,https://api.carejourney.example.com/status-update?episode=E0003335
E0002370,P000752,P4_OVERFLOW,advised care components with limited follow-up history,सीमित फॉलो-अप इतिहास,Reminder before review due date; help book review slot; home visit if unreachable; follow up within 3 days of missed review,समीक्षा की तारीख से पहले याद दिलाएं; स्लॉट बुक करने में मदद करें; समीक्षा मिस होने के 3 दिनों के भीतर फॉलो-अप करें।,TELECALL_OVERFLOW,https://api.carejourney.example.com/status-update?episode=E0002370
E0000121,P000068,P4_OVERFLOW,previous missed reviews,पहले समीक्षा मिस करने का इतिहास,Call with test details and where to go; assist scheduling; arrange transport guidance; re-check completion after 7 days,टेस्ट के विवरण और स्थान की जानकारी के लिए कॉल करें; शेड्यूलिंग में सहायता करें; 7 दिनों के बाद पुनः जांच करें।,TELECALL_OVERFLOW,https://api.carejourney.example.com/status-update?episode=E0000121
E0001336,P000853,P4_OVERFLOW,advised care components with limited follow-up history,सीमित फॉलो-अप इतिहास,Call with test details and where to go; assist scheduling; arrange transport guidance; re-check completion after 7 days,टेस्ट के विवरण और स्थान की जानकारी के लिए कॉल करें; शेड्यूलिंग में सहायता करें; 7 दिनों के बाद पुनः जांच करें।,TELECALL_OVERFLOW,https://api.carejourney.example.com/status-update?episode=E0001336
E0000459,P000265,P4_OVERFLOW,previous low medicine collection; previous missed reviews,पहले दवा कम लेने का इतिहास; पहले समीक्षा मिस करने का इतिहास,Call with test details and where to go; assist scheduling; arrange transport guidance; re-check completion after 7 days,टेस्ट के विवरण और स्थान की जानकारी के लिए कॉल करें; शेड्यूलिंग में सहायता करें; 7 दिनों के बाद पुनः जांच करें।,TELECALL_OVERFLOW,https://api.carejourney.example.com/status-update?episode=E0000459
E0002313,P001472,P4_OVERFLOW,previous low medicine collection,पहले दवा कम लेने का इतिहास,Reminder before review due date; help book review slot; home visit if unreachable; follow up within 3 days of missed review,समीक्षा की तारीख से पहले याद दिलाएं; स्लॉट बुक करने में मदद करें; समीक्षा मिस होने के 3 दिनों के भीतर फॉलो-अप करें।,TELECALL_OVERFLOW,https://api.carejourney.example.com/status-update?episode=E0002313
E0005427,P003462,P4_OVERFLOW,advised care components with limited follow-up history,सीमित फॉलो-अप इतिहास,Reminder before review due date; help book review slot; home visit if unreachable; follow up within 3 days of missed review,समीक्षा की तारीख से पहले याद दिलाएं; स्लॉट बुक करने में मदद करें; समीक्षा मिस होने के 3 दिनों के भीतर फॉलो-अप करें।,TELECALL_OVERFLOW,https://api.carejourney.example.com/status-update?episode=E0005427
E0004378,P002759,P4_OVERFLOW,previous missed reviews,पहले समीक्षा मिस करने का इतिहास,Reminder before review due date; help book review slot; home visit if unreachable; follow up within 3 days of missed review,समीक्षा की तारीख से पहले याद दिलाएं; स्लॉट बुक करने में मदद करें; समीक्षा मिस होने के 3 दिनों के भीतर फॉलो-अप करें।,TELECALL_OVERFLOW,https://api.carejourney.example.com/status-update?episode=E0004378
E0001940,P001245,P4_OVERFLOW,previous low medicine collection,पहले दवा कम लेने का इतिहास,Reminder before review due date; help book review slot; home visit if unreachable; follow up within 3 days of missed review,समीक्षा की तारीख से पहले याद दिलाएं; स्लॉट बुक करने में मदद करें; समीक्षा मिस होने के 3 दिनों के भीतर फॉलो-अप करें।,TELECALL_OVERFLOW,https://api.carejourney.example.com/status-update?episode=E0001940
E0004572,P002873,P1,advised care components with limited follow-up history,सीमित फॉलो-अप इतिहास,"Contact patient within 48h; confirm medicine availability at facility; facilitate pickup/home delivery; if stock-out confirmed, escalate to facility in-charge (system barrier, not patient non-adherence)","48 घंटे के भीतर मरीज से संपर्क करें; अस्पताल में दवा की उपलब्धता की पुष्टि करें; दवा लेने में सहायता करें; यदि दवा नहीं है, तो सुविधा प्रभारी को सूचित करें (सिस्टम बाधा)।",ASHA,https://api.carejourney.example.com/status-update?episode=E0004572
E0004282,P002703,P2,advised care components with limited follow-up history,सीमित फॉलो-अप इतिहास,"Contact patient within 48h; confirm medicine availability at facility; facilitate pickup/home delivery; if stock-out confirmed, escalate to facility in-charge (system barrier, not patient non-adherence)","48 घंटे के भीतर मरीज से संपर्क करें; अस्पताल में दवा की उपलब्धता की पुष्टि करें; दवा लेने में सहायता करें; यदि दवा नहीं है, तो सुविधा प्रभारी को सूचित करें (सिस्टम बाधा)।",ASHA,https://api.carejourney.example.com/status-update?episode=E0004282
E0000911,P000545,P2,previously unreachable on outreach; previous incomplete tests,पहले आउटरीच पर संपर्क नहीं हो पाया; पहले अधूरे टेस्ट,"Contact patient within 48h; confirm medicine availability at facility; facilitate pickup/home delivery; if stock-out confirmed, escalate to facility in-charge (system barrier, not patient non-adherence)","48 घंटे के भीतर मरीज से संपर्क करें; अस्पताल में दवा की उपलब्धता की पुष्टि करें; दवा लेने में सहायता करें; यदि दवा नहीं है, तो सुविधा प्रभारी को सूचित करें (सिस्टम बाधा)।",ASHA,https://api.carejourney.example.com/status-update?episode=E0000911
E0000881,P000512,P3,advised care components with limited follow-up history,सीमित फॉलो-अप इतिहास,"Contact patient within 48h; confirm medicine availability at facility; facilitate pickup/home delivery; if stock-out confirmed, escalate to facility in-charge (system barrier, not patient non-adherence)","48 घंटे के भीतर मरीज से संपर्क करें; अस्पताल में दवा की उपलब्धता की पुष्टि करें; दवा लेने में सहायता करें; यदि दवा नहीं है, तो सुविधा प्रभारी को सूचित करें (सिस्टम बाधा)।",ASHA,https://api.carejourney.example.com/status-update?episode=E0000881
E0004463,P002812,P3,previous low medicine collection; previously unreachable on outreach,पहले दवा कम लेने का इतिहास; पहले आउटरीच पर संपर्क नहीं हो पाया,"Contact patient within 48h; confirm medicine availability at facility; facilitate pickup/home delivery; if stock-out confirmed, escalate to facility in-charge (system barrier, not patient non-adherence)","48 घंटे के भीतर मरीज से संपर्क करें; अस्पताल में दवा की उपलब्धता की पुष्टि करें; दवा लेने में सहायता करें; यदि दवा नहीं है, तो सुविधा प्रभारी को सूचित करें (सिस्टम बाधा)।",ASHA,https://api.carejourney.example.com/status-update?episode=E0004463
E0003362,P002131,P3,previous low medicine collection,पहले दवा कम लेने का इतिहास,"Contact patient within 48h; confirm medicine availability at facility; facilitate pickup/home delivery; if stock-out confirmed, escalate to facility in-charge (system barrier, not patient non-adherence)","48 घंटे के भीतर मरीज से संपर्क करें; अस्पताल में दवा की उपलब्धता की पुष्टि करें; दवा लेने में सहायता करें; यदि दवा नहीं है, तो सुविधा प्रभारी को सूचित करें (सिस्टम बाधा)।",ASHA,https://api.carejourney.example.com/status-update?episode=E0003362
E0003860,P002424,P3,previous missed reviews,पहले समीक्षा मिस करने का इतिहास,"Contact patient within 48h; confirm medicine availability at facility; facilitate pickup/home delivery; if stock-out confirmed, escalate to facility in-charge (system barrier, not patient non-adherence)","48 घंटे के भीतर मरीज से संपर्क करें; अस्पताल में दवा की उपलब्धता की पुष्टि करें; दवा लेने में सहायता करें; यदि दवा नहीं है, तो सुविधा प्रभारी को सूचित करें (सिस्टम बाधा)।",ASHA,https://api.carejourney.example.com/status-update?episode=E0003860
E0001434,,P3,advised care components with limited follow-up history,सीमित फॉलो-अप इतिहास,"Contact patient within 48h; confirm medicine availability at facility; facilitate pickup/home delivery; if stock-out confirmed, escalate to facility in-charge (system barrier, not patient non-adherence)","48 घंटे के भीतर मरीज से संपर्क करें; अस्पताल में दवा की उपलब्धता की पुष्टि करें; दवा लेने में सहायता करें; यदि दवा नहीं है, तो सुविधा प्रभारी को सूचित करें (सिस्टम बाधा)।",ASHA,https://api.carejourney.example.com/status-update?episode=E0001434
E0002602,P001654,P3,previous low medicine collection; previous missed reviews,पहले दवा कम लेने का इतिहास; पहले समीक्षा मिस करने का इतिहास,"Contact patient within 48h; confirm medicine availability at facility; facilitate pickup/home delivery; if stock-out confirmed, escalate to facility in-charge (system barrier, not patient non-adherence)","48 घंटे के भीतर मरीज से संपर्क करें; अस्पताल में दवा की उपलब्धता की पुष्टि करें; दवा लेने में सहायता करें; यदि दवा नहीं है, तो सुविधा प्रभारी को सूचित करें (सिस्टम बाधा)।",ASHA,https://api.carejourney.example.com/status-update?episode=E0002602
E0001634,P001058,P3,previous low medicine collection; previous missed reviews,पहले दवा कम लेने का इतिहास; पहले समीक्षा मिस करने का इतिहास,Call with test details and where to go; assist scheduling; arrange transport guidance; re-check completion after 7 days,टेस्ट के विवरण और स्थान की जानकारी के लिए कॉल करें; शेड्यूलिंग में सहायता करें; 7 दिनों के बाद पुनः जांच करें।,ASHA,https://api.carejourney.example.com/status-update?episode=E0001634
E0003365,P002133,P4_OVERFLOW,previous missed reviews; previous incomplete tests,पहले समीक्षा मिस करने का इतिहास; पहले अधूरे टेस्ट,Call with test details and where to go; assist scheduling; arrange transport guidance; re-check completion after 7 days,टेस्ट के विवरण और स्थान की जानकारी के लिए कॉल करें; शेड्यूलिंग में सहायता करें; 7 दिनों के बाद पुनः जांच करें।,TELECALL_OVERFLOW,https://api.carejourney.example.com/status-update?episode=E0003365
E0002140,P001372,P4_OVERFLOW,advised care components with limited follow-up history,सीमित फॉलो-अप इतिहास,Call with test details and where to go; assist scheduling; arrange transport guidance; re-check completion after 7 days,टेस्ट के विवरण और स्थान की जानकारी के लिए कॉल करें; शेड्यूलिंग में सहायता करें; 7 दिनों के बाद पुनः जांच करें।,TELECALL_OVERFLOW,https://api.carejourney.example.com/status-update?episode=E0002140
E0005387,P003431,P4_OVERFLOW,advised care components with limited follow-up history,सीमित फॉलो-अप इतिहास,Call with test details and where to go; assist scheduling; arrange transport guidance; re-check completion after 7 days,टेस्ट के विवरण और स्थान की जानकारी के लिए कॉल करें; शेड्यूलिंग में सहायता करें; 7 दिनों के बाद पुनः जांच करें।,TELECALL_OVERFLOW,https://api.carejourney.example.com/status-update?episode=E0005387
E0000473,P000276,P4_OVERFLOW,previous missed reviews,पहले समीक्षा मिस करने का इतिहास,Call with test details and where to go; assist scheduling; arrange transport guidance; re-check completion after 7 days,टेस्ट के विवरण और स्थान की जानकारी के लिए कॉल करें; शेड्यूलिंग में सहायता करें; 7 दिनों के बाद पुनः जांच करें।,TELECALL_OVERFLOW,https://api.carejourney.example.com/status-update?episode=E0000473
E0003103,P001959,P1,long facility distance (28 km),अस्पताल की अधिक दूरी (28 किमी),"Contact patient within 48h; confirm medicine availability at facility; facilitate pickup/home delivery; if stock-out confirmed, escalate to facility in-charge (system barrier, not patient non-adherence)","48 घंटे के भीतर मरीज से संपर्क करें; अस्पताल में दवा की उपलब्धता की पुष्टि करें; दवा लेने में सहायता करें; यदि दवा नहीं है, तो सुविधा प्रभारी को सूचित करें (सिस्टम बाधा)।",ASHA,https://api.carejourney.example.com/status-update?episode=E0003103
E0002885,P001841,P1,long facility distance (28 km),अस्पताल की अधिक दूरी (28 किमी),"Contact patient within 48h; confirm medicine availability at facility; facilitate pickup/home delivery; if stock-out confirmed, escalate to facility in-charge (system barrier, not patient non-adherence)","48 घंटे के भीतर मरीज से संपर्क करें; अस्पताल में दवा की उपलब्धता की पुष्टि करें; दवा लेने में सहायता करें; यदि दवा नहीं है, तो सुविधा प्रभारी को सूचित करें (सिस्टम बाधा)।",ASHA,https://api.carejourney.example.com/status-update?episode=E0002885
E0004514,P002830,P1,long facility distance (28 km); previously unreachable on outreach,अस्पताल की अधिक दूरी (28 किमी); पहले आउटरीच पर संपर्क नहीं हो पाया,"Contact patient within 48h; confirm medicine availability at facility; facilitate pickup/home delivery; if stock-out confirmed, escalate to facility in-charge (system barrier, not patient non-adherence)","48 घंटे के भीतर मरीज से संपर्क करें; अस्पताल में दवा की उपलब्धता की पुष्टि करें; दवा लेने में सहायता करें; यदि दवा नहीं है, तो सुविधा प्रभारी को सूचित करें (सिस्टम बाधा)।",ASHA,https://api.carejourney.example.com/status-update?episode=E0004514
E0002239,P001427,P1,long facility distance (36 km); previous missed reviews,अस्पताल की अधिक दूरी (36 किमी); पहले समीक्षा मिस करने का इतिहास,"Contact patient within 48h; confirm medicine availability at facility; facilitate pickup/home delivery; if stock-out confirmed, escalate to facility in-charge (system barrier, not patient non-adherence)","48 घंटे के भीतर मरीज से संपर्क करें; अस्पताल में दवा की उपलब्धता की पुष्टि करें; दवा लेने में सहायता करें; यदि दवा नहीं है, तो सुविधा प्रभारी को सूचित करें (सिस्टम बाधा)।",ASHA,https://api.carejourney.example.com/status-update?episode=E0002239
E0005098,P003229,P1,long facility distance (36 km); previous missed reviews; previously unreachable on outreach,अस्पताल की अधिक दूरी (36 किमी); पहले समीक्षा मिस करने का इतिहास; पहले आउटरीच पर संपर्क नहीं हो पाया,"Contact patient within 48h; confirm medicine availability at facility; facilitate pickup/home delivery; if stock-out confirmed, escalate to facility in-charge (system barrier, not patient non-adherence)","48 घंटे के भीतर मरीज से संपर्क करें; अस्पताल में दवा की उपलब्धता की पुष्टि करें; दवा लेने में सहायता करें; यदि दवा नहीं है, तो सुविधा प्रभारी को सूचित करें (सिस्टम बाधा)।",ASHA,https://api.carejourney.example.com/status-update?episode=E0005098
E0000014,P000010,P1,long facility distance (36 km),अस्पताल की अधिक दूरी (36 किमी),"Contact patient within 48h; confirm medicine availability at facility; facilitate pickup/home delivery; if stock-out confirmed, escalate to facility in-charge (system barrier, not patient non-adherence)","48 घंटे के भीतर मरीज से संपर्क करें; अस्पताल में दवा की उपलब्धता की पुष्टि करें; दवा लेने में सहायता करें; यदि दवा नहीं है, तो सुविधा प्रभारी को सूचित करें (सिस्टम बाधा)।",ASHA,https://api.carejourney.example.com/status-update?episode=E0000014
E0002149,P001378,P1,long facility distance (36 km); previous low medicine collection,अस्पताल की अधिक दूरी (36 किमी); पहले दवा कम लेने का इतिहास,"Contact patient within 48h; confirm medicine availability at facility; facilitate pickup/home delivery; if stock-out confirmed, escalate to facility in-charge (system barrier, not patient non-adherence)","48 घंटे के भीतर मरीज से संपर्क करें; अस्पताल में दवा की उपलब्धता की पुष्टि करें; दवा लेने में सहायता करें; यदि दवा नहीं है, तो सुविधा प्रभारी को सूचित करें (सिस्टम बाधा)।",ASHA,https://api.carejourney.example.com/status-update?episode=E0002149
E0001922,P001234,P1,long facility distance (28 km); previous low medicine collection; previously unreachable on outreach,अस्पताल की अधिक दूरी (28 किमी); पहले दवा कम लेने का इतिहास; पहले आउटरीच पर संपर्क नहीं हो पाया,"Contact patient within 48h; confirm medicine availability at facility; facilitate pickup/home delivery; if stock-out confirmed, escalate to facility in-charge (system barrier, not patient non-adherence)","48 घंटे के भीतर मरीज से संपर्क करें; अस्पताल में दवा की उपलब्धता की पुष्टि करें; दवा लेने में सहायता करें; यदि दवा नहीं है, तो सुविधा प्रभारी को सूचित करें (सिस्टम बाधा)।",ASHA,https://api.carejourney.example.com/status-update?episode=E0001922
E0001084,P000669,P1,long facility distance (36 km); previous low medicine collection; previous missed reviews,अस्पताल की अधिक दूरी (36 किमी); पहले दवा कम लेने का इतिहास; पहले समीक्षा मिस करने का इतिहास,"Contact patient within 48h; confirm medicine availability at facility; facilitate pickup/home delivery; if stock-out confirmed, escalate to facility in-charge (system barrier, not patient non-adherence)","48 घंटे के भीतर मरीज से संपर्क करें; अस्पताल में दवा की उपलब्धता की पुष्टि करें; दवा लेने में सहायता करें; यदि दवा नहीं है, तो सुविधा प्रभारी को सूचित करें (सिस्टम बाधा)।",ASHA,https://api.carejourney.example.com/status-update?episode=E0001084
E0005404,P003441,P1,advised care components with limited follow-up history,सीमित फॉलो-अप इतिहास,"Contact patient within 48h; confirm medicine availability at facility; facilitate pickup/home delivery; if stock-out confirmed, escalate to facility in-charge (system barrier, not patient non-adherence)","48 घंटे के भीतर मरीज से संपर्क करें; अस्पताल में दवा की उपलब्धता की पुष्टि करें; दवा लेने में सहायता करें; यदि दवा नहीं है, तो सुविधा प्रभारी को सूचित करें (सिस्टम बाधा)।",ASHA,https://api.carejourney.example.com/status-update?episode=E0005404
E0001834,P001187,P4_OVERFLOW,long facility distance (28 km),अस्पताल की अधिक दूरी (28 किमी),"Contact patient within 48h; confirm medicine availability at facility; facilitate pickup/home delivery; if stock-out confirmed, escalate to facility in-charge (system barrier, not patient non-adherence)","48 घंटे के भीतर मरीज से संपर्क करें; अस्पताल में दवा की उपलब्धता की पुष्टि करें; दवा लेने में सहायता करें; यदि दवा नहीं है, तो सुविधा प्रभारी को सूचित करें (सिस्टम बाधा)।",TELECALL_OVERFLOW,https://api.carejourney.example.com/status-update?episode=E0001834
E0004061,P002559,P4_OVERFLOW,long facility distance (28 km),अस्पताल की अधिक दूरी (28 किमी),"Contact patient within 48h; confirm medicine availability at facility; facilitate pickup/home delivery; if stock-out confirmed, escalate to facility in-charge (system barrier, not patient non-adherence)","48 घंटे के भीतर मरीज से संपर्क करें; अस्पताल में दवा की उपलब्धता की पुष्टि करें; दवा लेने में सहायता करें; यदि दवा नहीं है, तो सुविधा प्रभारी को सूचित करें (सिस्टम बाधा)।",TELECALL_OVERFLOW,https://api.carejourney.example.com/status-update?episode=E0004061
E0005002,P003166,P4_OVERFLOW,advised care components with limited follow-up history,सीमित फॉलो-अप इतिहास,"Contact patient within 48h; confirm medicine availability at facility; facilitate pickup/home delivery; if stock-out confirmed, escalate to facility in-charge (system barrier, not patient non-adherence)","48 घंटे के भीतर मरीज से संपर्क करें; अस्पताल में दवा की उपलब्धता की पुष्टि करें; दवा लेने में सहायता करें; यदि दवा नहीं है, तो सुविधा प्रभारी को सूचित करें (सिस्टम बाधा)।",TELECALL_OVERFLOW,https://api.carejourney.example.com/status-update?episode=E0005002
E0001179,P000733,P4_OVERFLOW,advised care components with limited follow-up history,सीमित फॉलो-अप इतिहास,"Contact patient within 48h; confirm medicine availability at facility; facilitate pickup/home delivery; if stock-out confirmed, escalate to facility in-charge (system barrier, not patient non-adherence)","48 घंटे के भीतर मरीज से संपर्क करें; अस्पताल में दवा की उपलब्धता की पुष्टि करें; दवा लेने में सहायता करें; यदि दवा नहीं है, तो सुविधा प्रभारी को सूचित करें (सिस्टम बाधा)।",TELECALL_OVERFLOW,https://api.carejourney.example.com/status-update?episode=E0001179
E0005192,P003306,P4_OVERFLOW,long facility distance (28 km); previous low medicine collection; previously unreachable on outreach,अस्पताल की अधिक दूरी (28 किमी); पहले दवा कम लेने का इतिहास; पहले आउटरीच पर संपर्क नहीं हो पाया,"Contact patient within 48h; confirm medicine availability at facility; facilitate pickup/home delivery; if stock-out confirmed, escalate to facility in-charge (system barrier, not patient non-adherence)","48 घंटे के भीतर मरीज से संपर्क करें; अस्पताल में दवा की उपलब्धता की पुष्टि करें; दवा लेने में सहायता करें; यदि दवा नहीं है, तो सुविधा प्रभारी को सूचित करें (सिस्टम बाधा)।",TELECALL_OVERFLOW,https://api.carejourney.example.com/status-update?episode=E0005192
E0004135,P002600,P4_OVERFLOW,long facility distance (36 km),अस्पताल की अधिक दूरी (36 किमी),"Contact patient within 48h; confirm medicine availability at facility; facilitate pickup/home delivery; if stock-out confirmed, escalate to facility in-charge (system barrier, not patient non-adherence)","48 घंटे के भीतर मरीज से संपर्क करें; अस्पताल में दवा की उपलब्धता की पुष्टि करें; दवा लेने में सहायता करें; यदि दवा नहीं है, तो सुविधा प्रभारी को सूचित करें (सिस्टम बाधा)।",TELECALL_OVERFLOW,https://api.carejourney.example.com/status-update?episode=E0004135
E0004297,P002709,P4_OVERFLOW,long facility distance (36 km); previous low medicine collection; previous missed reviews,अस्पताल की अधिक दूरी (36 किमी); पहले दवा कम लेने का इतिहास; पहले समीक्षा मिस करने का इतिहास,"Contact patient within 48h; confirm medicine availability at facility; facilitate pickup/home delivery; if stock-out confirmed, escalate to facility in-charge (system barrier, not patient non-adherence)","48 घंटे के भीतर मरीज से संपर्क करें; अस्पताल में दवा की उपलब्धता की पुष्टि करें; दवा लेने में सहायता करें; यदि दवा नहीं है, तो सुविधा प्रभारी को सूचित करें (सिस्टम बाधा)।",TELECALL_OVERFLOW,https://api.carejourney.example.com/status-update?episode=E0004297
E0002783,P001775,P4_OVERFLOW,previous missed reviews,पहले समीक्षा मिस करने का इतिहास,"Contact patient within 48h; confirm medicine availability at facility; facilitate pickup/home delivery; if stock-out confirmed, escalate to facility in-charge (system barrier, not patient non-adherence)","48 घंटे के भीतर मरीज से संपर्क करें; अस्पताल में दवा की उपलब्धता की पुष्टि करें; दवा लेने में सहायता करें; यदि दवा नहीं है, तो सुविधा प्रभारी को सूचित करें (सिस्टम बाधा)।",TELECALL_OVERFLOW,https://api.carejourney.example.com/status-update?episode=E0002783
E0004261,P002684,P4_OVERFLOW,advised care components with limited follow-up history,सीमित फॉलो-अप इतिहास,"Contact patient within 48h; confirm medicine availability at facility; facilitate pickup/home delivery; if stock-out confirmed, escalate to facility in-charge (system barrier, not patient non-adherence)","48 घंटे के भीतर मरीज से संपर्क करें; अस्पताल में दवा की उपलब्धता की पुष्टि करें; दवा लेने में सहायता करें; यदि दवा नहीं है, तो सुविधा प्रभारी को सूचित करें (सिस्टम बाधा)।",TELECALL_OVERFLOW,https://api.carejourney.example.com/status-update?episode=E0004261
E0003003,P001906,P4_OVERFLOW,advised care components with limited follow-up history,सीमित फॉलो-अप इतिहास,"Contact patient within 48h; confirm medicine availability at facility; facilitate pickup/home delivery; if stock-out confirmed, escalate to facility in-charge (system barrier, not patient non-adherence)","48 घंटे के भीतर मरीज से संपर्क करें; अस्पताल में दवा की उपलब्धता की पुष्टि करें; दवा लेने में सहायता करें; यदि दवा नहीं है, तो सुविधा प्रभारी को सूचित करें (सिस्टम बाधा)।",TELECALL_OVERFLOW,https://api.carejourney.example.com/status-update?episode=E0003003
E0002189,P001406,P4_OVERFLOW,previous incomplete tests,पहले अधूरे टेस्ट,Call with test details and where to go; assist scheduling; arrange transport guidance; re-check completion after 7 days,टेस्ट के विवरण और स्थान की जानकारी के लिए कॉल करें; शेड्यूलिंग में सहायता करें; 7 दिनों के बाद पुनः जांच करें।,TELECALL_OVERFLOW,https://api.carejourney.example.com/status-update?episode=E0002189
E0000230,P000133,P4_OVERFLOW,previous low medicine collection,पहले दवा कम लेने का इतिहास,"Contact patient within 48h; confirm medicine availability at facility; facilitate pickup/home delivery; if stock-out confirmed, escalate to facility in-charge (system barrier, not patient non-adherence)","48 घंटे के भीतर मरीज से संपर्क करें; अस्पताल में दवा की उपलब्धता की पुष्टि करें; दवा लेने में सहायता करें; यदि दवा नहीं है, तो सुविधा प्रभारी को सूचित करें (सिस्टम बाधा)।",TELECALL_OVERFLOW,https://api.carejourney.example.com/status-update?episode=E0000230
E0004718,P002980,P4_OVERFLOW,previously unreachable on outreach,पहले आउटरीच पर संपर्क नहीं हो पाया,Reminder before review due date; help book review slot; home visit if unreachable; follow up within 3 days of missed review,समीक्षा की तारीख से पहले याद दिलाएं; स्लॉट बुक करने में मदद करें; समीक्षा मिस होने के 3 दिनों के भीतर फॉलो-अप करें।,TELECALL_OVERFLOW,https://api.carejourney.example.com/status-update?episode=E0004718
E0000318,P000177,P4_OVERFLOW,previous missed reviews,पहले समीक्षा मिस करने का इतिहास,Reminder before review due date; help book review slot; home visit if unreachable; follow up within 3 days of missed review,समीक्षा की तारीख से पहले याद दिलाएं; स्लॉट बुक करने में मदद करें; समीक्षा मिस होने के 3 दिनों के भीतर फॉलो-अप करें।,TELECALL_OVERFLOW,https://api.carejourney.example.com/status-update?episode=E0000318
E0004269,P002689,P4_OVERFLOW,previous low medicine collection; previous missed reviews,पहले दवा कम लेने का इतिहास; पहले समीक्षा मिस करने का इतिहास,Reminder before review due date; help book review slot; home visit if unreachable; follow up within 3 days of missed review,समीक्षा की तारीख से पहले याद दिलाएं; स्लॉट बुक करने में मदद करें; समीक्षा मिस होने के 3 दिनों के भीतर फॉलो-अप करें।,TELECALL_OVERFLOW,https://api.carejourney.example.com/status-update?episode=E0004269
E0003305,P002094,P4_OVERFLOW,advised care components with limited follow-up history,सीमित फॉलो-अप इतिहास,Reminder before review due date; help book review slot; home visit if unreachable; follow up within 3 days of missed review,समीक्षा की तारीख से पहले याद दिलाएं; स्लॉट बुक करने में मदद करें; समीक्षा मिस होने के 3 दिनों के भीतर फॉलो-अप करें।,TELECALL_OVERFLOW,https://api.carejourney.example.com/status-update?episode=E0003305
E0005391,P003435,P4_OVERFLOW,advised care components with limited follow-up history,सीमित फॉलो-अप इतिहास,Reminder before review due date; help book review slot; home visit if unreachable; follow up within 3 days of missed review,समीक्षा की तारीख से पहले याद दिलाएं; स्लॉट बुक करने में मदद करें; समीक्षा मिस होने के 3 दिनों के भीतर फॉलो-अप करें।,TELECALL_OVERFLOW,https://api.carejourney.example.com/status-update?episode=E0005391
